"GEO_ID","NAME","B23025_001E","B23025_001M","B23025_002E","B23025_002M","B23025_003E","B23025_003M","B23025_004E","B23025_004M","B23025_005E","B23025_005M","B23025_006E","B23025_006M","B23025_007E","B23025_007M",
"Geography","Geographic Area Name","Estimate!!Total:","Margin of Error!!Total:","Estimate!!Total:!!In labor force:","Margin of Error!!Total:!!In labor force:","Estimate!!Total:!!In labor force:!!Civilian labor force:","Margin of Error!!Total:!!In labor force:!!Civilian labor force:","Estimate!!Total:!!In labor force:!!Civilian labor force:!!Employed","Margin of Error!!Total:!!In labor force:!!Civilian labor force:!!Employed","Estimate!!Total:!!In labor force:!!Civilian labor force:!!Unemployed","Margin of Error!!Total:!!In labor force:!!Civilian labor force:!!Unemployed","Estimate!!Total:!!In labor force:!!Armed Forces","Margin of Error!!Total:!!In labor force:!!Armed Forces","Estimate!!Total:!!Not in labor force","Margin of Error!!Total:!!Not in labor force",
"1400000US25001010100","Census Tract 101; Barnstable County; Massachusetts","3602","44","2513","232","2513","232","2332","251","181","94","0","14","1089","226",
"1400000US25001010206","Census Tract 102.06; Barnstable County; Massachusetts","3810","333","1968","263","1968","263","1790","273","178","110","0","14","1842","318",
"1400000US25001010208","Census Tract 102.08; Barnstable County; Massachusetts","1529","316","806","265","806","265","806","265","0","14","0","14","723","271",
"1400000US25001010304","Census Tract 103.04; Barnstable County; Massachusetts","2436","280","1061","260","1061","260","983","269","78","82","0","14","1375","234",
"1400000US25001010306","Census Tract 103.06; Barnstable County; Massachusetts","2784","265","1550","260","1550","260","1375","264","175","110","0","14","1234","272",
"1400000US25001010400","Census Tract 104; Barnstable County; Massachusetts","2967","407","1342","301","1342","301","1324","299","18","28","0","14","1625","446",
"1400000US25001010500","Census Tract 105; Barnstable County; Massachusetts","2912","345","1333","327","1333","327","1265","308","68","73","0","14","1579","236",
"1400000US25001010600","Census Tract 106; Barnstable County; Massachusetts","3241","290","1446","258","1446","258","1383","255","63","44","0","14","1795","259",
"1400000US25001010700","Census Tract 107; Barnstable County; Massachusetts","2938","272","1359","215","1353","217","1307","219","46","35","6","7","1579","266",
"1400000US25001010800","Census Tract 108; Barnstable County; Massachusetts","4321","452","2342","392","2342","392","1995","332","347","306","0","14","1979","341",
"1400000US25001010900","Census Tract 109; Barnstable County; Massachusetts","5012","453","2587","369","2587","369","2397","358","190","133","0","19","2425","369",
"1400000US25001011002","Census Tract 110.02; Barnstable County; Massachusetts","3946","407","2348","364","2348","364","2197","397","151","86","0","14","1598","171",
"1400000US25001011100","Census Tract 111; Barnstable County; Massachusetts","4632","536","2925","489","2925","489","2869","490","56","44","0","19","1707","262",
"1400000US25001011200","Census Tract 112; Barnstable County; Massachusetts","3734","415","2029","390","2029","390","1892","347","137","95","0","14","1705","343",
"1400000US25001011300","Census Tract 113; Barnstable County; Massachusetts","2484","534","1160","415","1160","415","1133","412","27","36","0","14","1324","254",
"1400000US25001011400","Census Tract 114; Barnstable County; Massachusetts","2960","327","1435","267","1435","267","1358","258","77","71","0","14","1525","287",
"1400000US25001011500","Census Tract 115; Barnstable County; Massachusetts","3669","500","2296","383","2296","383","2259","387","37","48","0","14","1373","351",
"1400000US25001011600","Census Tract 116; Barnstable County; Massachusetts","2750","390","1797","310","1789","310","1596","301","193","130","8","14","953","208",
"1400000US25001011700","Census Tract 117; Barnstable County; Massachusetts","1748","348","732","217","732","217","723","214","9","11","0","14","1016","238",
"1400000US25001011801","Census Tract 118.01; Barnstable County; Massachusetts","2402","307","1061","259","1061","259","1042","258","19","21","0","14","1341","232",
"1400000US25001011802","Census Tract 118.02; Barnstable County; Massachusetts","4301","391","2797","352","2797","352","2650","321","147","89","0","14","1504","257",
"1400000US25001012001","Census Tract 120.01; Barnstable County; Massachusetts","5823","730","3311","552","3311","552","3035","467","276","214","0","19","2512","528",
"1400000US25001012002","Census Tract 120.02; Barnstable County; Massachusetts","2719","351","1557","309","1555","310","1462","264","93","107","2","8","1162","244",
"1400000US25001012101","Census Tract 121.01; Barnstable County; Massachusetts","4229","467","2754","400","2754","400","2583","410","171","157","0","19","1475","339",
"1400000US25001012102","Census Tract 121.02; Barnstable County; Massachusetts","2766","409","1319","268","1319","268","1238","249","81","67","0","14","1447","285",
"1400000US25001012200","Census Tract 122; Barnstable County; Massachusetts","4417","532","2690","516","2690","516","2651","517","39","40","0","19","1727","343",
"1400000US25001012502","Census Tract 125.02; Barnstable County; Massachusetts","3225","464","1995","384","1995","384","1909","354","86","96","0","14","1230","273",
"1400000US25001012601","Census Tract 126.01; Barnstable County; Massachusetts","2635","395","1619","274","1619","274","1524","223","95","104","0","14","1016","214",
"1400000US25001012602","Census Tract 126.02; Barnstable County; Massachusetts","4236","630","3225","658","3225","658","3119","664","106","94","0","19","1011","248",
"1400000US25001012700","Census Tract 127; Barnstable County; Massachusetts","4208","612","2388","557","2388","557","2345","566","43","69","0","14","1820","414",
"1400000US25001012800","Census Tract 128; Barnstable County; Massachusetts","3274","441","2141","432","2141","432","2023","409","118","118","0","14","1133","193",
"1400000US25001012900","Census Tract 129; Barnstable County; Massachusetts","3837","594","2432","373","2415","377","2319","360","96","75","17","27","1405","475",
"1400000US25001013002","Census Tract 130.02; Barnstable County; Massachusetts","2935","418","1573","280","1573","280","1542","280","31","27","0","14","1362","297",
"1400000US25001013100","Census Tract 131; Barnstable County; Massachusetts","5252","592","3254","457","3254","457","3146","462","108","80","0","19","1998","439",
"1400000US25001013200","Census Tract 132; Barnstable County; Massachusetts","4975","681","2974","615","2974","615","2907","616","67","51","0","19","2001","370",
"1400000US25001013300","Census Tract 133; Barnstable County; Massachusetts","2814","311","1258","260","1258","260","1214","255","44","37","0","14","1556","207",
"1400000US25001013400","Census Tract 134; Barnstable County; Massachusetts","3591","492","2102","285","2102","285","2039","272","63","45","0","14","1489","401",
"1400000US25001013500","Census Tract 135; Barnstable County; Massachusetts","6095","681","4652","715","4652","715","4580","714","72","60","0","19","1443","316",
"1400000US25001013600","Census Tract 136; Barnstable County; Massachusetts","5048","528","3339","482","3314","490","3192","475","122","85","25","40","1709","438",
"1400000US25001013700","Census Tract 137; Barnstable County; Massachusetts","3830","425","2452","379","2403","362","2347","358","56","42","49","76","1378","222",
"1400000US25001013800","Census Tract 138; Barnstable County; Massachusetts","4600","536","3146","464","3146","464","3017","455","129","82","0","19","1454","427",
"1400000US25001013900","Census Tract 139; Barnstable County; Massachusetts","4674","593","2959","573","2944","574","2614","524","330","161","15","31","1715","266",
"1400000US25001014002","Census Tract 140.02; Barnstable County; Massachusetts","4018","619","2263","425","2246","427","2154","418","92","83","17","30","1755","392",
"1400000US25001014100","Census Tract 141; Barnstable County; Massachusetts","674","178","429","113","237","67","233","67","4","6","192","90","245","88",
"1400000US25001014300","Census Tract 143; Barnstable County; Massachusetts","3216","410","1764","362","1597","299","1474","283","123","77","167","246","1452","242",
"1400000US25001014402","Census Tract 144.02; Barnstable County; Massachusetts","6138","649","3910","425","3910","425","3502","406","408","222","0","19","2228","416",
"1400000US25001014500","Census Tract 145; Barnstable County; Massachusetts","5275","691","3213","516","3101","548","2961","544","140","159","112","123","2062","420",
"1400000US25001014600","Census Tract 146; Barnstable County; Massachusetts","4092","586","2432","498","2371","477","2243","475","128","65","61","83","1660","308",
"1400000US25001014700","Census Tract 147; Barnstable County; Massachusetts","3633","608","1956","387","1956","387","1853","387","103","58","0","14","1677","330",
"1400000US25001014800","Census Tract 148; Barnstable County; Massachusetts","3349","395","1443","287","1430","283","1394","286","36","37","13","30","1906","309",
"1400000US25001014900","Census Tract 149; Barnstable County; Massachusetts","3317","398","1542","323","1542","323","1470","306","72","65","0","14","1775","273",
"1400000US25001015001","Census Tract 150.01; Barnstable County; Massachusetts","4105","362","2680","333","2672","335","2553","326","119","78","8","12","1425","253",
"1400000US25001015002","Census Tract 150.02; Barnstable County; Massachusetts","3712","481","1851","369","1840","371","1717","364","123","77","11","21","1861","296",
"1400000US25001015100","Census Tract 151; Barnstable County; Massachusetts","3342","394","1964","377","1964","377","1893","362","71","42","0","14","1378","232",
"1400000US25001015200","Census Tract 152; Barnstable County; Massachusetts","2381","351","1338","292","1312","289","1256","282","56","54","26","30","1043","163",
"1400000US25001015300","Census Tract 153; Barnstable County; Massachusetts","3070","393","1879","420","1879","420","1857","416","22","35","0","14","1191","255",
"1400000US25001990000","Census Tract 9900; Barnstable County; Massachusetts","0","14","0","14","0","14","0","14","0","14","0","14","0","14",
"1400000US25003900100","Census Tract 9001; Berkshire County; Massachusetts","2855","357","1592","365","1592","365","1386","347","206","133","0","14","1263","289",
"1400000US25003900200","Census Tract 9002; Berkshire County; Massachusetts","3670","588","2562","525","2562","525","2327","473","235","137","0","14","1108","274",
"1400000US25003900300","Census Tract 9003; Berkshire County; Massachusetts","2142","332","1430","351","1430","351","1371","334","59","64","0","14","712","114",
"1400000US25003900400","Census Tract 9004; Berkshire County; Massachusetts","4344","550","2798","433","2798","433","2584","461","214","224","0","14","1546","374",
"1400000US25003900500","Census Tract 9005; Berkshire County; Massachusetts","2809","373","1599","323","1599","323","1525","327","74","69","0","14","1210","222",
"1400000US25003900600","Census Tract 9006; Berkshire County; Massachusetts","3137","355","1995","332","1995","332","1797","311","198","137","0","14","1142","257",
"1400000US25003900700","Census Tract 9007; Berkshire County; Massachusetts","2356","309","1603","273","1603","273","1525","273","78","52","0","14","753","143",
"1400000US25003900800","Census Tract 9008; Berkshire County; Massachusetts","3934","403","2679","358","2679","358","2545","328","134","136","0","14","1255","251",
"1400000US25003900900","Census Tract 9009; Berkshire County; Massachusetts","4401","482","3105","513","3105","513","2873","527","232","184","0","19","1296","249",
"1400000US25003901100","Census Tract 9011; Berkshire County; Massachusetts","3084","361","1550","300","1550","300","1501","299","49","42","0","14","1534","259",
"1400000US25003911100","Census Tract 9111; Berkshire County; Massachusetts","2582","143","1727","189","1727","189","1699","190","28","35","0","14","855","191",
"1400000US25003912100","Census Tract 9121; Berkshire County; Massachusetts","5089","236","2867","309","2867","309","2660","331","207","122","0","19","2222","305",
"1400000US25003913100","Census Tract 9131; Berkshire County; Massachusetts","4507","157","2374","378","2374","378","2226","353","148","162","0","19","2133","325",
"1400000US25003914100","Census Tract 9141; Berkshire County; Massachusetts","5201","230","3051","275","3051","275","2935","283","116","81","0","19","2150","272",
"1400000US25003920101","Census Tract 9201.01; Berkshire County; Massachusetts","4876","255","2974","260","2974","260","2909","258","65","52","0","19","1902","230",
"1400000US25003920102","Census Tract 9201.02; Berkshire County; Massachusetts","3144","308","1535","190","1535","190","1506","188","29","26","0","14","1609","255",
"1400000US25003921300","Census Tract 9213; Berkshire County; Massachusetts","4195","366","1957","382","1957","382","1957","382","0","19","0","19","2238","371",
"1400000US25003921400","Census Tract 9214; Berkshire County; Massachusetts","1210","213","705","204","705","204","616","209","89","75","0","14","505","112",
"1400000US25003921500","Census Tract 9215; Berkshire County; Massachusetts","2316","282","1505","257","1505","257","1386","270","119","105","0","14","811","172",
"1400000US25003922100","Census Tract 9221; Berkshire County; Massachusetts","2073","199","1159","203","1159","203","1039","193","120","88","0","14","914","160",
"1400000US25003922200","Census Tract 9222; Berkshire County; Massachusetts","3259","292","1857","264","1857","264","1805","274","52","52","0","14","1402","264",
"1400000US25003922300","Census Tract 9223; Berkshire County; Massachusetts","1603","172","981","125","981","125","930","130","51","47","0","14","622","156",
"1400000US25003923100","Census Tract 9231; Berkshire County; Massachusetts","2825","109","1551","219","1551","219","1479","209","72","53","0","14","1274","218",
"1400000US25003924100","Census Tract 9241; Berkshire County; Massachusetts","1883","240","1142","267","1142","267","1062","259","80","63","0","14","741","237",
"1400000US25003925101","Census Tract 9251.01; Berkshire County; Massachusetts","1288","224","894","234","894","234","894","234","0","14","0","14","394","131",
"1400000US25003925102","Census Tract 9251.02; Berkshire County; Massachusetts","5013","278","2992","345","2992","345","2796","359","196","140","0","19","2021","294",
"1400000US25003926100","Census Tract 9261; Berkshire County; Massachusetts","2937","116","2099","248","2099","248","2025","262","74","60","0","14","838","227",
"1400000US25003931100","Census Tract 9311; Berkshire County; Massachusetts","1424","149","811","121","811","121","782","120","29","17","0","14","613","83",
"1400000US25003931300","Census Tract 9313; Berkshire County; Massachusetts","1309","93","753","73","753","73","689","63","64","27","0","14","556","75",
"1400000US25003931400","Census Tract 9314; Berkshire County; Massachusetts","1457","167","961","143","961","143","922","138","39","25","0","14","496","65",
"1400000US25003932200","Census Tract 9322; Berkshire County; Massachusetts","2177","263","1293","138","1293","138","1254","137","39","23","0","14","884","214",
"1400000US25003932300","Census Tract 9323; Berkshire County; Massachusetts","1614","240","1086","227","1086","227","1032","222","54","37","0","14","528","98",
"1400000US25003933200","Census Tract 9332; Berkshire County; Massachusetts","1324","183","809","147","809","147","750","144","59","41","0","14","515","121",
"1400000US25003933300","Census Tract 9333; Berkshire County; Massachusetts","1254","155","736","128","736","128","710","123","26","23","0","14","518","86",
"1400000US25003933400","Census Tract 9334; Berkshire County; Massachusetts","2282","199","1520","173","1520","173","1457","170","63","56","0","14","762","104",
"1400000US25003934200","Census Tract 9342; Berkshire County; Massachusetts","1070","149","650","125","650","125","623","120","27","19","0","14","420","82",
"1400000US25003934300","Census Tract 9343; Berkshire County; Massachusetts","1680","245","1026","213","1026","213","1010","212","16","10","0","14","654","114",
"1400000US25003935100","Census Tract 9351; Berkshire County; Massachusetts","2107","195","1296","163","1296","163","1272","163","24","12","0","14","811","103",
"1400000US25003935200","Census Tract 9352; Berkshire County; Massachusetts","3980","624","2513","500","2513","500","2347","434","166","122","0","14","1467","406",
"1400000US25003935300","Census Tract 9353; Berkshire County; Massachusetts","3108","347","1758","296","1758","296","1671","284","87","76","0","14","1350","239",
"1400000US25005600100","Census Tract 6001; Bristol County; Massachusetts","3498","458","2087","307","2087","307","1988","273","99","105","0","14","1411","388",
"1400000US25005600202","Census Tract 6002.02; Bristol County; Massachusetts","4391","380","3275","385","3275","385","3059","332","216","131","0","19","1116","291",
"1400000US25005600203","Census Tract 6002.03; Bristol County; Massachusetts","5004","525","3475","531","3475","531","3304","448","171","139","0","19","1529","250",
"1400000US25005600204","Census Tract 6002.04; Bristol County; Massachusetts","3186","299","2270","238","2270","238","2190","260","80","63","0","14","916","174",
"1400000US25005610100","Census Tract 6101; Bristol County; Massachusetts","4415","515","2989","365","2989","365","2796","456","193","196","0","19","1426","356",
"1400000US25005610202","Census Tract 6102.02; Bristol County; Massachusetts","4505","662","3317","432","3317","432","3283","431","34","33","0","19","1188","341",
"1400000US25005610203","Census Tract 6102.03; Bristol County; Massachusetts","5551","518","3837","369","3837","369","3775","367","62","73","0","19","1714","385",
"1400000US25005610204","Census Tract 6102.04; Bristol County; Massachusetts","4661","455","3397","436","3386","433","3213","406","173","99","11","20","1264","310",
"1400000US25005611101","Census Tract 6111.01; Bristol County; Massachusetts","4259","367","2801","343","2801","343","2677","315","124","87","0","19","1458","224",
"1400000US25005611102","Census Tract 6111.02; Bristol County; Massachusetts","4637","389","2697","322","2679","318","2600","292","79","73","18","26","1940","234",
"1400000US25005611201","Census Tract 6112.01; Bristol County; Massachusetts","2748","480","1661","238","1661","238","1577","247","84","58","0","14","1087","332",
"1400000US25005611202","Census Tract 6112.02; Bristol County; Massachusetts","4803","407","3294","436","3294","436","3207","448","87","62","0","19","1509","262",
"1400000US25005612100","Census Tract 6121; Bristol County; Massachusetts","3990","397","2647","289","2647","289","2492","270","155","92","0","14","1343","244",
"1400000US25005612201","Census Tract 6122.01; Bristol County; Massachusetts","3279","395","2326","311","2326","311","2226","310","100","79","0","14","953","214",
"1400000US25005612202","Census Tract 6122.02; Bristol County; Massachusetts","5349","450","3888","409","3858","407","3767","383","91","107","30","41","1461","293",
"1400000US25005613100","Census Tract 6131; Bristol County; Massachusetts","6251","844","4244","627","4244","627","4039","573","205","125","0","19","2007","358",
"1400000US25005613300","Census Tract 6133; Bristol County; Massachusetts","6172","635","4063","516","4063","516","3858","483","205","120","0","19","2109","361",
"1400000US25005613400","Census Tract 6134; Bristol County; Massachusetts","3193","380","2232","369","2232","369","2162","375","70","62","0","14","961","140",
"1400000US25005613600","Census Tract 6136; Bristol County; Massachusetts","3199","386","2207","315","2207","315","1893","319","314","182","0","14","992","267",
"1400000US25005613700","Census Tract 6137; Bristol County; Massachusetts","3902","691","2672","477","2672","477","2516","463","156","85","0","14","1230","296",
"1400000US25005613800","Census Tract 6138; Bristol County; Massachusetts","4129","802","2375","435","2375","435","2129","439","246","104","0","19","1754","675",
"1400000US25005613901","Census Tract 6139.01; Bristol County; Massachusetts","2636","516","1794","462","1794","462","1669","470","125","72","0","14","842","301",
"1400000US25005613902","Census Tract 6139.02; Bristol County; Massachusetts","4336","657","2775","554","2775","554","2713","551","62","42","0","19","1561","379",
"1400000US25005614000","Census Tract 6140; Bristol County; Massachusetts","3474","336","2288","287","2288","287","2168","282","120","76","0","19","1186","228",
"1400000US25005614101","Census Tract 6141.01; Bristol County; Massachusetts","5847","751","4176","548","4176","548","3930","541","246","151","0","19","1671","412",
"1400000US25005614102","Census Tract 6141.02; Bristol County; Massachusetts","5836","637","4207","570","4207","570","4037","564","170","48","0","19","1629","341",
"1400000US25005615100","Census Tract 6151; Bristol County; Massachusetts","6694","222","4769","335","4769","335","4517","341","252","167","0","19","1925","317",
"1400000US25005616100","Census Tract 6161; Bristol County; Massachusetts","5777","251","4031","278","4031","278","3828","284","203","109","0","19","1746","247",
"1400000US25005617101","Census Tract 6171.01; Bristol County; Massachusetts","4031","201","2694","248","2694","248","2581","233","113","74","0","14","1337","210",
"1400000US25005617102","Census Tract 6171.02; Bristol County; Massachusetts","3550","261","2548","251","2505","264","2381","248","124","81","43","50","1002","149",
"1400000US25005630101","Census Tract 6301.01; Bristol County; Massachusetts","2799","347","2191","332","2191","332","2127","327","64","49","0","14","608","135",
"1400000US25005630102","Census Tract 6301.02; Bristol County; Massachusetts","4411","613","3424","593","3424","593","3124","467","300","245","0","19","987","278",
"1400000US25005630201","Census Tract 6302.01; Bristol County; Massachusetts","2715","438","1746","268","1746","268","1684","271","62","64","0","14","969","262",
"1400000US25005630202","Census Tract 6302.02; Bristol County; Massachusetts","4256","478","3014","291","3014","291","2888","255","126","116","0","19","1242","363",
"1400000US25005630301","Census Tract 6303.01; Bristol County; Massachusetts","4738","557","3476","438","3476","438","3191","328","285","230","0","19","1262","317",
"1400000US25005630302","Census Tract 6303.02; Bristol County; Massachusetts","2544","334","1878","253","1878","253","1844","252","34","39","0","14","666","227",
"1400000US25005630400","Census Tract 6304; Bristol County; Massachusetts","4375","524","2929","454","2929","454","2736","455","193","113","0","19","1446","364",
"1400000US25005631101","Census Tract 6311.01; Bristol County; Massachusetts","2975","475","1999","331","1986","335","1814","337","172","110","13","26","976","362",
"1400000US25005631102","Census Tract 6311.02; Bristol County; Massachusetts","4036","478","2783","483","2783","483","2705","479","78","74","0","19","1253","212",
"1400000US25005631200","Census Tract 6312; Bristol County; Massachusetts","5899","834","4399","806","4399","806","4289","788","110","81","0","19","1500","255",
"1400000US25005631300","Census Tract 6313; Bristol County; Massachusetts","4655","727","3603","719","3603","719","3445","680","158","128","0","19","1052","244",
"1400000US25005631400","Census Tract 6314; Bristol County; Massachusetts","2662","384","2022","334","2022","334","1936","325","86","78","0","14","640","163",
"1400000US25005631500","Census Tract 6315; Bristol County; Massachusetts","2454","453","1702","292","1702","292","1639","298","63","58","0","14","752","301",
"1400000US25005631600","Census Tract 6316; Bristol County; Massachusetts","2939","457","2020","383","2020","383","1879","389","141","80","0","14","919","272",
"1400000US25005631700","Census Tract 6317; Bristol County; Massachusetts","5225","534","3877","465","3877","465","3669","433","208","132","0","19","1348","252",
"1400000US25005631800","Census Tract 6318; Bristol County; Massachusetts","6579","554","4394","432","4394","432","4154","409","240","132","0","19","2185","419",
"1400000US25005632100","Census Tract 6321; Bristol County; Massachusetts","5844","569","3911","431","3911","431","3693","402","218","112","0","19","1933","358",
"1400000US25005632200","Census Tract 6322; Bristol County; Massachusetts","7417","556","4926","405","4896","407","4603","467","293","254","30","49","2491","569",
"1400000US25005633100","Census Tract 6331; Bristol County; Massachusetts","4977","437","3523","471","3523","471","3385","468","138","101","0","19","1454","210",
"1400000US25005633200","Census Tract 6332; Bristol County; Massachusetts","5810","445","4011","435","4011","435","3954","436","57","55","0","19","1799","404",
"1400000US25005640100","Census Tract 6401; Bristol County; Massachusetts","4608","625","2951","424","2951","424","2853","434","98","124","0","19","1657","453",
"1400000US25005640201","Census Tract 6402.01; Bristol County; Massachusetts","2049","379","1272","379","1272","379","1272","379","0","14","0","14","777","157",
"1400000US25005640202","Census Tract 6402.02; Bristol County; Massachusetts","3198","476","1536","265","1536","265","1497","265","39","37","0","14","1662","442",
"1400000US25005640300","Census Tract 6403; Bristol County; Massachusetts","3320","613","2154","575","2154","575","1931","432","223","193","0","14","1166","198",
"1400000US25005640400","Census Tract 6404; Bristol County; Massachusetts","2328","569","1413","504","1413","504","1329","502","84","60","0","14","915","349",
"1400000US25005640500","Census Tract 6405; Bristol County; Massachusetts","4962","724","2986","496","2986","496","2864","498","122","108","0","19","1976","518",
"1400000US25005640600","Census Tract 6406; Bristol County; Massachusetts","3636","592","2444","516","2444","516","2356","505","88","92","0","14","1192","376",
"1400000US25005640700","Census Tract 6407; Bristol County; Massachusetts","2209","304","1503","298","1503","298","1428","282","75","77","0","14","706","189",
"1400000US25005640800","Census Tract 6408; Bristol County; Massachusetts","3264","541","2284","424","2244","425","2136","402","108","82","40","61","980","218",
"1400000US25005640901","Census Tract 6409.01; Bristol County; Massachusetts","3997","547","2615","483","2615","483","2178","418","437","354","0","14","1382","356",
"1400000US25005641000","Census Tract 6410; Bristol County; Massachusetts","2030","388","1222","399","1222","399","1184","393","38","35","0","14","808","286",
"1400000US25005641101","Census Tract 6411.01; Bristol County; Massachusetts","1430","260","760","265","760","265","695","258","65","65","0","14","670","150",
"1400000US25005641200","Census Tract 6412; Bristol County; Massachusetts","2695","508","1814","513","1814","513","1671","470","143","89","0","14","881","202",
"1400000US25005641300","Census Tract 6413; Bristol County; Massachusetts","4317","547","2529","454","2529","454","2405","434","124","96","0","19","1788","395",
"1400000US25005641400","Census Tract 6414; Bristol County; Massachusetts","2654","365","1625","330","1625","330","1527","316","98","58","0","14","1029","202",
"1400000US25005641500","Census Tract 6415; Bristol County; Massachusetts","2294","370","1414","346","1414","346","1369","339","45","41","0","14","880","204",
"1400000US25005641600","Census Tract 6416; Bristol County; Massachusetts","2001","308","1276","278","1276","278","1196","271","80","66","0","14","725","154",
"1400000US25005641700","Census Tract 6417; Bristol County; Massachusetts","4410","612","2561","446","2561","446","2392","405","169","118","0","14","1849","449",
"1400000US25005641800","Census Tract 6418; Bristol County; Massachusetts","1832","245","1184","190","1184","190","1109","178","75","52","0","14","648","178",
"1400000US25005641900","Census Tract 6419; Bristol County; Massachusetts","2277","402","1450","248","1450","248","1244","213","206","134","0","14","827","301",
"1400000US25005642000","Census Tract 6420; Bristol County; Massachusetts","2803","356","1866","346","1866","346","1699","281","167","141","0","14","937","152",
"1400000US25005642100","Census Tract 6421; Bristol County; Massachusetts","3747","665","2157","268","2141","267","1925","313","216","137","16","26","1590","728",
"1400000US25005642200","Census Tract 6422; Bristol County; Massachusetts","3044","349","1610","233","1610","233","1405","224","205","118","0","14","1434","258",
"1400000US25005642300","Census Tract 6423; Bristol County; Massachusetts","1806","223","1154","190","1154","190","1127","189","27","21","0","14","652","86",
"1400000US25005642400","Census Tract 6424; Bristol County; Massachusetts","2426","405","1522","401","1522","401","1453","393","69","65","0","14","904","174",
"1400000US25005642500","Census Tract 6425; Bristol County; Massachusetts","4191","351","2758","343","2746","342","2631","323","115","114","12","19","1433","196",
"1400000US25005644101","Census Tract 6441.01; Bristol County; Massachusetts","5141","504","3065","391","3065","391","2994","340","71","96","0","19","2076","358",
"1400000US25005644102","Census Tract 6441.02; Bristol County; Massachusetts","4017","354","2629","321","2629","321","2554","315","75","61","0","19","1388","196",
"1400000US25005644200","Census Tract 6442; Bristol County; Massachusetts","6063","487","3967","473","3967","473","3798","473","169","118","0","19","2096","462",
"1400000US25005645101","Census Tract 6451.01; Bristol County; Massachusetts","4824","549","3241","474","3118","436","2964","429","154","120","123","138","1583","285",
"1400000US25005645102","Census Tract 6451.02; Bristol County; Massachusetts","4559","466","2857","397","2857","397","2755","383","102","78","0","19","1702","300",
"1400000US25005645103","Census Tract 6451.03; Bristol County; Massachusetts","4821","473","2991","454","2991","454","2932","437","59","65","0","19","1830","314",
"1400000US25005646101","Census Tract 6461.01; Bristol County; Massachusetts","6588","474","4393","441","4373","437","4227","418","146","92","20","33","2195","342",
"1400000US25005646103","Census Tract 6461.03; Bristol County; Massachusetts","5125","496","3105","483","3105","483","3012","464","93","90","0","19","2020","302",
"1400000US25005646104","Census Tract 6461.04; Bristol County; Massachusetts","2264","337","1422","239","1422","239","1396","232","26","31","0","14","842","195",
"1400000US25005650101","Census Tract 6501.01; Bristol County; Massachusetts","4829","670","3192","711","3192","711","3020","709","172","144","0","19","1637","362",
"1400000US25005650102","Census Tract 6501.02; Bristol County; Massachusetts","4008","493","2701","415","2701","415","2464","402","237","146","0","19","1307","358",
"1400000US25005650201","Census Tract 6502.01; Bristol County; Massachusetts","2663","573","1801","371","1765","376","1713","380","52","36","36","39","862","255",
"1400000US25005650202","Census Tract 6502.02; Bristol County; Massachusetts","1618","315","960","198","960","198","926","197","34","28","0","14","658","173",
"1400000US25005650300","Census Tract 6503; Bristol County; Massachusetts","2791","467","2118","436","2118","436","2080","431","38","35","0","14","673","145",
"1400000US25005650400","Census Tract 6504; Bristol County; Massachusetts","2909","394","1852","318","1852","318","1702","309","150","96","0","14","1057","223",
"1400000US25005650500","Census Tract 6505; Bristol County; Massachusetts","2969","405","1874","376","1874","376","1762","366","112","87","0","14","1095","241",
"1400000US25005650600","Census Tract 6506; Bristol County; Massachusetts","2402","462","1330","305","1330","305","1262","309","68","48","0","14","1072","302",
"1400000US25005650700","Census Tract 6507; Bristol County; Massachusetts","1920","357","1277","314","1277","314","1014","259","263","195","0","14","643","151",
"1400000US25005650800","Census Tract 6508; Bristol County; Massachusetts","3080","409","2008","378","2008","378","1607","292","401","267","0","14","1072","270",
"1400000US25005650900","Census Tract 6509; Bristol County; Massachusetts","2079","334","1093","309","1093","309","953","258","140","98","0","14","986","228",
"1400000US25005651001","Census Tract 6510.01; Bristol County; Massachusetts","2526","276","1314","260","1314","260","1170","266","144","84","0","14","1212","200",
"1400000US25005651002","Census Tract 6510.02; Bristol County; Massachusetts","3235","500","2219","524","2219","524","2157","530","62","41","0","14","1016","198",
"1400000US25005651100","Census Tract 6511; Bristol County; Massachusetts","4377","649","2168","420","2168","420","2008","402","160","114","0","19","2209","490",
"1400000US25005651200","Census Tract 6512; Bristol County; Massachusetts","1865","335","1194","244","1194","244","1141","247","53","52","0","14","671","174",
"1400000US25005651300","Census Tract 6513; Bristol County; Massachusetts","1828","238","1045","223","1039","223","929","202","110","79","6","10","783","155",
"1400000US25005651400","Census Tract 6514; Bristol County; Massachusetts","2795","401","1878","334","1878","334","1695","334","183","114","0","14","917","186",
"1400000US25005651500","Census Tract 6515; Bristol County; Massachusetts","2440","368","1474","275","1474","275","1399","266","75","80","0","14","966","249",
"1400000US25005651600","Census Tract 6516; Bristol County; Massachusetts","2844","445","1989","378","1978","377","1759","284","219","210","11","18","855","255",
"1400000US25005651700","Census Tract 6517; Bristol County; Massachusetts","1780","310","870","197","870","197","736","172","134","78","0","14","910","256",
"1400000US25005651800","Census Tract 6518; Bristol County; Massachusetts","1823","223","644","181","644","181","625","181","19","20","0","14","1179","207",
"1400000US25005651900","Census Tract 6519; Bristol County; Massachusetts","1675","279","1104","276","1104","276","990","223","114","103","0","14","571","115",
"1400000US25005652000","Census Tract 6520; Bristol County; Massachusetts","2496","290","1558","245","1558","245","1475","239","83","58","0","14","938","153",
"1400000US25005652100","Census Tract 6521; Bristol County; Massachusetts","2314","320","1532","224","1532","224","1428","196","104","67","0","14","782","165",
"1400000US25005652200","Census Tract 6522; Bristol County; Massachusetts","2347","329","1517","306","1517","306","1384","283","133","104","0","14","830","166",
"1400000US25005652300","Census Tract 6523; Bristol County; Massachusetts","1820","336","1323","365","1323","365","1061","231","262","247","0","14","497","109",
"1400000US25005652400","Census Tract 6524; Bristol County; Massachusetts","2129","327","1367","259","1367","259","1331","255","36","46","0","14","762","171",
"1400000US25005652500","Census Tract 6525; Bristol County; Massachusetts","2362","315","1694","292","1694","292","1613","292","81","67","0","14","668","175",
"1400000US25005652600","Census Tract 6526; Bristol County; Massachusetts","2525","499","1422","397","1422","397","1212","314","210","161","0","14","1103","316",
"1400000US25005652700","Census Tract 6527; Bristol County; Massachusetts","2601","390","1530","312","1530","312","1363","310","167","94","0","14","1071","199",
"1400000US25005652800","Census Tract 6528; Bristol County; Massachusetts","2717","396","1718","291","1718","291","1620","274","98","123","0","14","999","250",
"1400000US25005653101","Census Tract 6531.01; Bristol County; Massachusetts","5929","581","3623","450","3623","450","3379","431","244","139","0","19","2306","401",
"1400000US25005653102","Census Tract 6531.02; Bristol County; Massachusetts","4312","359","2417","271","2417","271","2329","256","88","56","0","19","1895","230",
"1400000US25005653203","Census Tract 6532.03; Bristol County; Massachusetts","4162","438","2370","303","2370","303","2300","275","70","62","0","14","1792","368",
"1400000US25005653204","Census Tract 6532.04; Bristol County; Massachusetts","2854","395","2022","390","2014","390","1944","385","70","52","8","14","832","132",
"1400000US25005653301","Census Tract 6533.01; Bristol County; Massachusetts","4547","439","2586","464","2586","464","2532","454","54","65","0","19","1961","298",
"1400000US25005653304","Census Tract 6533.04; Bristol County; Massachusetts","2894","401","1484","267","1484","267","1439","239","45","70","0","14","1410","231",
"1400000US25005654100","Census Tract 6541; Bristol County; Massachusetts","5949","359","3936","334","3936","334","3855","308","81","96","0","19","2013","268",
"1400000US25005654200","Census Tract 6542; Bristol County; Massachusetts","2729","316","1585","242","1585","242","1510","241","75","59","0","14","1144","279",
"1400000US25005655100","Census Tract 6551; Bristol County; Massachusetts","3593","317","2361","329","2350","332","2225","312","125","88","11","17","1232","255",
"1400000US25005655200","Census Tract 6552; Bristol County; Massachusetts","3831","494","2260","491","2260","491","2201","502","59","54","0","14","1571","294",
"1400000US25005655300","Census Tract 6553; Bristol County; Massachusetts","2894","327","1747","225","1747","225","1587","187","160","102","0","14","1147","253",
"1400000US25005655400","Census Tract 6554; Bristol County; Massachusetts","3287","302","1940","282","1940","282","1819","274","121","75","0","14","1347","196",
"1400000US25005985500","Census Tract 9855; Bristol County; Massachusetts","4372","167","1979","251","1979","251","1835","260","144","72","0","14","2393","268",
"1400000US25005985600","Census Tract 9856; Bristol County; Massachusetts","4719","279","2667","259","2667","259","2530","277","137","71","0","19","2052","202",
"1400000US25005990000","Census Tract 9900; Bristol County; Massachusetts","0","14","0","14","0","14","0","14","0","14","0","14","0","14",
"1400000US25007200100","Census Tract 2001; Dukes County; Massachusetts","4178","198","2966","291","2966","291","2948","288","18","30","0","14","1212","325",
"1400000US25007200200","Census Tract 2002; Dukes County; Massachusetts","4393","323","3163","372","3163","372","2764","474","399","243","0","19","1230","442",
"1400000US25007200300","Census Tract 2003; Dukes County; Massachusetts","4781","201","3089","418","3089","418","2922","422","167","123","0","19","1692","398",
"1400000US25007200400","Census Tract 2004; Dukes County; Massachusetts","4558","198","2839","306","2835","306","2628","335","207","143","4","4","1719","393",
"1400000US25007990000","Census Tract 9900; Dukes County; Massachusetts","0","14","0","14","0","14","0","14","0","14","0","14","0","14",
"1400000US25009201100","Census Tract 2011; Essex County; Massachusetts","2987","78","1790","221","1790","221","1684","224","106","53","0","14","1197","215",
"1400000US25009202101","Census Tract 2021.01; Essex County; Massachusetts","1843","215","1143","184","1143","184","1075","176","68","43","0","14","700","124",
"1400000US25009202103","Census Tract 2021.03; Essex County; Massachusetts","1171","227","760","166","760","166","721","157","39","32","0","14","411","134",
"1400000US25009202104","Census Tract 2021.04; Essex County; Massachusetts","4463","609","2919","414","2919","414","2632","388","287","345","0","19","1544","371",
"1400000US25009202200","Census Tract 2022; Essex County; Massachusetts","4956","599","3456","581","3456","581","3342","586","114","76","0","19","1500","293",
"1400000US25009203100","Census Tract 2031; Essex County; Massachusetts","5866","545","3907","377","3907","377","3845","374","62","55","0","19","1959","324",
"1400000US25009203200","Census Tract 2032; Essex County; Massachusetts","3813","435","2444","351","2444","351","2391","344","53","54","0","14","1369","196",
"1400000US25009203301","Census Tract 2033.01; Essex County; Massachusetts","3519","504","2411","349","2401","348","2379","346","22","24","10","18","1108","269",
"1400000US25009203302","Census Tract 2033.02; Essex County; Massachusetts","3518","563","2370","511","2370","511","2213","520","157","121","0","14","1148","255",
"1400000US25009204101","Census Tract 2041.01; Essex County; Massachusetts","4274","500","3187","459","3187","459","2871","425","316","131","0","14","1087","229",
"1400000US25009204102","Census Tract 2041.02; Essex County; Massachusetts","4709","403","2780","380","2780","380","2659","369","121","67","0","19","1929","256",
"1400000US25009204200","Census Tract 2042; Essex County; Massachusetts","4506","623","3646","636","3646","636","3366","596","280","128","0","19","860","275",
"1400000US25009204300","Census Tract 2043; Essex County; Massachusetts","3485","491","2159","358","2159","358","2036","350","123","91","0","14","1326","344",
"1400000US25009204400","Census Tract 2044; Essex County; Massachusetts","3032","423","2205","313","2205","313","2139","302","66","51","0","14","827","286",
"1400000US25009204500","Census Tract 2045; Essex County; Massachusetts","3151","393","2500","397","2481","393","2407","395","74","59","19","31","651","169",
"1400000US25009204600","Census Tract 2046; Essex County; Massachusetts","4697","650","3531","624","3531","624","3485","620","46","51","0","19","1166","365",
"1400000US25009204701","Census Tract 2047.01; Essex County; Massachusetts","5594","658","3569","618","3569","618","3315","600","254","203","0","19","2025","387",
"1400000US25009204702","Census Tract 2047.02; Essex County; Massachusetts","4953","628","3399","600","3399","600","3301","591","98","66","0","19","1554","429",
"1400000US25009205100","Census Tract 2051; Essex County; Massachusetts","4997","652","3204","489","3204","489","3100","462","104","97","0","19","1793","398",
"1400000US25009205200","Census Tract 2052; Essex County; Massachusetts","5002","729","3444","670","3444","670","3243","598","201","155","0","19","1558","392",
"1400000US25009205300","Census Tract 2053; Essex County; Massachusetts","3776","471","2787","440","2787","440","2742","447","45","41","0","14","989","186",
"1400000US25009205400","Census Tract 2054; Essex County; Massachusetts","3982","416","2758","349","2758","349","2587","338","171","88","0","14","1224","244",
"1400000US25009205500","Census Tract 2055; Essex County; Massachusetts","4241","702","2920","577","2920","577","2665","565","255","142","0","19","1321","300",
"1400000US25009205600","Census Tract 2056; Essex County; Massachusetts","3383","403","2266","321","2266","321","2227","317","39","36","0","14","1117","286",
"1400000US25009205700","Census Tract 2057; Essex County; Massachusetts","4292","829","3192","845","3192","845","3149","835","43","41","0","19","1100","237",
"1400000US25009205800","Census Tract 2058; Essex County; Massachusetts","2668","356","2058","333","2058","333","1955","300","103","75","0","14","610","137",
"1400000US25009205900","Census Tract 2059; Essex County; Massachusetts","3498","521","2292","470","2292","470","2275","472","17","24","0","14","1206","264",
"1400000US25009206000","Census Tract 2060; Essex County; Massachusetts","2573","396","1925","398","1925","398","1824","381","101","83","0","14","648","213",
"1400000US25009206100","Census Tract 2061; Essex County; Massachusetts","3136","564","2220","542","2220","542","1940","346","280","308","0","14","916","245",
"1400000US25009206200","Census Tract 2062; Essex County; Massachusetts","4517","630","3199","545","3199","545","2956","514","243","241","0","19","1318","278",
"1400000US25009206300","Census Tract 2063; Essex County; Massachusetts","3535","758","2694","721","2694","721","2590","701","104","102","0","14","841","265",
"1400000US25009206400","Census Tract 2064; Essex County; Massachusetts","5239","536","3822","424","3822","424","3679","441","143","121","0","19","1417","319",
"1400000US25009206500","Census Tract 2065; Essex County; Massachusetts","2350","522","1597","415","1597","415","1554","412","43","49","0","14","753","200",
"1400000US25009206600","Census Tract 2066; Essex County; Massachusetts","4734","682","3237","559","3237","559","2736","424","501","329","0","19","1497","315",
"1400000US25009206700","Census Tract 2067; Essex County; Massachusetts","3579","532","2135","435","2135","435","2059","448","76","79","0","14","1444","317",
"1400000US25009206800","Census Tract 2068; Essex County; Massachusetts","3645","602","1860","421","1860","421","1758","415","102","95","0","14","1785","381",
"1400000US25009206900","Census Tract 2069; Essex County; Massachusetts","4201","691","2273","634","2273","634","2224","640","49","58","0","19","1928","338",
"1400000US25009207000","Census Tract 2070; Essex County; Massachusetts","1766","286","808","197","808","197","783","208","25","34","0","14","958","229",
"1400000US25009207100","Census Tract 2071; Essex County; Massachusetts","3213","672","2045","460","2045","460","1987","448","58","68","0","14","1168","314",
"1400000US25009207200","Census Tract 2072; Essex County; Massachusetts","2350","440","1254","314","1254","314","1254","314","0","14","0","14","1096","379",
"1400000US25009208101","Census Tract 2081.01; Essex County; Massachusetts","5209","628","3693","588","3693","588","3340","475","353","193","0","19","1516","247",
"1400000US25009208102","Census Tract 2081.02; Essex County; Massachusetts","2705","421","1844","323","1844","323","1819","325","25","26","0","14","861","211",
"1400000US25009208200","Census Tract 2082; Essex County; Massachusetts","5187","618","3197","575","3197","575","3109","557","88","109","0","19","1990","378",
"1400000US25009208301","Census Tract 2083.01; Essex County; Massachusetts","2325","390","1256","255","1256","255","1245","256","11","18","0","14","1069","295",
"1400000US25009208302","Census Tract 2083.02; Essex County; Massachusetts","4380","606","2817","507","2817","507","2743","495","74","53","0","19","1563","523",
"1400000US25009208401","Census Tract 2084.01; Essex County; Massachusetts","2766","447","1839","317","1839","317","1808","301","31","49","0","14","927","237",
"1400000US25009208402","Census Tract 2084.02; Essex County; Massachusetts","2549","363","1622","328","1622","328","1579","332","43","50","0","14","927","171",
"1400000US25009209100","Census Tract 2091; Essex County; Massachusetts","5506","337","3684","353","3684","353","3491","340","193","110","0","19","1822","368",
"1400000US25009209200","Census Tract 2092; Essex County; Massachusetts","4347","411","3053","351","3053","351","3045","351","8","13","0","19","1294","204",
"1400000US25009210100","Census Tract 2101; Essex County; Massachusetts","5747","690","3844","537","3844","537","3812","522","32","42","0","19","1903","367",
"1400000US25009210200","Census Tract 2102; Essex County; Massachusetts","4670","561","2896","511","2896","511","2780","524","116","74","0","19","1774","247",
"1400000US25009210301","Census Tract 2103.01; Essex County; Massachusetts","4635","535","1656","410","1656","410","1463","363","193","163","0","19","2979","563",
"1400000US25009210302","Census Tract 2103.02; Essex County; Massachusetts","3928","520","2691","508","2691","508","2517","516","174","115","0","14","1237","188",
"1400000US25009210401","Census Tract 2104.01; Essex County; Massachusetts","2603","403","1823","303","1823","303","1788","305","35","42","0","14","780","250",
"1400000US25009210402","Census Tract 2104.02; Essex County; Massachusetts","3526","544","2391","479","2379","476","2183","467","196","102","12","20","1135","211",
"1400000US25009210500","Census Tract 2105; Essex County; Massachusetts","6129","621","4359","500","4347","491","4196","480","151","110","12","23","1770","370",
"1400000US25009210600","Census Tract 2106; Essex County; Massachusetts","3822","492","2688","435","2688","435","2487","418","201","104","0","19","1134","285",
"1400000US25009210700","Census Tract 2107; Essex County; Massachusetts","3367","518","2443","582","2443","582","2291","561","152","119","0","14","924","239",
"1400000US25009210800","Census Tract 2108; Essex County; Massachusetts","3538","670","2516","633","2516","633","2468","626","48","55","0","14","1022","233",
"1400000US25009210900","Census Tract 2109; Essex County; Massachusetts","3508","452","2363","383","2363","383","2210","306","153","134","0","14","1145","267",
"1400000US25009211100","Census Tract 2111; Essex County; Massachusetts","3548","518","2170","458","2170","458","1988","408","182","145","0","14","1378","239",
"1400000US25009211201","Census Tract 2112.01; Essex County; Massachusetts","2603","752","1884","463","1884","463","1833","447","51","45","0","14","719","354",
"1400000US25009211202","Census Tract 2112.02; Essex County; Massachusetts","3379","414","2556","284","2556","284","2370","267","186","84","0","14","823","267",
"1400000US25009211300","Census Tract 2113; Essex County; Massachusetts","6194","693","4028","603","4028","603","3843","546","185","129","0","19","2166","407",
"1400000US25009211401","Census Tract 2114.01; Essex County; Massachusetts","3487","391","2384","374","2384","374","2370","371","14","17","0","14","1103","207",
"1400000US25009211402","Census Tract 2114.02; Essex County; Massachusetts","5113","592","3749","509","3749","509","3577","501","172","138","0","19","1364","233",
"1400000US25009212101","Census Tract 2121.01; Essex County; Massachusetts","4251","331","2185","328","2185","328","2066","330","119","113","0","14","2066","220",
"1400000US25009212102","Census Tract 2121.02; Essex County; Massachusetts","4131","351","2898","331","2891","330","2817","332","74","52","7","11","1233","249",
"1400000US25009213100","Census Tract 2131; Essex County; Massachusetts","6547","263","4291","348","4291","348","4154","346","137","110","0","19","2256","337",
"1400000US25009214100","Census Tract 2141; Essex County; Massachusetts","5232","211","3416","327","3416","327","3363","311","53","53","0","19","1816","261",
"1400000US25009215101","Census Tract 2151.01; Essex County; Massachusetts","3611","320","2231","217","2231","217","2161","217","70","45","0","14","1380","289",
"1400000US25009215102","Census Tract 2151.02; Essex County; Massachusetts","2260","248","1661","233","1661","233","1613","236","48","56","0","14","599","125",
"1400000US25009216100","Census Tract 2161; Essex County; Massachusetts","4159","103","2664","176","2664","176","2594","188","70","43","0","14","1495","207",
"1400000US25009217101","Census Tract 2171.01; Essex County; Massachusetts","3207","290","2259","316","2243","321","2170","323","73","47","16","26","948","135",
"1400000US25009217102","Census Tract 2171.02; Essex County; Massachusetts","2537","423","1871","395","1871","395","1817","381","54","64","0","14","666","197",
"1400000US25009217201","Census Tract 2172.01; Essex County; Massachusetts","3442","340","2527","298","2512","301","2430","309","82","61","15","25","915","196",
"1400000US25009217202","Census Tract 2172.02; Essex County; Massachusetts","2772","292","1966","239","1966","239","1925","231","41","33","0","14","806","299",
"1400000US25009217300","Census Tract 2173; Essex County; Massachusetts","3668","454","2586","444","2586","444","2391","420","195","129","0","14","1082","306",
"1400000US25009217401","Census Tract 2174.01; Essex County; Massachusetts","2408","369","1481","294","1481","294","1450","292","31","44","0","14","927","334",
"1400000US25009217402","Census Tract 2174.02; Essex County; Massachusetts","3119","416","2293","382","2293","382","2204","389","89","67","0","14","826","175",
"1400000US25009217500","Census Tract 2175; Essex County; Massachusetts","5758","528","3909","426","3909","426","3669","424","240","123","0","19","1849","355",
"1400000US25009217601","Census Tract 2176.01; Essex County; Massachusetts","3513","294","2052","227","2052","227","1943","222","109","61","0","14","1461","200",
"1400000US25009217602","Census Tract 2176.02; Essex County; Massachusetts","5005","795","2992","783","2992","783","2857","783","135","52","0","19","2013","302",
"1400000US25009218100","Census Tract 2181; Essex County; Massachusetts","4480","186","2843","236","2843","236","2603","269","240","135","0","19","1637","270",
"1400000US25009220101","Census Tract 2201.01; Essex County; Massachusetts","3485","335","1903","236","1903","236","1823","223","80","77","0","14","1582","241",
"1400000US25009220102","Census Tract 2201.02; Essex County; Massachusetts","2709","285","1576","237","1576","237","1363","229","213","101","0","14","1133","213",
"1400000US25009221100","Census Tract 2211; Essex County; Massachusetts","3487","473","1851","308","1851","308","1614","254","237","217","0","14","1636","316",
"1400000US25009221300","Census Tract 2213; Essex County; Massachusetts","4355","558","2754","528","2749","527","2584","533","165","100","5","13","1601","330",
"1400000US25009221400","Census Tract 2214; Essex County; Massachusetts","3078","351","2202","375","2202","375","2128","368","74","74","0","14","876","217",
"1400000US25009221500","Census Tract 2215; Essex County; Massachusetts","2558","306","1577","307","1573","307","1487","306","86","61","4","4","981","195",
"1400000US25009221600","Census Tract 2216; Essex County; Massachusetts","2226","331","1713","292","1713","292","1532","293","181","105","0","14","513","175",
"1400000US25009221700","Census Tract 2217; Essex County; Massachusetts","2544","521","1590","386","1590","386","1578","383","12","19","0","14","954","271",
"1400000US25009221800","Census Tract 2218; Essex County; Massachusetts","1613","258","959","232","959","232","882","171","77","88","0","14","654","114",
"1400000US25009221901","Census Tract 2219.01; Essex County; Massachusetts","3007","417","1933","331","1924","329","1722","273","202","130","9","14","1074","250",
"1400000US25009221902","Census Tract 2219.02; Essex County; Massachusetts","3167","300","2054","259","2054","259","2006","260","48","44","0","14","1113","185",
"1400000US25009222100","Census Tract 2221; Essex County; Massachusetts","2983","125","2199","170","2199","170","2166","171","33","27","0","14","784","173",
"1400000US25009223100","Census Tract 2231; Essex County; Massachusetts","3389","284","2070","307","2059","306","2005","299","54","52","11","18","1319","219",
"1400000US25009223200","Census Tract 2232; Essex County; Massachusetts","3495","338","2561","308","2561","308","2550","310","11","17","0","14","934","200",
"1400000US25009223300","Census Tract 2233; Essex County; Massachusetts","4725","453","3318","428","3318","428","3221","421","97","69","0","19","1407","203",
"1400000US25009250100","Census Tract 2501; Essex County; Massachusetts","3827","385","2627","439","2627","439","2451","424","176","112","0","19","1200","305",
"1400000US25009250200","Census Tract 2502; Essex County; Massachusetts","4680","751","3467","567","3467","567","3218","552","249","144","0","19","1213","486",
"1400000US25009250300","Census Tract 2503; Essex County; Massachusetts","2119","394","1501","387","1501","387","1320","407","181","88","0","14","618","149",
"1400000US25009250400","Census Tract 2504; Essex County; Massachusetts","3408","578","1792","429","1792","429","1605","349","187","194","0","14","1616","390",
"1400000US25009250500","Census Tract 2505; Essex County; Massachusetts","3557","528","2631","441","2631","441","2413","405","218","126","0","14","926","222",
"1400000US25009250600","Census Tract 2506; Essex County; Massachusetts","4663","553","3251","507","3251","507","2841","426","410","193","0","19","1412","294",
"1400000US25009250700","Census Tract 2507; Essex County; Massachusetts","4192","620","2725","419","2725","419","2541","403","184","112","0","19","1467","408",
"1400000US25009250800","Census Tract 2508; Essex County; Massachusetts","6240","656","4234","539","4213","540","3817","554","396","204","21","47","2006","405",
"1400000US25009250900","Census Tract 2509; Essex County; Massachusetts","1702","228","940","230","933","226","767","162","166","120","7","27","762","164",
"1400000US25009251000","Census Tract 2510; Essex County; Massachusetts","1544","266","851","224","851","224","769","223","82","64","0","14","693","201",
"1400000US25009251100","Census Tract 2511; Essex County; Massachusetts","2408","339","1050","301","1050","301","973","310","77","65","0","14","1358","251",
"1400000US25009251200","Census Tract 2512; Essex County; Massachusetts","1327","273","885","266","885","266","856","268","29","29","0","14","442","164",
"1400000US25009251300","Census Tract 2513; Essex County; Massachusetts","2701","478","1766","377","1766","377","1492","388","274","113","0","14","935","256",
"1400000US25009251400","Census Tract 2514; Essex County; Massachusetts","4102","489","2808","417","2808","417","2564","361","244","176","0","19","1294","264",
"1400000US25009251500","Census Tract 2515; Essex County; Massachusetts","5256","655","3895","581","3895","581","3684","578","211","151","0","19","1361","330",
"1400000US25009251600","Census Tract 2516; Essex County; Massachusetts","5478","680","4452","624","4452","624","3973","452","479","434","0","19","1026","254",
"1400000US25009251700","Census Tract 2517; Essex County; Massachusetts","4417","562","3109","500","3109","500","2769","530","340","198","0","19","1308","293",
"1400000US25009251800","Census Tract 2518; Essex County; Massachusetts","6225","725","4627","666","4627","666","4584","666","43","57","0","19","1598","363",
"1400000US25009252101","Census Tract 2521.01; Essex County; Massachusetts","2896","487","1967","479","1967","479","1852","466","115","94","0","14","929","178",
"1400000US25009252102","Census Tract 2521.02; Essex County; Massachusetts","3766","526","2574","455","2574","455","2479","458","95","73","0","14","1192","206",
"1400000US25009252201","Census Tract 2522.01; Essex County; Massachusetts","2862","452","1982","382","1982","382","1902","351","80","66","0","14","880","259",
"1400000US25009252202","Census Tract 2522.02; Essex County; Massachusetts","2638","374","1890","311","1890","311","1877","308","13","16","0","14","748","152",
"1400000US25009252300","Census Tract 2523; Essex County; Massachusetts","6510","981","4178","813","4178","813","3828","687","350","231","0","19","2332","359",
"1400000US25009252400","Census Tract 2524; Essex County; Massachusetts","3733","545","2793","474","2793","474","2554","408","239","136","0","14","940","231",
"1400000US25009252501","Census Tract 2525.01; Essex County; Massachusetts","3924","532","2842","486","2842","486","2644","490","198","135","0","19","1082","208",
"1400000US25009252502","Census Tract 2525.02; Essex County; Massachusetts","4013","318","2757","279","2757","279","2577","272","180","83","0","14","1256","201",
"1400000US25009252601","Census Tract 2526.01; Essex County; Massachusetts","5788","615","3921","498","3921","498","3649","429","272","173","0","19","1867","413",
"1400000US25009252602","Census Tract 2526.02; Essex County; Massachusetts","4649","542","3483","503","3483","503","3311","497","172","92","0","19","1166","206",
"1400000US25009252603","Census Tract 2526.03; Essex County; Massachusetts","2608","357","1761","343","1761","343","1712","346","49","43","0","14","847","183",
"1400000US25009253100","Census Tract 2531; Essex County; Massachusetts","4881","515","3684","520","3684","520","3552","491","132","102","0","19","1197","214",
"1400000US25009253201","Census Tract 2532.01; Essex County; Massachusetts","2708","601","1958","486","1958","486","1896","487","62","54","0","14","750","218",
"1400000US25009253202","Census Tract 2532.02; Essex County; Massachusetts","6555","905","4030","685","4030","685","3882","704","148","91","0","19","2525","644",
"1400000US25009253203","Census Tract 2532.03; Essex County; Massachusetts","3355","298","2089","207","2089","207","2018","219","71","56","0","14","1266","198",
"1400000US25009253204","Census Tract 2532.04; Essex County; Massachusetts","4770","465","3280","444","3280","444","3188","436","92","71","0","19","1490","265",
"1400000US25009253205","Census Tract 2532.05; Essex County; Massachusetts","3156","382","2192","340","2192","340","2131","342","61","39","0","14","964","167",
"1400000US25009254100","Census Tract 2541; Essex County; Massachusetts","4822","486","3409","455","3409","455","3296","447","113","82","0","19","1413","245",
"1400000US25009254200","Census Tract 2542; Essex County; Massachusetts","4773","515","3182","531","3182","531","2796","347","386","278","0","19","1591","194",
"1400000US25009254301","Census Tract 2543.01; Essex County; Massachusetts","3695","349","2626","303","2626","303","2412","290","214","169","0","14","1069","200",
"1400000US25009254302","Census Tract 2543.02; Essex County; Massachusetts","3885","404","2995","366","2995","366","2908","374","87","75","0","14","890","202",
"1400000US25009254401","Census Tract 2544.01; Essex County; Massachusetts","2875","350","1921","235","1921","235","1816","234","105","64","0","14","954","269",
"1400000US25009254402","Census Tract 2544.02; Essex County; Massachusetts","6380","446","4352","409","4352","409","4238","416","114","63","0","19","2028","355",
"1400000US25009254403","Census Tract 2544.03; Essex County; Massachusetts","2982","302","2125","241","2099","240","1968","228","131","65","26","37","857","143",
"1400000US25009260100","Census Tract 2601; Essex County; Massachusetts","4190","567","2698","460","2695","461","2165","383","530","310","3","3","1492","386",
"1400000US25009260200","Census Tract 2602; Essex County; Massachusetts","3102","309","1800","212","1800","212","1502","214","298","144","0","14","1302","262",
"1400000US25009260301","Census Tract 2603.01; Essex County; Massachusetts","3839","399","2782","391","2782","391","2597","353","185","126","0","14","1057","185",
"1400000US25009260302","Census Tract 2603.02; Essex County; Massachusetts","2914","441","1865","392","1865","392","1806","380","59","42","0","14","1049","153",
"1400000US25009260401","Census Tract 2604.01; Essex County; Massachusetts","3402","390","2460","376","2460","376","2366","364","94","53","0","14","942","131",
"1400000US25009260402","Census Tract 2604.02; Essex County; Massachusetts","5945","762","3791","483","3791","483","3641","484","150","94","0","19","2154","658",
"1400000US25009260500","Census Tract 2605; Essex County; Massachusetts","3079","476","2112","502","2093","499","1991","429","102","98","19","27","967","185",
"1400000US25009260600","Census Tract 2606; Essex County; Massachusetts","3015","495","2100","384","2089","391","2020","383","69","62","11","18","915","290",
"1400000US25009260700","Census Tract 2607; Essex County; Massachusetts","4163","513","3033","377","3033","377","2868","366","165","103","0","19","1130","373",
"1400000US25009260800","Census Tract 2608; Essex County; Massachusetts","4565","723","3258","559","3258","559","3100","558","158","127","0","19","1307","452",
"1400000US25009260900","Census Tract 2609; Essex County; Massachusetts","4630","604","2788","427","2788","427","2788","427","0","19","0","19","1842","559",
"1400000US25009261000","Census Tract 2610; Essex County; Massachusetts","3918","461","2996","351","2996","351","2935","336","61","55","0","14","922","300",
"1400000US25009261101","Census Tract 2611.01; Essex County; Massachusetts","4389","737","2956","491","2950","489","2822","418","128","147","6","11","1433","327",
"1400000US25009261102","Census Tract 2611.02; Essex County; Massachusetts","3680","474","3027","408","3027","408","2900","411","127","109","0","14","653","230",
"1400000US25009262100","Census Tract 2621; Essex County; Massachusetts","5665","282","3918","340","3918","340","3859","364","59","54","0","19","1747","262",
"1400000US25009263100","Census Tract 2631; Essex County; Massachusetts","3860","126","2679","173","2679","173","2615","169","64","40","0","14","1181","201",
"1400000US25009264100","Census Tract 2641; Essex County; Massachusetts","5458","249","3897","271","3897","271","3701","279","196","141","0","19","1561","309",
"1400000US25009265101","Census Tract 2651.01; Essex County; Massachusetts","3167","288","2162","283","2162","283","2122","278","40","39","0","14","1005","176",
"1400000US25009265102","Census Tract 2651.02; Essex County; Massachusetts","3644","391","2352","259","2352","259","2314","254","38","35","0","14","1292","326",
"1400000US25009266100","Census Tract 2661; Essex County; Massachusetts","3778","421","2755","421","2755","421","2627","407","128","63","0","14","1023","160",
"1400000US25009266200","Census Tract 2662; Essex County; Massachusetts","4308","493","2819","429","2819","429","2788","432","31","31","0","19","1489","343",
"1400000US25009266300","Census Tract 2663; Essex County; Massachusetts","3340","341","2472","300","2472","300","2438","300","34","31","0","14","868","182",
"1400000US25009266400","Census Tract 2664; Essex County; Massachusetts","2910","385","2091","374","2091","374","1914","305","177","155","0","14","819","168",
"1400000US25009267102","Census Tract 2671.02; Essex County; Massachusetts","4834","372","3169","303","3169","303","2939","301","230","229","0","19","1665","270",
"1400000US25009267103","Census Tract 2671.03; Essex County; Massachusetts","1618","279","982","240","982","240","894","245","88","70","0","14","636","127",
"1400000US25009267104","Census Tract 2671.04; Essex County; Massachusetts","1914","289","1179","304","1179","304","1129","299","50","48","0","14","735","154",
"1400000US25009268100","Census Tract 2681; Essex County; Massachusetts","2184","282","1483","208","1483","208","1452","210","31","23","0","14","701","151",
"1400000US25009268200","Census Tract 2682; Essex County; Massachusetts","5503","427","3711","534","3711","534","3494","471","217","183","0","19","1792","287",
"1400000US25009268300","Census Tract 2683; Essex County; Massachusetts","3710","520","2420","428","2420","428","2325","443","95","106","0","14","1290","327",
"1400000US25009268400","Census Tract 2684; Essex County; Massachusetts","3826","490","2433","395","2433","395","2266","349","167","130","0","14","1393","274",
"1400000US25009269100","Census Tract 2691; Essex County; Massachusetts","5820","177","3916","247","3916","247","3827","250","89","62","0","19","1904","268",
"1400000US25009270100","Census Tract 2701; Essex County; Massachusetts","5244","253","3813","355","3813","355","3686","374","127","93","0","19","1431","260",
"1400000US25009990100","Census Tract 9901; Essex County; Massachusetts","0","14","0","14","0","14","0","14","0","14","0","14","0","14",
"1400000US25011040100","Census Tract 401; Franklin County; Massachusetts","3823","250","2190","203","2186","203","2088","204","98","34","4","5","1633","164",
"1400000US25011040200","Census Tract 402; Franklin County; Massachusetts","3813","237","2515","216","2515","216","2413","212","102","72","0","14","1298","153",
"1400000US25011040300","Census Tract 403; Franklin County; Massachusetts","2526","97","1651","171","1651","171","1575","177","76","53","0","14","875","144",
"1400000US25011040400","Census Tract 404; Franklin County; Massachusetts","2858","213","1819","188","1819","188","1720","162","99","43","0","14","1039","103",
"1400000US25011040501","Census Tract 405.01; Franklin County; Massachusetts","3253","346","1966","299","1966","299","1731","237","235","160","0","14","1287","270",
"1400000US25011040502","Census Tract 405.02; Franklin County; Massachusetts","2867","257","1570","224","1570","224","1500","210","70","46","0","14","1297","229",
"1400000US25011040600","Census Tract 406; Franklin County; Massachusetts","4047","309","2583","255","2574","256","2414","233","160","88","9","13","1464","134",
"1400000US25011040701","Census Tract 407.01; Franklin County; Massachusetts","3369","305","2273","250","2273","250","2146","256","127","60","0","14","1096","183",
"1400000US25011040702","Census Tract 407.02; Franklin County; Massachusetts","3720","282","2304","305","2304","305","2197","273","107","72","0","14","1416","228",
"1400000US25011040800","Census Tract 408; Franklin County; Massachusetts","4610","251","3325","295","3325","295","3126","311","199","115","0","19","1285","217",
"1400000US25011040900","Census Tract 409; Franklin County; Massachusetts","4680","119","3251","265","3251","265","3161","268","90","76","0","19","1429","266",
"1400000US25011041000","Census Tract 410; Franklin County; Massachusetts","2834","246","1749","232","1749","232","1638","235","111","80","0","14","1085","209",
"1400000US25011041100","Census Tract 411; Franklin County; Massachusetts","2940","252","1687","173","1687","173","1577","176","110","74","0","14","1253","157",
"1400000US25011041200","Census Tract 412; Franklin County; Massachusetts","2569","285","1695","252","1695","252","1587","239","108","82","0","14","874","177",
"1400000US25011041301","Census Tract 413.01; Franklin County; Massachusetts","2291","319","1263","199","1263","199","1196","204","67","64","0","14","1028","293",
"1400000US25011041302","Census Tract 413.02; Franklin County; Massachusetts","1971","248","1085","180","1085","180","982","191","103","70","0","14","886","210",
"1400000US25011041400","Census Tract 414; Franklin County; Massachusetts","2223","220","1196","206","1196","206","1150","199","46","47","0","14","1027","167",
"1400000US25011041501","Census Tract 415.01; Franklin County; Massachusetts","3182","173","1958","176","1958","176","1897","172","61","43","0","14","1224","129",
"1400000US25011041502","Census Tract 415.02; Franklin County; Massachusetts","3122","255","1797","186","1797","186","1728","180","69","38","0","14","1325","148",
"1400000US25013800101","Census Tract 8001.01; Hampden County; Massachusetts","3374","511","1959","366","1959","366","1921","362","38","50","0","14","1415","403",
"1400000US25013800102","Census Tract 8001.02; Hampden County; Massachusetts","3685","569","2029","404","2029","404","1884","391","145","95","0","14","1656","360",
"1400000US25013800201","Census Tract 8002.01; Hampden County; Massachusetts","5708","706","3701","805","3701","805","3544","763","157","106","0","19","2007","653",
"1400000US25013800202","Census Tract 8002.02; Hampden County; Massachusetts","1237","231","789","200","789","200","750","201","39","40","0","14","448","111",
"1400000US25013800300","Census Tract 8003; Hampden County; Massachusetts","3695","509","2188","549","2188","549","1841","384","347","284","0","14","1507","229",
"1400000US25013800400","Census Tract 8004; Hampden County; Massachusetts","4977","960","2783","757","2783","757","2528","700","255","249","0","19","2194","593",
"1400000US25013800500","Census Tract 8005; Hampden County; Massachusetts","2561","471","1562","429","1562","429","1442","405","120","80","0","14","999","240",
"1400000US25013800600","Census Tract 8006; Hampden County; Massachusetts","1835","302","776","188","776","188","644","156","132","89","0","14","1059","243",
"1400000US25013800700","Census Tract 8007; Hampden County; Massachusetts","2990","456","1316","305","1316","305","1209","295","107","68","0","14","1674","334",
"1400000US25013800800","Census Tract 8008; Hampden County; Massachusetts","1482","252","628","128","628","128","440","111","188","95","0","14","854","194",
"1400000US25013800900","Census Tract 8009; Hampden County; Massachusetts","3722","541","1810","433","1810","433","1586","419","224","139","0","14","1912","386",
"1400000US25013801101","Census Tract 8011.01; Hampden County; Massachusetts","1398","177","725","199","694","192","547","171","147","179","31","47","673","142",
"1400000US25013801102","Census Tract 8011.02; Hampden County; Massachusetts","1043","240","746","164","746","164","746","164","0","14","0","14","297","118",
"1400000US25013801200","Census Tract 8012; Hampden County; Massachusetts","1950","338","960","238","960","238","925","231","35","41","0","14","990","291",
"1400000US25013801300","Census Tract 8013; Hampden County; Massachusetts","4035","517","1826","305","1814","307","1562","258","252","111","12","24","2209","463",
"1400000US25013801401","Census Tract 8014.01; Hampden County; Massachusetts","2972","445","1576","351","1576","351","1428","245","148","171","0","14","1396","280",
"1400000US25013801402","Census Tract 8014.02; Hampden County; Massachusetts","2218","353","1262","271","1262","271","1159","249","103","56","0","14","956","152",
"1400000US25013801501","Census Tract 8015.01; Hampden County; Massachusetts","4637","780","2842","587","2842","587","2483","568","359","195","0","19","1795","460",
"1400000US25013801502","Census Tract 8015.02; Hampden County; Massachusetts","2467","363","1501","361","1501","361","1397","359","104","67","0","14","966","203",
"1400000US25013801503","Census Tract 8015.03; Hampden County; Massachusetts","3121","492","1856","351","1856","351","1745","353","111","74","0","14","1265","252",
"1400000US25013801601","Census Tract 8016.01; Hampden County; Massachusetts","4270","592","2312","524","2312","524","2139","457","173","154","0","14","1958","268",
"1400000US25013801602","Census Tract 8016.02; Hampden County; Massachusetts","3736","358","2046","343","2046","343","1933","326","113","82","0","14","1690","367",
"1400000US25013801603","Census Tract 8016.03; Hampden County; Massachusetts","3190","352","2121","290","2111","288","2021","271","90","65","10","15","1069","201",
"1400000US25013801604","Census Tract 8016.04; Hampden County; Massachusetts","3100","420","2021","375","2021","375","1946","365","75","61","0","14","1079","199",
"1400000US25013801605","Census Tract 8016.05; Hampden County; Massachusetts","3355","471","2220","408","2200","412","2079","419","121","79","20","32","1135","274",
"1400000US25013801700","Census Tract 8017; Hampden County; Massachusetts","5942","570","2425","524","2425","524","2207","488","218","129","0","19","3517","352",
"1400000US25013801800","Census Tract 8018; Hampden County; Massachusetts","2819","502","1504","455","1504","455","1305","372","199","147","0","14","1315","295",
"1400000US25013801901","Census Tract 8019.01; Hampden County; Massachusetts","3082","668","1749","565","1749","565","1535","555","214","123","0","14","1333","403",
"1400000US25013801902","Census Tract 8019.02; Hampden County; Massachusetts","2486","399","1160","280","1160","280","800","200","360","185","0","14","1326","355",
"1400000US25013802000","Census Tract 8020; Hampden County; Massachusetts","1795","290","730","262","730","262","648","226","82","76","0","14","1065","207",
"1400000US25013802101","Census Tract 8021.01; Hampden County; Massachusetts","5380","871","3302","744","3302","744","3172","749","130","135","0","19","2078","436",
"1400000US25013802200","Census Tract 8022; Hampden County; Massachusetts","2472","621","1406","551","1406","551","1353","550","53","63","0","14","1066","277",
"1400000US25013802300","Census Tract 8023; Hampden County; Massachusetts","5003","912","3267","749","3267","749","2690","554","577","407","0","19","1736","434",
"1400000US25013802400","Census Tract 8024; Hampden County; Massachusetts","3134","389","1828","302","1828","302","1789","294","39","31","0","14","1306","328",
"1400000US25013802500","Census Tract 8025; Hampden County; Massachusetts","6025","664","4167","577","4167","577","3983","593","184","116","0","19","1858","344",
"1400000US25013802601","Census Tract 8026.01; Hampden County; Massachusetts","5649","895","3400","500","3400","500","3066","471","334","178","0","19","2249","757",
"1400000US25013802602","Census Tract 8026.02; Hampden County; Massachusetts","1455","113","970","148","970","148","929","142","41","43","0","14","485","100",
"1400000US25013810100","Census Tract 8101; Hampden County; Massachusetts","5599","473","3286","567","3172","593","3098","605","74","68","114","144","2313","517",
"1400000US25013810200","Census Tract 8102; Hampden County; Massachusetts","2250","331","1356","295","1329","302","1265","291","64","54","27","43","894","192",
"1400000US25013810300","Census Tract 8103; Hampden County; Massachusetts","2926","433","2084","341","2084","341","2032","353","52","43","0","14","842","236",
"1400000US25013810403","Census Tract 8104.03; Hampden County; Massachusetts","3974","522","2765","451","2765","451","2617","455","148","81","0","14","1209","270",
"1400000US25013810404","Census Tract 8104.04; Hampden County; Massachusetts","3037","477","1866","279","1866","279","1798","272","68","62","0","14","1171","310",
"1400000US25013810412","Census Tract 8104.12; Hampden County; Massachusetts","4987","531","2978","423","2978","423","2850","417","128","107","0","19","2009","345",
"1400000US25013810414","Census Tract 8104.14; Hampden County; Massachusetts","6094","550","3688","633","3688","633","3479","635","209","143","0","19","2406","376",
"1400000US25013810601","Census Tract 8106.01; Hampden County; Massachusetts","3694","547","1930","419","1930","419","1771","383","159","88","0","14","1764","362",
"1400000US25013810602","Census Tract 8106.02; Hampden County; Massachusetts","2604","460","1533","426","1533","426","1506","427","27","25","0","14","1071","262",
"1400000US25013810700","Census Tract 8107; Hampden County; Massachusetts","5306","760","2940","429","2940","429","2569","386","371","247","0","19","2366","530",
"1400000US25013810800","Census Tract 8108; Hampden County; Massachusetts","3325","551","1847","291","1847","291","1750","276","97","65","0","14","1478","439",
"1400000US25013810901","Census Tract 8109.01; Hampden County; Massachusetts","1810","306","1212","300","1212","300","1111","293","101","67","0","14","598","167",
"1400000US25013810902","Census Tract 8109.02; Hampden County; Massachusetts","3643","448","2390","426","2390","426","2162","372","228","227","0","14","1253","241",
"1400000US25013811000","Census Tract 8110; Hampden County; Massachusetts","3936","489","2518","376","2518","376","2376","368","142","99","0","19","1418","304",
"1400000US25013811101","Census Tract 8111.01; Hampden County; Massachusetts","3377","545","2025","431","2025","431","1867","417","158","111","0","14","1352","298",
"1400000US25013811102","Census Tract 8111.02; Hampden County; Massachusetts","4939","560","3270","559","3270","559","2972","507","298","249","0","19","1669","327",
"1400000US25013811200","Census Tract 8112; Hampden County; Massachusetts","3757","459","2106","376","2106","376","2046","353","60","69","0","14","1651","305",
"1400000US25013811301","Census Tract 8113.01; Hampden County; Massachusetts","5070","823","3251","658","3251","658","3211","663","40","36","0","19","1819","406",
"1400000US25013811302","Census Tract 8113.02; Hampden County; Massachusetts","4547","510","2869","447","2794","461","2730","444","64","63","75","70","1678","389",
"1400000US25013811400","Census Tract 8114; Hampden County; Massachusetts","1695","259","806","182","806","182","734","165","72","46","0","14","889","194",
"1400000US25013811500","Census Tract 8115; Hampden County; Massachusetts","1249","153","534","133","534","133","364","141","170","85","0","14","715","131",
"1400000US25013811600","Census Tract 8116; Hampden County; Massachusetts","2296","467","905","340","905","340","742","392","163","110","0","14","1391","339",
"1400000US25013811700","Census Tract 8117; Hampden County; Massachusetts","1417","286","563","216","563","216","493","216","70","87","0","14","854","229",
"1400000US25013811800","Census Tract 8118; Hampden County; Massachusetts","3275","402","1859","344","1859","344","1783","338","76","69","0","14","1416","296",
"1400000US25013811900","Census Tract 8119; Hampden County; Massachusetts","2907","345","1774","232","1757","237","1750","236","7","11","17","23","1133","225",
"1400000US25013812001","Census Tract 8120.01; Hampden County; Massachusetts","2769","365","1681","341","1681","341","1562","357","119","93","0","14","1088","221",
"1400000US25013812002","Census Tract 8120.02; Hampden County; Massachusetts","3582","475","2154","376","2154","376","1751","311","403","234","0","14","1428","323",
"1400000US25013812101","Census Tract 8121.01; Hampden County; Massachusetts","4672","508","2883","440","2883","440","2811","442","72","85","0","19","1789","269",
"1400000US25013812103","Census Tract 8121.03; Hampden County; Massachusetts","3459","456","1552","419","1552","419","1509","429","43","60","0","14","1907","323",
"1400000US25013812104","Census Tract 8121.04; Hampden County; Massachusetts","3209","378","1889","354","1889","354","1801","337","88","77","0","14","1320","317",
"1400000US25013812201","Census Tract 8122.01; Hampden County; Massachusetts","3886","598","2367","363","2367","363","2249","346","118","105","0","14","1519","391",
"1400000US25013812202","Census Tract 8122.02; Hampden County; Massachusetts","3449","327","2596","346","2596","346","2454","333","142","108","0","14","853","174",
"1400000US25013812300","Census Tract 8123; Hampden County; Massachusetts","4191","609","2642","535","2642","535","2303","548","339","231","0","19","1549","401",
"1400000US25013812401","Census Tract 8124.01; Hampden County; Massachusetts","5670","676","4209","650","4173","657","4002","645","171","117","36","45","1461","220",
"1400000US25013812403","Census Tract 8124.03; Hampden County; Massachusetts","3158","337","1860","301","1860","301","1817","292","43","41","0","14","1298","170",
"1400000US25013812404","Census Tract 8124.04; Hampden County; Massachusetts","3324","481","2072","331","2072","331","1950","348","122","87","0","14","1252","274",
"1400000US25013812500","Census Tract 8125; Hampden County; Massachusetts","6154","569","4082","569","4082","569","3925","530","157","131","0","19","2072","407",
"1400000US25013812600","Census Tract 8126; Hampden County; Massachusetts","5375","554","3532","512","3532","512","3420","507","112","66","0","19","1843","246",
"1400000US25013812701","Census Tract 8127.01; Hampden County; Massachusetts","3416","475","2093","352","2093","352","1997","349","96","51","0","14","1323","302",
"1400000US25013812702","Census Tract 8127.02; Hampden County; Massachusetts","4427","585","2531","512","2531","512","2454","497","77","87","0","19","1896","314",
"1400000US25013812800","Census Tract 8128; Hampden County; Massachusetts","5961","533","4028","507","4028","507","3941","498","87","94","0","19","1933","306",
"1400000US25013812901","Census Tract 8129.01; Hampden County; Massachusetts","2617","311","1654","273","1654","273","1622","264","32","33","0","14","963","225",
"1400000US25013812902","Census Tract 8129.02; Hampden County; Massachusetts","4079","468","2684","359","2684","359","2638","361","46","40","0","14","1395","249",
"1400000US25013812903","Census Tract 8129.03; Hampden County; Massachusetts","2145","54","446","171","446","171","420","148","26","37","0","14","1699","180",
"1400000US25013813001","Census Tract 8130.01; Hampden County; Massachusetts","2450","164","1548","131","1546","131","1514","130","32","16","2","4","902","120",
"1400000US25013813002","Census Tract 8130.02; Hampden County; Massachusetts","3345","243","2001","205","1997","205","1928","201","69","39","4","5","1344","188",
"1400000US25013813101","Census Tract 8131.01; Hampden County; Massachusetts","4587","251","3322","328","3322","328","3262","323","60","56","0","19","1265","299",
"1400000US25013813102","Census Tract 8131.02; Hampden County; Massachusetts","3123","252","1931","194","1917","194","1816","198","101","51","14","22","1192","209",
"1400000US25013813204","Census Tract 8132.04; Hampden County; Massachusetts","2707","377","1678","353","1672","348","1619","298","53","70","6","11","1029","228",
"1400000US25013813205","Census Tract 8132.05; Hampden County; Massachusetts","6362","683","3681","571","3672","569","3462","564","210","174","9","17","2681","341",
"1400000US25013813206","Census Tract 8132.06; Hampden County; Massachusetts","3390","718","2295","522","2295","522","2197","527","98","50","0","14","1095","304",
"1400000US25013813207","Census Tract 8132.07; Hampden County; Massachusetts","3991","373","2724","336","2724","336","2672","340","52","46","0","14","1267","278",
"1400000US25013813208","Census Tract 8132.08; Hampden County; Massachusetts","2846","444","1799","324","1799","324","1711","321","88","54","0","14","1047","290",
"1400000US25013813209","Census Tract 8132.09; Hampden County; Massachusetts","4747","426","2858","394","2858","394","2761","399","97","88","0","19","1889","220",
"1400000US25013813301","Census Tract 8133.01; Hampden County; Massachusetts","5376","505","3277","340","3277","340","3140","346","137","101","0","19","2099","428",
"1400000US25013813303","Census Tract 8133.03; Hampden County; Massachusetts","3597","306","1979","211","1979","211","1912","209","67","44","0","14","1618","201",
"1400000US25013813304","Census Tract 8133.04; Hampden County; Massachusetts","3292","446","2079","340","2058","338","1817","261","241","117","21","24","1213","254",
"1400000US25013813401","Census Tract 8134.01; Hampden County; Massachusetts","4270","407","2957","369","2930","375","2930","375","0","19","27","42","1313","337",
"1400000US25013813403","Census Tract 8134.03; Hampden County; Massachusetts","3483","397","2274","407","2274","407","2122","408","152","101","0","14","1209","234",
"1400000US25013813404","Census Tract 8134.04; Hampden County; Massachusetts","5656","432","3488","375","3488","375","3387","370","101","79","0","19","2168","306",
"1400000US25013813500","Census Tract 8135; Hampden County; Massachusetts","4285","87","2673","241","2662","241","2528","185","134","103","11","18","1612","250",
"1400000US25013813601","Census Tract 8136.01; Hampden County; Massachusetts","6721","568","4024","499","4024","499","3920","503","104","70","0","19","2697","437",
"1400000US25013813602","Census Tract 8136.02; Hampden County; Massachusetts","5033","602","3438","529","3438","529","3355","523","83","82","0","19","1595","322",
"1400000US25013813701","Census Tract 8137.01; Hampden County; Massachusetts","2824","309","1787","256","1787","256","1633","233","154","89","0","14","1037","282",
"1400000US25013813702","Census Tract 8137.02; Hampden County; Massachusetts","4089","379","2389","400","2389","400","2284","413","105","65","0","14","1700","298",
"1400000US25013813801","Census Tract 8138.01; Hampden County; Massachusetts","3735","204","2357","187","2357","187","2250","176","107","45","0","14","1378","130",
"1400000US25013813802","Census Tract 8138.02; Hampden County; Massachusetts","3006","149","1875","153","1875","153","1835","154","40","35","0","14","1131","195",
"1400000US25015820101","Census Tract 8201.01; Hampshire County; Massachusetts","5896","420","3392","425","3392","425","3277","439","115","94","0","19","2504","390",
"1400000US25015820102","Census Tract 8201.02; Hampshire County; Massachusetts","2635","361","1518","286","1518","286","1182","205","336","187","0","14","1117","207",
"1400000US25015820205","Census Tract 8202.05; Hampshire County; Massachusetts","6241","511","4291","443","4291","443","4157","441","134","67","0","19","1950","254",
"1400000US25015820206","Census Tract 8202.06; Hampshire County; Massachusetts","3354","472","2035","445","2035","445","1940","421","95","71","0","14","1319","237",
"1400000US25015820207","Census Tract 8202.07; Hampshire County; Massachusetts","4211","447","2853","416","2853","416","2829","417","24","30","0","19","1358","270",
"1400000US25015820300","Census Tract 8203; Hampshire County; Massachusetts","6677","700","4403","632","4403","632","4284","648","119","78","0","19","2274","399",
"1400000US25015820400","Census Tract 8204; Hampshire County; Massachusetts","13502","224","5030","405","5030","405","4117","399","913","220","0","21","8472","454",
"1400000US25015820500","Census Tract 8205; Hampshire County; Massachusetts","5933","542","3824","600","3824","600","3594","582","230","170","0","19","2109","365",
"1400000US25015820600","Census Tract 8206; Hampshire County; Massachusetts","1727","51","752","156","752","156","691","143","61","44","0","14","975","153",
"1400000US25015820700","Census Tract 8207; Hampshire County; Massachusetts","2956","344","1936","274","1936","274","1846","277","90","52","0","14","1020","241",
"1400000US25015820801","Census Tract 8208.01; Hampshire County; Massachusetts","4625","607","2907","466","2907","466","2876","475","31","30","0","19","1718","447",
"1400000US25015820802","Census Tract 8208.02; Hampshire County; Massachusetts","503","15","209","67","209","67","184","91","25","38","0","14","294","67",
"1400000US25015820900","Census Tract 8209; Hampshire County; Massachusetts","5323","178","3775","276","3757","278","3679","301","78","59","18","26","1548","263",
"1400000US25015821000","Census Tract 8210; Hampshire County; Massachusetts","3711","439","2191","396","2191","396","2076","401","115","65","0","14","1520","255",
"1400000US25015821101","Census Tract 8211.01; Hampshire County; Massachusetts","6011","520","4192","501","4192","501","4175","499","17","27","0","19","1819","293",
"1400000US25015821200","Census Tract 8212; Hampshire County; Massachusetts","2228","51","1166","160","1166","160","1094","162","72","53","0","14","1062","159",
"1400000US25015821300","Census Tract 8213; Hampshire County; Massachusetts","3847","353","2292","309","2292","309","2222","293","70","45","0","14","1555","226",
"1400000US25015821400","Census Tract 8214; Hampshire County; Massachusetts","4559","202","2843","228","2843","228","2709","213","134","71","0","19","1716","256",
"1400000US25015821500","Census Tract 8215; Hampshire County; Massachusetts","2924","128","1946","219","1946","219","1914","221","32","33","0","14","978","210",
"1400000US25015821601","Census Tract 8216.01; Hampshire County; Massachusetts","3287","405","2045","377","2045","377","1987","367","58","56","0","14","1242","211",
"1400000US25015821602","Census Tract 8216.02; Hampshire County; Massachusetts","3364","397","2108","394","2108","394","1995","362","113","117","0","14","1256","210",
"1400000US25015821700","Census Tract 8217; Hampshire County; Massachusetts","3580","408","1947","215","1947","215","1813","203","134","88","0","14","1633","381",
"1400000US25015821901","Census Tract 8219.01; Hampshire County; Massachusetts","2876","292","1897","277","1897","277","1784","280","113","99","0","14","979","154",
"1400000US25015821903","Census Tract 8219.03; Hampshire County; Massachusetts","3928","490","2360","396","2360","396","2272","390","88","76","0","14","1568","344",
"1400000US25015821904","Census Tract 8219.04; Hampshire County; Massachusetts","2853","372","2266","350","2266","350","2196","359","70","54","0","14","587","164",
"1400000US25015822000","Census Tract 8220; Hampshire County; Massachusetts","2323","94","1116","183","1116","183","965","183","151","95","0","14","1207","180",
"1400000US25015822200","Census Tract 8222; Hampshire County; Massachusetts","4549","398","3055","373","3055","373","2855","374","200","142","0","19","1494","230",
"1400000US25015822300","Census Tract 8223; Hampshire County; Massachusetts","4850","543","3085","457","3066","451","2901","414","165","128","19","29","1765","435",
"1400000US25015822401","Census Tract 8224.01; Hampshire County; Massachusetts","4942","559","2906","430","2906","430","2809","441","97","89","0","19","2036","384",
"1400000US25015822402","Census Tract 8224.02; Hampshire County; Massachusetts","4163","447","3014","411","3014","411","2853","426","161","103","0","14","1149","302",
"1400000US25015822500","Census Tract 8225; Hampshire County; Massachusetts","5179","176","3595","344","3548","336","3461","337","87","75","47","68","1584","310",
"1400000US25015822601","Census Tract 8226.01; Hampshire County; Massachusetts","1833","242","1372","237","1368","238","1316","239","52","37","4","9","461","91",
"1400000US25015822603","Census Tract 8226.03; Hampshire County; Massachusetts","1310","127","804","113","804","113","742","100","62","39","0","14","506","82",
"1400000US25015822607","Census Tract 8226.07; Hampshire County; Massachusetts","3989","229","2903","204","2896","206","2801","210","95","35","7","12","1086","130",
"1400000US25015822700","Census Tract 8227; Hampshire County; Massachusetts","2579","178","1519","131","1519","131","1487","129","32","17","0","14","1060","126",
"1400000US25017300100","Census Tract 3001; Middlesex County; Massachusetts","2770","93","1877","145","1877","145","1793","141","84","46","0","14","893","149",
"1400000US25017301101","Census Tract 3011.01; Middlesex County; Massachusetts","3249","269","2264","288","2264","288","2150","264","114","71","0","14","985","206",
"1400000US25017301102","Census Tract 3011.02; Middlesex County; Massachusetts","4163","268","2836","313","2836","313","2582","267","254","138","0","19","1327","222",
"1400000US25017310101","Census Tract 3101.01; Middlesex County; Massachusetts","3150","342","1912","289","1912","289","1770","293","142","103","0","14","1238","256",
"1400000US25017310102","Census Tract 3101.02; Middlesex County; Massachusetts","2177","381","1357","289","1357","289","1308","276","49","46","0","14","820","245",
"1400000US25017310200","Census Tract 3102; Middlesex County; Massachusetts","5369","690","3674","622","3674","622","3439","620","235","112","0","19","1695","291",
"1400000US25017310300","Census Tract 3103; Middlesex County; Massachusetts","5138","600","3689","650","3689","650","3436","643","253","149","0","19","1449","328",
"1400000US25017310400","Census Tract 3104; Middlesex County; Massachusetts","2672","486","1741","283","1741","283","1498","249","243","148","0","14","931","357",
"1400000US25017310500","Census Tract 3105; Middlesex County; Massachusetts","3341","538","2678","501","2678","501","2468","430","210","210","0","14","663","201",
"1400000US25017310601","Census Tract 3106.01; Middlesex County; Massachusetts","5049","607","3224","548","3224","548","3177","544","47","60","0","19","1825","281",
"1400000US25017310602","Census Tract 3106.02; Middlesex County; Massachusetts","5421","843","4054","810","4054","810","3707","669","347","338","0","19","1367","351",
"1400000US25017310700","Census Tract 3107; Middlesex County; Massachusetts","3672","528","2351","461","2351","461","2290","465","61","52","0","14","1321","324",
"1400000US25017311100","Census Tract 3111; Middlesex County; Massachusetts","2118","389","1500","325","1500","325","1417","326","83","52","0","14","618","149",
"1400000US25017311200","Census Tract 3112; Middlesex County; Massachusetts","2730","475","1310","454","1310","454","1294","447","16","19","0","14","1420","406",
"1400000US25017311300","Census Tract 3113; Middlesex County; Massachusetts","3705","540","2328","459","2328","459","2112","431","216","148","0","14","1377","274",
"1400000US25017311400","Census Tract 3114; Middlesex County; Massachusetts","4996","705","4084","707","4084","707","3932","727","152","124","0","19","912","226",
"1400000US25017311500","Census Tract 3115; Middlesex County; Massachusetts","2628","425","1912","391","1912","391","1771","376","141","84","0","14","716","197",
"1400000US25017311600","Census Tract 3116; Middlesex County; Massachusetts","5518","899","4038","925","4038","925","3819","893","219","175","0","19","1480","279",
"1400000US25017311700","Census Tract 3117; Middlesex County; Massachusetts","4087","677","2971","484","2971","484","2775","405","196","176","0","19","1116","309",
"1400000US25017311800","Census Tract 3118; Middlesex County; Massachusetts","2923","441","1828","363","1828","363","1705","350","123","91","0","14","1095","197",
"1400000US25017311900","Census Tract 3119; Middlesex County; Massachusetts","2604","356","1496","323","1496","323","1425","314","71","48","0","14","1108","292",
"1400000US25017312000","Census Tract 3120; Middlesex County; Massachusetts","2275","505","1359","357","1359","357","1230","325","129","97","0","14","916","337",
"1400000US25017312100","Census Tract 3121; Middlesex County; Massachusetts","2538","396","1728","346","1685","314","1607","271","78","88","43","63","810","189",
"1400000US25017312200","Census Tract 3122; Middlesex County; Massachusetts","4132","488","2757","471","2757","471","2661","464","96","69","0","19","1375","224",
"1400000US25017312300","Census Tract 3123; Middlesex County; Massachusetts","4297","616","3319","485","3319","485","3202","497","117","141","0","19","978","323",
"1400000US25017312400","Census Tract 3124; Middlesex County; Massachusetts","1633","249","1048","202","1048","202","860","172","188","125","0","14","585","143",
"1400000US25017312501","Census Tract 3125.01; Middlesex County; Massachusetts","4187","455","2929","418","2929","418","2907","419","22","24","0","19","1258","263",
"1400000US25017312502","Census Tract 3125.02; Middlesex County; Massachusetts","3518","396","2502","392","2483","389","2429","388","54","52","19","29","1016","205",
"1400000US25017313101","Census Tract 3131.01; Middlesex County; Massachusetts","5463","547","3884","575","3884","575","3561","607","323","160","0","19","1579","253",
"1400000US25017313102","Census Tract 3131.02; Middlesex County; Massachusetts","4285","546","3087","427","3049","425","2988","417","61","55","38","45","1198","259",
"1400000US25017314101","Census Tract 3141.01; Middlesex County; Massachusetts","5566","615","3592","508","3592","508","3454","489","138","139","0","19","1974","307",
"1400000US25017314102","Census Tract 3141.02; Middlesex County; Massachusetts","5800","598","3798","395","3767","403","3658","387","109","78","31","51","2002","498",
"1400000US25017314200","Census Tract 3142; Middlesex County; Massachusetts","4835","719","3237","511","3237","511","3016","541","221","140","0","19","1598","437",
"1400000US25017314301","Census Tract 3143.01; Middlesex County; Massachusetts","7276","616","5070","472","5070","472","4896","457","174","132","0","19","2206","349",
"1400000US25017314302","Census Tract 3143.02; Middlesex County; Massachusetts","2888","295","2125","332","2125","332","2059","325","66","49","0","14","763","135",
"1400000US25017315100","Census Tract 3151; Middlesex County; Massachusetts","4795","614","3403","481","3403","481","3346","477","57","40","0","19","1392","251",
"1400000US25017315200","Census Tract 3152; Middlesex County; Massachusetts","7143","768","4981","711","4981","711","4865","708","116","84","0","19","2162","337",
"1400000US25017315401","Census Tract 3154.01; Middlesex County; Massachusetts","3764","759","2256","562","2256","562","1979","307","277","291","0","14","1508","262",
"1400000US25017315402","Census Tract 3154.02; Middlesex County; Massachusetts","2924","365","1941","287","1941","287","1806","230","135","108","0","14","983","236",
"1400000US25017315403","Census Tract 3154.03; Middlesex County; Massachusetts","1455","128","1006","116","1006","116","971","119","35","28","0","14","449","69",
"1400000US25017315500","Census Tract 3155; Middlesex County; Massachusetts","6263","849","4408","655","4408","655","4357","663","51","44","0","19","1855","431",
"1400000US25017316101","Census Tract 3161.01; Middlesex County; Massachusetts","3868","345","2706","307","2706","307","2591","288","115","57","0","14","1162","202",
"1400000US25017316102","Census Tract 3161.02; Middlesex County; Massachusetts","5549","850","4135","799","4135","799","4105","801","30","44","0","19","1414","277",
"1400000US25017316201","Census Tract 3162.01; Middlesex County; Massachusetts","3633","397","2385","355","2385","355","2336","354","49","42","0","14","1248","307",
"1400000US25017316202","Census Tract 3162.02; Middlesex County; Massachusetts","3093","267","2197","216","2197","216","2140","203","57","47","0","14","896","174",
"1400000US25017316300","Census Tract 3163; Middlesex County; Massachusetts","7560","862","5601","775","5583","768","5284","670","299","202","18","30","1959","501",
"1400000US25017316400","Census Tract 3164; Middlesex County; Massachusetts","6087","580","3918","561","3918","561","3811","571","107","77","0","19","2169","372",
"1400000US25017316500","Census Tract 3165; Middlesex County; Massachusetts","5842","725","4229","676","4229","676","3930","577","299","188","0","19","1613","341",
"1400000US25017317101","Census Tract 3171.01; Middlesex County; Massachusetts","5335","576","3476","490","3476","490","3096","497","380","172","0","19","1859","316",
"1400000US25017317102","Census Tract 3171.02; Middlesex County; Massachusetts","4010","757","2639","378","2602","378","2511","382","91","67","37","36","1371","502",
"1400000US25017317103","Census Tract 3171.03; Middlesex County; Massachusetts","4284","497","2926","338","2926","338","2682","258","244","169","0","14","1358","264",
"1400000US25017317201","Census Tract 3172.01; Middlesex County; Massachusetts","2241","159","1469","153","1469","153","1369","159","100","67","0","14","772","147",
"1400000US25017317202","Census Tract 3172.02; Middlesex County; Massachusetts","3152","664","2165","526","2153","527","2077","543","76","64","12","19","987","211",
"1400000US25017317203","Census Tract 3172.03; Middlesex County; Massachusetts","3114","364","2335","391","2335","391","2262","386","73","60","0","14","779","110",
"1400000US25017317301","Census Tract 3173.01; Middlesex County; Massachusetts","2686","642","1937","608","1931","609","1882","601","49","37","6","12","749","151",
"1400000US25017317302","Census Tract 3173.02; Middlesex County; Massachusetts","4824","559","3510","533","3510","533","3436","523","74","58","0","19","1314","316",
"1400000US25017318100","Census Tract 3181; Middlesex County; Massachusetts","5546","553","3690","363","3673","367","3404","369","269","136","17","29","1856","452",
"1400000US25017318200","Census Tract 3182; Middlesex County; Massachusetts","3809","314","2797","282","2789","284","2733","282","56","50","8","14","1012","183",
"1400000US25017318300","Census Tract 3183; Middlesex County; Massachusetts","6404","554","4754","556","4737","556","4528","547","209","133","17","27","1650","273",
"1400000US25017318400","Census Tract 3184; Middlesex County; Massachusetts","3396","260","2364","235","2352","236","2234","205","118","89","12","21","1032","168",
"1400000US25017320102","Census Tract 3201.02; Middlesex County; Massachusetts","4102","377","3026","310","3026","310","2990","303","36","32","0","19","1076","208",
"1400000US25017320105","Census Tract 3201.05; Middlesex County; Massachusetts","1867","187","1350","156","1350","156","1293","153","57","50","0","14","517","118",
"1400000US25017320106","Census Tract 3201.06; Middlesex County; Massachusetts","5068","851","3596","587","3596","587","3531","587","65","62","0","19","1472","458",
"1400000US25017320107","Census Tract 3201.07; Middlesex County; Massachusetts","3276","399","2567","381","2567","381","2481","374","86","55","0","14","709","163",
"1400000US25017321100","Census Tract 3211; Middlesex County; Massachusetts","5585","627","3605","553","3605","553","3243","457","362","267","0","19","1980","338",
"1400000US25017321200","Census Tract 3212; Middlesex County; Massachusetts","6016","804","4575","708","4575","708","4409","720","166","119","0","19","1441","253",
"1400000US25017321301","Census Tract 3213.01; Middlesex County; Massachusetts","3930","631","3078","544","3078","544","2869","553","209","210","0","14","852","247",
"1400000US25017321302","Census Tract 3213.02; Middlesex County; Massachusetts","2677","563","1886","544","1886","544","1847","546","39","45","0","14","791","151",
"1400000US25017321400","Census Tract 3214; Middlesex County; Massachusetts","3584","394","2404","306","2404","306","2365","302","39","37","0","14","1180","186",
"1400000US25017321500","Census Tract 3215; Middlesex County; Massachusetts","6117","815","4503","575","4503","575","4232","549","271","188","0","19","1614","451",
"1400000US25017321600","Census Tract 3216; Middlesex County; Massachusetts","5888","687","4362","674","4362","674","4109","614","253","173","0","19","1526","329",
"1400000US25017322100","Census Tract 3221; Middlesex County; Massachusetts","3685","361","2672","294","2672","294","2576","290","96","57","0","14","1013","183",
"1400000US25017322200","Census Tract 3222; Middlesex County; Massachusetts","3879","355","2462","293","2462","293","2383","292","79","54","0","14","1417","251",
"1400000US25017322300","Census Tract 3223; Middlesex County; Massachusetts","5106","544","3095","480","3095","480","2973","473","122","71","0","19","2011","376",
"1400000US25017322400","Census Tract 3224; Middlesex County; Massachusetts","3983","385","2957","409","2957","409","2721","339","236","156","0","14","1026","214",
"1400000US25017323101","Census Tract 3231.01; Middlesex County; Massachusetts","3029","260","2056","262","1979","264","1833","194","146","180","77","114","973","142",
"1400000US25017323102","Census Tract 3231.02; Middlesex County; Massachusetts","2684","305","1973","273","1973","273","1955","274","18","20","0","14","711","161",
"1400000US25017324101","Census Tract 3241.01; Middlesex County; Massachusetts","4567","392","3022","281","3022","281","2883","319","139","129","0","19","1545","370",
"1400000US25017324102","Census Tract 3241.02; Middlesex County; Massachusetts","3745","358","2621","309","2621","309","2487","318","134","72","0","14","1124","210",
"1400000US25017325101","Census Tract 3251.01; Middlesex County; Massachusetts","3363","335","2679","349","2679","349","2430","414","249","228","0","14","684","180",
"1400000US25017325102","Census Tract 3251.02; Middlesex County; Massachusetts","3845","392","2709","305","2709","305","2581","306","128","94","0","14","1136","251",
"1400000US25017326101","Census Tract 3261.01; Middlesex County; Massachusetts","3628","303","2650","317","2650","317","2491","275","159","162","0","19","978","187",
"1400000US25017326102","Census Tract 3261.02; Middlesex County; Massachusetts","4785","516","3246","490","3246","490","3090","492","156","80","0","19","1539","356",
"1400000US25017327101","Census Tract 3271.01; Middlesex County; Massachusetts","3204","269","2280","269","2280","269","2219","264","61","47","0","14","924","230",
"1400000US25017327102","Census Tract 3271.02; Middlesex County; Massachusetts","3219","360","2483","341","2483","341","2374","336","109","60","0","14","736","153",
"1400000US25017327103","Census Tract 3271.03; Middlesex County; Massachusetts","3226","419","1820","206","1820","206","1748","202","72","48","0","14","1406","359",
"1400000US25017328100","Census Tract 3281; Middlesex County; Massachusetts","2775","82","2076","109","2076","109","1960","111","116","60","0","14","699","106",
"1400000US25017330101","Census Tract 3301.01; Middlesex County; Massachusetts","2807","338","1882","229","1882","229","1867","226","15","18","0","14","925","244",
"1400000US25017330102","Census Tract 3301.02; Middlesex County; Massachusetts","4142","450","2878","378","2865","381","2792","371","73","57","13","23","1264","300",
"1400000US25017330201","Census Tract 3302.01; Middlesex County; Massachusetts","2526","541","1861","444","1861","444","1748","361","113","115","0","14","665","215",
"1400000US25017330202","Census Tract 3302.02; Middlesex County; Massachusetts","3227","388","2303","273","2303","273","2180","258","123","85","0","14","924","258",
"1400000US25017331101","Census Tract 3311.01; Middlesex County; Massachusetts","2675","319","2071","279","2071","279","1897","240","174","85","0","14","604","163",
"1400000US25017331102","Census Tract 3311.02; Middlesex County; Massachusetts","5881","545","4085","558","4075","557","3901","501","174","164","10","19","1796","299",
"1400000US25017331200","Census Tract 3312; Middlesex County; Massachusetts","4464","483","3350","434","3350","434","3237","423","113","53","0","19","1114","168",
"1400000US25017331300","Census Tract 3313; Middlesex County; Massachusetts","5711","468","3963","362","3963","362","3773","342","190","116","0","19","1748","309",
"1400000US25017332100","Census Tract 3321; Middlesex County; Massachusetts","4778","527","3223","361","3223","361","3042","380","181","125","0","19","1555","381",
"1400000US25017332201","Census Tract 3322.01; Middlesex County; Massachusetts","1911","450","998","150","998","150","902","155","96","88","0","14","913","440",
"1400000US25017332202","Census Tract 3322.02; Middlesex County; Massachusetts","5911","749","4213","640","4198","642","4112","646","86","73","15","24","1698","356",
"1400000US25017332300","Census Tract 3323; Middlesex County; Massachusetts","5658","700","4077","665","4077","665","3916","681","161","103","0","19","1581","352",
"1400000US25017332401","Census Tract 3324.01; Middlesex County; Massachusetts","2136","364","1307","191","1307","191","1210","175","97","71","0","14","829","265",
"1400000US25017332402","Census Tract 3324.02; Middlesex County; Massachusetts","1713","238","1038","202","1038","202","1002","194","36","32","0","14","675","159",
"1400000US25017333100","Census Tract 3331; Middlesex County; Massachusetts","6458","630","4287","587","4287","587","3964","471","323","191","0","19","2171","351",
"1400000US25017333200","Census Tract 3332; Middlesex County; Massachusetts","4589","770","3552","784","3552","784","3307","726","245","156","0","19","1037","268",
"1400000US25017333300","Census Tract 3333; Middlesex County; Massachusetts","3463","469","2744","379","2744","379","2654","381","90","60","0","14","719","177",
"1400000US25017333400","Census Tract 3334; Middlesex County; Massachusetts","5607","665","4154","610","4154","610","3649","474","505","419","0","19","1453","385",
"1400000US25017333501","Census Tract 3335.01; Middlesex County; Massachusetts","4048","348","3052","366","3052","366","2737","292","315","254","0","19","996","212",
"1400000US25017333502","Census Tract 3335.02; Middlesex County; Massachusetts","2913","559","2089","434","2089","434","1776","262","313","300","0","14","824","246",
"1400000US25017333601","Census Tract 3336.01; Middlesex County; Massachusetts","1991","365","1662","348","1662","348","1545","346","117","56","0","14","329","189",
"1400000US25017333602","Census Tract 3336.02; Middlesex County; Massachusetts","6161","649","4417","504","4417","504","4278","511","139","102","0","19","1744","464",
"1400000US25017334100","Census Tract 3341; Middlesex County; Massachusetts","5547","478","3859","420","3859","420","3768","423","91","69","0","19","1688","334",
"1400000US25017334200","Census Tract 3342; Middlesex County; Massachusetts","3312","377","2306","400","2306","400","2277","403","29","34","0","14","1006","187",
"1400000US25017334300","Census Tract 3343; Middlesex County; Massachusetts","6095","561","3864","412","3864","412","3695","388","169","160","0","19","2231","387",
"1400000US25017334400","Census Tract 3344; Middlesex County; Massachusetts","5528","658","3725","589","3725","589","3560","555","165","114","0","19","1803","280",
"1400000US25017335100","Census Tract 3351; Middlesex County; Massachusetts","5243","484","3688","452","3688","452","3474","450","214","174","0","19","1555","418",
"1400000US25017335200","Census Tract 3352; Middlesex County; Massachusetts","5215","533","3664","479","3664","479","3582","474","82","68","0","19","1551","294",
"1400000US25017335301","Census Tract 3353.01; Middlesex County; Massachusetts","3744","466","2756","426","2756","426","2687","430","69","43","0","14","988","200",
"1400000US25017335302","Census Tract 3353.02; Middlesex County; Massachusetts","4251","610","2999","359","2999","359","2842","399","157","107","0","19","1252","392",
"1400000US25017335400","Census Tract 3354; Middlesex County; Massachusetts","4437","392","3051","335","3051","335","2869","329","182","78","0","19","1386","184",
"1400000US25017336100","Census Tract 3361; Middlesex County; Massachusetts","4751","533","3145","464","3145","464","3046","466","99","93","0","19","1606","328",
"1400000US25017336201","Census Tract 3362.01; Middlesex County; Massachusetts","2487","464","1702","327","1702","327","1579","306","123","118","0","14","785","272",
"1400000US25017336202","Census Tract 3362.02; Middlesex County; Massachusetts","2588","328","1692","275","1692","275","1651","273","41","37","0","14","896","196",
"1400000US25017336300","Census Tract 3363; Middlesex County; Massachusetts","5408","552","3853","405","3792","395","3702","360","90","109","61","69","1555","306",
"1400000US25017336402","Census Tract 3364.02; Middlesex County; Massachusetts","4248","801","2774","471","2774","471","2641","413","133","94","0","19","1474","404",
"1400000US25017336403","Census Tract 3364.03; Middlesex County; Massachusetts","2902","424","2122","361","2114","358","2036","327","78","88","8","13","780","259",
"1400000US25017336404","Census Tract 3364.04; Middlesex County; Massachusetts","2135","244","1558","232","1558","232","1494","243","64","51","0","14","577","148",
"1400000US25017337101","Census Tract 3371.01; Middlesex County; Massachusetts","2521","233","1766","218","1766","218","1754","215","12","17","0","14","755","126",
"1400000US25017337102","Census Tract 3371.02; Middlesex County; Massachusetts","4400","424","3248","439","3248","439","3126","456","122","89","0","19","1152","322",
"1400000US25017337201","Census Tract 3372.01; Middlesex County; Massachusetts","2691","285","1841","248","1841","248","1770","232","71","44","0","14","850","144",
"1400000US25017337202","Census Tract 3372.02; Middlesex County; Massachusetts","3961","405","2625","352","2625","352","2541","370","84","75","0","14","1336","236",
"1400000US25017337300","Census Tract 3373; Middlesex County; Massachusetts","5365","563","3723","485","3700","486","3698","486","2","6","23","37","1642","369",
"1400000US25017338100","Census Tract 3381; Middlesex County; Massachusetts","2588","269","1740","221","1740","221","1694","219","46","33","0","14","848","219",
"1400000US25017338200","Census Tract 3382; Middlesex County; Massachusetts","3385","387","2486","337","2486","337","2346","304","140","131","0","14","899","138",
"1400000US25017338300","Census Tract 3383; Middlesex County; Massachusetts","2619","259","1600","230","1600","230","1582","231","18","19","0","14","1019","231",
"1400000US25017338400","Census Tract 3384; Middlesex County; Massachusetts","4751","396","3225","333","3225","333","3036","365","189","140","0","19","1526","275",
"1400000US25017338500","Census Tract 3385; Middlesex County; Massachusetts","4520","391","3020","353","3020","353","2957","342","63","46","0","19","1500","374",
"1400000US25017339101","Census Tract 3391.01; Middlesex County; Massachusetts","2899","358","1585","289","1565","296","1529","302","36","33","20","35","1314","297",
"1400000US25017339102","Census Tract 3391.02; Middlesex County; Massachusetts","2775","283","1856","232","1856","232","1837","238","19","29","0","14","919","147",
"1400000US25017339200","Census Tract 3392; Middlesex County; Massachusetts","5056","621","3620","452","3620","452","3403","445","217","128","0","19","1436","303",
"1400000US25017339300","Census Tract 3393; Middlesex County; Massachusetts","2785","354","2197","334","2197","334","2106","333","91","47","0","14","588","133",
"1400000US25017339400","Census Tract 3394; Middlesex County; Massachusetts","3375","906","2587","916","2587","916","2416","735","171","191","0","14","788","194",
"1400000US25017339500","Census Tract 3395; Middlesex County; Massachusetts","5077","519","2990","475","2990","475","2892","468","98","51","0","19","2087","215",
"1400000US25017339600","Census Tract 3396; Middlesex County; Massachusetts","5110","869","4226","739","4226","739","4131","733","95","134","0","19","884","345",
"1400000US25017339700","Census Tract 3397; Middlesex County; Massachusetts","3425","402","2574","343","2574","343","2527","347","47","42","0","14","851","209",
"1400000US25017339802","Census Tract 3398.02; Middlesex County; Massachusetts","4035","534","2846","518","2775","525","2684","519","91","78","71","79","1189","262",
"1400000US25017339803","Census Tract 3398.03; Middlesex County; Massachusetts","3487","600","2712","456","2712","456","2497","391","215","190","0","14","775","301",
"1400000US25017339804","Census Tract 3398.04; Middlesex County; Massachusetts","2430","486","1803","317","1803","317","1757","317","46","43","0","14","627","316",
"1400000US25017339900","Census Tract 3399; Middlesex County; Massachusetts","4299","651","3298","521","3298","521","3201","492","97","96","0","19","1001","294",
"1400000US25017340000","Census Tract 3400; Middlesex County; Massachusetts","2310","342","1763","337","1763","337","1652","324","111","88","0","14","547","181",
"1400000US25017340100","Census Tract 3401; Middlesex County; Massachusetts","5768","732","4107","550","4086","550","3787","462","299","211","21","33","1661","320",
"1400000US25017341101","Census Tract 3411.01; Middlesex County; Massachusetts","3306","540","2249","358","2249","358","2166","364","83","53","0","14","1057","290",
"1400000US25017341102","Census Tract 3411.02; Middlesex County; Massachusetts","5009","720","3469","645","3469","645","3329","628","140","94","0","19","1540","471",
"1400000US25017341200","Census Tract 3412; Middlesex County; Massachusetts","5448","800","4180","786","4180","786","3721","579","459","312","0","19","1268","318",
"1400000US25017341301","Census Tract 3413.01; Middlesex County; Massachusetts","3822","524","2738","528","2738","528","2621","524","117","105","0","14","1084","357",
"1400000US25017341302","Census Tract 3413.02; Middlesex County; Massachusetts","2383","703","1764","695","1764","695","1630","732","134","102","0","14","619","223",
"1400000US25017341400","Census Tract 3414; Middlesex County; Massachusetts","5720","837","4030","693","4030","693","3920","707","110","93","0","19","1690","500",
"1400000US25017341500","Census Tract 3415; Middlesex County; Massachusetts","4139","574","2896","434","2896","434","2637","335","259","172","0","19","1243","276",
"1400000US25017341600","Census Tract 3416; Middlesex County; Massachusetts","5707","808","4117","595","4117","595","4022","592","95","83","0","19","1590","341",
"1400000US25017341700","Census Tract 3417; Middlesex County; Massachusetts","4680","588","3641","563","3641","563","3344","520","297","257","0","19","1039","249",
"1400000US25017341800","Census Tract 3418; Middlesex County; Massachusetts","5104","720","3720","697","3720","697","3551","693","169","158","0","19","1384","412",
"1400000US25017341901","Census Tract 3419.01; Middlesex County; Massachusetts","987","123","700","120","683","114","671","113","12","14","17","18","287","69",
"1400000US25017341903","Census Tract 3419.03; Middlesex County; Massachusetts","6459","672","4897","511","4865","513","4772","520","93","90","32","58","1562","385",
"1400000US25017341904","Census Tract 3419.04; Middlesex County; Massachusetts","2678","474","1677","391","1677","391","1501","258","176","177","0","14","1001","268",
"1400000US25017342101","Census Tract 3421.01; Middlesex County; Massachusetts","4333","594","3195","512","3195","512","3100","505","95","70","0","19","1138","225",
"1400000US25017342102","Census Tract 3421.02; Middlesex County; Massachusetts","4050","546","2710","402","2710","402","2682","400","28","30","0","14","1340","318",
"1400000US25017342201","Census Tract 3422.01; Middlesex County; Massachusetts","4548","981","3200","906","3200","906","2914","775","286","238","0","19","1348","374",
"1400000US25017342202","Census Tract 3422.02; Middlesex County; Massachusetts","3686","435","2608","359","2608","359","2465","362","143","70","0","14","1078","240",
"1400000US25017342301","Census Tract 3423.01; Middlesex County; Massachusetts","2662","553","2052","558","2052","558","1678","431","374","232","0","14","610","185",
"1400000US25017342302","Census Tract 3423.02; Middlesex County; Massachusetts","3417","528","2577","535","2577","535","2509","530","68","58","0","14","840","293",
"1400000US25017342401","Census Tract 3424.01; Middlesex County; Massachusetts","3061","698","2113","615","2113","615","1975","559","138","213","0","14","948","284",
"1400000US25017342402","Census Tract 3424.02; Middlesex County; Massachusetts","3642","658","2818","656","2818","656","2758","660","60","54","0","14","824","214",
"1400000US25017342501","Census Tract 3425.01; Middlesex County; Massachusetts","3316","431","2202","391","2202","391","2064","377","138","82","0","14","1114","242",
"1400000US25017342502","Census Tract 3425.02; Middlesex County; Massachusetts","3114","1027","2561","838","2561","838","2428","836","133","100","0","14","553","275",
"1400000US25017342600","Census Tract 3426; Middlesex County; Massachusetts","4600","591","3262","563","3246","570","3099","578","147","85","16","28","1338","382",
"1400000US25017350105","Census Tract 3501.05; Middlesex County; Massachusetts","1146","146","831","104","831","104","801","108","30","25","0","14","315","90",
"1400000US25017350106","Census Tract 3501.06; Middlesex County; Massachusetts","1987","222","1678","207","1678","207","1562","206","116","73","0","14","309","98",
"1400000US25017350107","Census Tract 3501.07; Middlesex County; Massachusetts","912","218","691","169","691","169","671","168","20","16","0","14","221","81",
"1400000US25017350108","Census Tract 3501.08; Middlesex County; Massachusetts","3125","486","2129","405","2129","405","2027","393","102","65","0","14","996","259",
"1400000US25017350109","Census Tract 3501.09; Middlesex County; Massachusetts","2321","580","1785","451","1785","451","1761","450","24","21","0","14","536","247",
"1400000US25017350201","Census Tract 3502.01; Middlesex County; Massachusetts","2575","541","1958","499","1958","499","1855","402","103","155","0","14","617","181",
"1400000US25017350202","Census Tract 3502.02; Middlesex County; Massachusetts","3572","419","2959","413","2959","413","2887","393","72","57","0","14","613","182",
"1400000US25017350300","Census Tract 3503; Middlesex County; Massachusetts","2522","365","2027","368","2019","368","2010","368","9","11","8","12","495","146",
"1400000US25017350400","Census Tract 3504; Middlesex County; Massachusetts","5656","958","4743","664","4743","664","4729","662","14","23","0","19","913","443",
"1400000US25017350500","Census Tract 3505; Middlesex County; Massachusetts","1429","223","1189","207","1189","207","1136","202","53","33","0","14","240","75",
"1400000US25017350600","Census Tract 3506; Middlesex County; Massachusetts","4965","359","2967","357","2967","357","2886","365","81","48","0","19","1998","176",
"1400000US25017350701","Census Tract 3507.01; Middlesex County; Massachusetts","2747","484","2277","470","2277","470","2192","458","85","63","0","14","470","155",
"1400000US25017350702","Census Tract 3507.02; Middlesex County; Massachusetts","2930","414","1972","455","1972","455","1831","434","141","102","0","14","958","208",
"1400000US25017350800","Census Tract 3508; Middlesex County; Massachusetts","1818","210","1529","202","1524","202","1454","196","70","37","5","9","289","113",
"1400000US25017350900","Census Tract 3509; Middlesex County; Massachusetts","3360","332","2866","318","2866","318","2790","312","76","48","0","14","494","120",
"1400000US25017351001","Census Tract 3510.01; Middlesex County; Massachusetts","3887","643","3455","645","3455","645","3324","634","131","90","0","14","432","155",
"1400000US25017351002","Census Tract 3510.02; Middlesex County; Massachusetts","2478","399","2079","383","2079","383","2048","383","31","36","0","14","399","112",
"1400000US25017351101","Census Tract 3511.01; Middlesex County; Massachusetts","2956","415","2410","372","2410","372","2327","369","83","63","0","14","546","142",
"1400000US25017351102","Census Tract 3511.02; Middlesex County; Massachusetts","2141","467","1734","464","1734","464","1718","464","16","20","0","14","407","133",
"1400000US25017351203","Census Tract 3512.03; Middlesex County; Massachusetts","4091","611","3602","593","3576","595","3503","598","73","64","26","41","489","194",
"1400000US25017351204","Census Tract 3512.04; Middlesex County; Massachusetts","3607","440","2904","425","2904","425","2872","419","32","43","0","14","703","241",
"1400000US25017351300","Census Tract 3513; Middlesex County; Massachusetts","4044","552","3196","539","3196","539","3083","523","113","94","0","14","848","219",
"1400000US25017351403","Census Tract 3514.03; Middlesex County; Massachusetts","3577","436","2663","411","2663","411","2629","414","34","35","0","14","914","231",
"1400000US25017351404","Census Tract 3514.04; Middlesex County; Massachusetts","3343","384","2675","309","2675","309","2553","299","122","85","0","14","668","186",
"1400000US25017351500","Census Tract 3515; Middlesex County; Massachusetts","2659","495","2055","392","2055","392","1948","359","107","95","0","14","604","241",
"1400000US25017352101","Census Tract 3521.01; Middlesex County; Massachusetts","3235","379","2507","355","2461","362","2440","360","21","21","46","61","728","198",
"1400000US25017352102","Census Tract 3521.02; Middlesex County; Massachusetts","2561","497","1928","361","1928","361","1695","268","233","258","0","14","633","189",
"1400000US25017352200","Census Tract 3522; Middlesex County; Massachusetts","1763","354","1102","171","1102","171","1051","161","51","53","0","14","661","282",
"1400000US25017352300","Census Tract 3523; Middlesex County; Massachusetts","4273","542","3538","478","3538","478","3523","477","15","26","0","14","735","241",
"1400000US25017352400","Census Tract 3524; Middlesex County; Massachusetts","1344","172","969","148","969","148","886","134","83","76","0","14","375","109",
"1400000US25017352500","Census Tract 3525; Middlesex County; Massachusetts","2987","452","2384","276","2376","275","2279","285","97","74","8","14","603","314",
"1400000US25017352600","Census Tract 3526; Middlesex County; Massachusetts","2532","422","1814","285","1799","281","1746","271","53","48","15","25","718","291",
"1400000US25017352700","Census Tract 3527; Middlesex County; Massachusetts","1778","340","1335","231","1335","231","1312","227","23","32","0","14","443","157",
"1400000US25017352800","Census Tract 3528; Middlesex County; Massachusetts","1761","310","1320","189","1314","188","1293","185","21","15","6","9","441","171",
"1400000US25017352900","Census Tract 3529; Middlesex County; Massachusetts","2642","365","2070","352","2070","352","1982","346","88","46","0","14","572","165",
"1400000US25017353000","Census Tract 3530; Middlesex County; Massachusetts","2752","379","2233","321","2233","321","2173","316","60","53","0","14","519","153",
"1400000US25017353101","Census Tract 3531.01; Middlesex County; Massachusetts","3394","323","2374","298","2361","297","2195","302","166","84","13","21","1020","252",
"1400000US25017353102","Census Tract 3531.02; Middlesex County; Massachusetts","5751","152","2988","282","2982","282","2873","290","109","67","6","9","2763","267",
"1400000US25017353200","Census Tract 3532; Middlesex County; Massachusetts","4977","374","3716","391","3716","391","3612","359","104","84","0","19","1261","212",
"1400000US25017353300","Census Tract 3533; Middlesex County; Massachusetts","3486","540","2700","375","2700","375","2630","373","70","35","0","14","786","301",
"1400000US25017353600","Census Tract 3536; Middlesex County; Massachusetts","4539","438","2762","337","2762","337","2643","319","119","82","0","14","1777","286",
"1400000US25017353700","Census Tract 3537; Middlesex County; Massachusetts","5057","453","2678","375","2678","375","2638","376","40","30","0","19","2379","290",
"1400000US25017353800","Census Tract 3538; Middlesex County; Massachusetts","3935","564","2897","530","2897","530","2855","533","42","41","0","14","1038","278",
"1400000US25017353900","Census Tract 3539; Middlesex County; Massachusetts","5640","367","2983","344","2973","345","2893","351","80","56","10","15","2657","327",
"1400000US25017354000","Census Tract 3540; Middlesex County; Massachusetts","4460","329","2685","290","2671","287","2597","286","74","52","14","22","1775","282",
"1400000US25017354100","Census Tract 3541; Middlesex County; Massachusetts","2119","226","1272","224","1272","224","1242","218","30","25","0","14","847","150",
"1400000US25017354200","Census Tract 3542; Middlesex County; Massachusetts","2607","323","1778","289","1769","290","1657","277","112","62","9","15","829","126",
"1400000US25017354300","Census Tract 3543; Middlesex County; Massachusetts","2727","302","1876","242","1876","242","1785","242","91","63","0","14","851","157",
"1400000US25017354400","Census Tract 3544; Middlesex County; Massachusetts","1638","216","1132","148","1132","148","1060","121","72","60","0","14","506","137",
"1400000US25017354500","Census Tract 3545; Middlesex County; Massachusetts","1631","281","1090","172","1090","172","1070","168","20","19","0","14","541","175",
"1400000US25017354601","Census Tract 3546.01; Middlesex County; Massachusetts","1646","250","1167","276","1167","276","1113","259","54","53","0","14","479","145",
"1400000US25017354602","Census Tract 3546.02; Middlesex County; Massachusetts","3422","409","2527","417","2527","417","2422","403","105","57","0","14","895","209",
"1400000US25017354700","Census Tract 3547; Middlesex County; Massachusetts","2502","293","1801","221","1801","221","1763","217","38","32","0","14","701","152",
"1400000US25017354800","Census Tract 3548; Middlesex County; Massachusetts","2066","330","1723","299","1723","299","1695","303","28","22","0","14","343","118",
"1400000US25017354901","Census Tract 3549.01; Middlesex County; Massachusetts","2822","516","2476","414","2476","414","2449","413","27","28","0","14","346","164",
"1400000US25017354902","Census Tract 3549.02; Middlesex County; Massachusetts","4498","821","2868","717","2868","717","2835","714","33","35","0","19","1630","261",
"1400000US25017355000","Census Tract 3550; Middlesex County; Massachusetts","2931","498","2442","451","2442","451","2314","380","128","111","0","14","489","119",
"1400000US25017356100","Census Tract 3561; Middlesex County; Massachusetts","2949","328","2273","304","2260","308","2205","310","55","35","13","20","676","151",
"1400000US25017356300","Census Tract 3563; Middlesex County; Massachusetts","4826","634","4135","596","4135","596","3991","593","144","84","0","19","691","158",
"1400000US25017356400","Census Tract 3564; Middlesex County; Massachusetts","5807","417","4088","421","4088","421","3904","394","184","112","0","19","1719","203",
"1400000US25017356500","Census Tract 3565; Middlesex County; Massachusetts","5770","563","4066","420","4066","420","3980","414","86","72","0","19","1704","336",
"1400000US25017356601","Census Tract 3566.01; Middlesex County; Massachusetts","3450","368","2692","295","2692","295","2622","297","70","58","0","14","758","234",
"1400000US25017356602","Census Tract 3566.02; Middlesex County; Massachusetts","3648","487","2570","326","2570","326","2555","324","15","18","0","14","1078","337",
"1400000US25017356701","Census Tract 3567.01; Middlesex County; Massachusetts","5500","512","4204","477","4204","477","4047","462","157","95","0","19","1296","266",
"1400000US25017356703","Census Tract 3567.03; Middlesex County; Massachusetts","2762","447","1687","350","1687","350","1592","277","95","100","0","14","1075","248",
"1400000US25017356704","Census Tract 3567.04; Middlesex County; Massachusetts","3186","375","2411","335","2411","335","2403","335","8","13","0","14","775","179",
"1400000US25017357100","Census Tract 3571; Middlesex County; Massachusetts","4312","412","2960","415","2960","415","2762","329","198","160","0","19","1352","226",
"1400000US25017357200","Census Tract 3572; Middlesex County; Massachusetts","2520","249","1726","191","1726","191","1646","195","80","45","0","14","794","215",
"1400000US25017357300","Census Tract 3573; Middlesex County; Massachusetts","2586","265","1897","241","1890","241","1879","239","11","18","7","12","689","158",
"1400000US25017357400","Census Tract 3574; Middlesex County; Massachusetts","1915","260","1288","176","1288","176","1247","175","41","33","0","14","627","133",
"1400000US25017357500","Census Tract 3575; Middlesex County; Massachusetts","1887","238","1425","242","1425","242","1383","236","42","28","0","14","462","84",
"1400000US25017357600","Census Tract 3576; Middlesex County; Massachusetts","2220","309","1558","282","1558","282","1488","283","70","67","0","14","662","151",
"1400000US25017357700","Census Tract 3577; Middlesex County; Massachusetts","3292","327","2066","237","2066","237","1982","222","84","55","0","14","1226","223",
"1400000US25017357800","Census Tract 3578; Middlesex County; Massachusetts","2993","342","1917","242","1917","242","1799","253","118","64","0","14","1076","268",
"1400000US25017358100","Census Tract 3581; Middlesex County; Massachusetts","4128","363","2800","294","2800","294","2702","286","98","50","0","19","1328","195",
"1400000US25017358300","Census Tract 3583; Middlesex County; Massachusetts","4911","540","2856","409","2856","409","2856","409","0","19","0","19","2055","384",
"1400000US25017358400","Census Tract 3584; Middlesex County; Massachusetts","4084","412","2253","241","2253","241","2141","231","112","62","0","14","1831","351",
"1400000US25017358500","Census Tract 3585; Middlesex County; Massachusetts","4474","470","2919","346","2919","346","2802","356","117","63","0","19","1555","223",
"1400000US25017358600","Census Tract 3586; Middlesex County; Massachusetts","4876","394","3254","359","3254","359","3163","344","91","82","0","19","1622","416",
"1400000US25017358700","Census Tract 3587; Middlesex County; Massachusetts","4336","427","3046","436","3046","436","2961","437","85","55","0","19","1290","166",
"1400000US25017359100","Census Tract 3591; Middlesex County; Massachusetts","5768","456","3839","427","3839","427","3716","426","123","81","0","19","1929","270",
"1400000US25017359301","Census Tract 3593.01; Middlesex County; Massachusetts","0","14","0","14","0","14","0","14","0","14","0","14","0","14",
"1400000US25017359302","Census Tract 3593.02; Middlesex County; Massachusetts","0","14","0","14","0","14","0","14","0","14","0","14","0","14",
"1400000US25017359303","Census Tract 3593.03; Middlesex County; Massachusetts","6261","513","4305","489","4267","491","3897","421","370","303","38","29","1956","317",
"1400000US25017359400","Census Tract 3594; Middlesex County; Massachusetts","6278","499","4497","393","4485","396","4278","363","207","146","12","20","1781","392",
"1400000US25017360300","Census Tract 3603; Middlesex County; Massachusetts","5451","354","3270","275","2596","310","2540","303","56","57","674","234","2181","381",
"1400000US25017361100","Census Tract 3611; Middlesex County; Massachusetts","4284","434","2525","365","2525","365","2431","354","94","61","0","19","1759","256",
"1400000US25017361200","Census Tract 3612; Middlesex County; Massachusetts","4965","374","2579","335","2579","335","2498","341","81","70","0","19","2386","241",
"1400000US25017361300","Census Tract 3613; Middlesex County; Massachusetts","5382","509","2607","332","2607","332","2499","334","108","80","0","19","2775","434",
"1400000US25017362100","Census Tract 3621; Middlesex County; Massachusetts","3944","226","2464","200","2464","200","2362","198","102","63","0","19","1480","177",
"1400000US25017363103","Census Tract 3631.03; Middlesex County; Massachusetts","2741","309","1822","245","1822","245","1695","223","127","79","0","14","919","167",
"1400000US25017363104","Census Tract 3631.04; Middlesex County; Massachusetts","5118","406","3579","374","3579","374","3486","377","93","81","0","19","1539","243",
"1400000US25017363105","Census Tract 3631.05; Middlesex County; Massachusetts","3237","454","2295","473","2295","473","2014","295","281","233","0","14","942","189",
"1400000US25017363106","Census Tract 3631.06; Middlesex County; Massachusetts","2557","211","1655","187","1655","187","1594","195","61","48","0","14","902","140",
"1400000US25017363201","Census Tract 3632.01; Middlesex County; Massachusetts","2781","325","1866","267","1866","267","1842","269","24","26","0","14","915","173",
"1400000US25017363202","Census Tract 3632.02; Middlesex County; Massachusetts","3005","310","2329","281","2329","281","2284","285","45","31","0","14","676","161",
"1400000US25017364101","Census Tract 3641.01; Middlesex County; Massachusetts","4975","336","3634","392","3634","392","3497","420","137","170","0","19","1341","272",
"1400000US25017364102","Census Tract 3641.02; Middlesex County; Massachusetts","4048","453","2790","360","2790","360","2574","334","216","116","0","14","1258","255",
"1400000US25017365100","Census Tract 3651; Middlesex County; Massachusetts","6286","557","3766","383","3766","383","3620","381","146","92","0","19","2520","432",
"1400000US25017365201","Census Tract 3652.01; Middlesex County; Massachusetts","4813","461","3320","361","3320","361","3137","354","183","173","0","19","1493","253",
"1400000US25017365202","Census Tract 3652.02; Middlesex County; Massachusetts","3747","285","2383","251","2383","251","2315","252","68","41","0","14","1364","190",
"1400000US25017366100","Census Tract 3661; Middlesex County; Massachusetts","3798","273","2485","256","2485","256","2416","252","69","42","0","14","1313","185",
"1400000US25017366201","Census Tract 3662.01; Middlesex County; Massachusetts","2782","358","1949","265","1949","265","1924","266","25","23","0","14","833","176",
"1400000US25017366202","Census Tract 3662.02; Middlesex County; Massachusetts","4407","476","2881","386","2881","386","2734","369","147","82","0","19","1526","215",
"1400000US25017367100","Census Tract 3671; Middlesex County; Massachusetts","3731","394","2240","309","2240","309","2164","304","76","48","0","14","1491","295",
"1400000US25017367200","Census Tract 3672; Middlesex County; Massachusetts","5090","275","2858","259","2858","259","2820","249","38","37","0","19","2232","227",
"1400000US25017368101","Census Tract 3681.01; Middlesex County; Massachusetts","4646","464","3263","392","3241","397","3120","385","121","80","22","40","1383","311",
"1400000US25017368102","Census Tract 3681.02; Middlesex County; Massachusetts","4246","971","3138","935","3123","936","3046","947","77","61","15","20","1108","208",
"1400000US25017368200","Census Tract 3682; Middlesex County; Massachusetts","3171","414","2045","282","2045","282","1957","282","88","64","0","14","1126","294",
"1400000US25017368300","Census Tract 3683; Middlesex County; Massachusetts","4946","763","3471","529","3423","505","3346","503","77","67","48","76","1475","494",
"1400000US25017368400","Census Tract 3684; Middlesex County; Massachusetts","8470","563","5249","641","5249","641","5046","672","203","125","0","19","3221","345",
"1400000US25017368500","Census Tract 3685; Middlesex County; Massachusetts","3184","380","2375","332","2366","332","2259","333","107","71","9","13","809","234",
"1400000US25017368600","Census Tract 3686; Middlesex County; Massachusetts","4776","568","4028","489","4028","489","3853","480","175","135","0","19","748","256",
"1400000US25017368700","Census Tract 3687; Middlesex County; Massachusetts","2023","399","1460","286","1460","286","1442","286","18","29","0","14","563","203",
"1400000US25017368800","Census Tract 3688; Middlesex County; Massachusetts","4940","542","3595","565","3595","565","3480","548","115","110","0","19","1345","298",
"1400000US25017368901","Census Tract 3689.01; Middlesex County; Massachusetts","5490","826","3538","839","3538","839","3466","830","72","72","0","19","1952","258",
"1400000US25017368902","Census Tract 3689.02; Middlesex County; Massachusetts","2903","403","2058","361","2058","361","1914","302","144","132","0","14","845","216",
"1400000US25017369000","Census Tract 3690; Middlesex County; Massachusetts","3720","55","1645","198","1645","198","1545","191","100","49","0","14","2075","192",
"1400000US25017369100","Census Tract 3691; Middlesex County; Massachusetts","4283","474","3063","427","3063","427","2911","422","152","114","0","19","1220","232",
"1400000US25017370101","Census Tract 3701.01; Middlesex County; Massachusetts","5672","590","4127","524","4127","524","3890","485","237","154","0","19","1545","326",
"1400000US25017370103","Census Tract 3701.03; Middlesex County; Massachusetts","3091","551","2026","391","2026","391","1962","388","64","54","0","14","1065","275",
"1400000US25017370104","Census Tract 3701.04; Middlesex County; Massachusetts","3464","433","2517","435","2517","435","2291","315","226","186","0","14","947","255",
"1400000US25017370201","Census Tract 3702.01; Middlesex County; Massachusetts","3758","483","2702","392","2702","392","2447","303","255","159","0","14","1056","280",
"1400000US25017370202","Census Tract 3702.02; Middlesex County; Massachusetts","3158","268","2400","227","2400","227","2318","225","82","55","0","14","758","155",
"1400000US25017370301","Census Tract 3703.01; Middlesex County; Massachusetts","3647","469","2758","286","2758","286","2624","277","134","83","0","14","889","311",
"1400000US25017370302","Census Tract 3703.02; Middlesex County; Massachusetts","1646","369","965","242","965","242","881","232","84","110","0","14","681","194",
"1400000US25017370401","Census Tract 3704.01; Middlesex County; Massachusetts","3384","535","2375","305","2375","305","2288","298","87","67","0","14","1009","407",
"1400000US25017370402","Census Tract 3704.02; Middlesex County; Massachusetts","1306","202","1166","205","1166","205","1138","209","28","41","0","14","140","52",
"1400000US25017370403","Census Tract 3704.03; Middlesex County; Massachusetts","1833","228","1408","191","1408","191","1408","191","0","14","0","14","425","141",
"1400000US25017373100","Census Tract 3731; Middlesex County; Massachusetts","4280","610","3335","595","3335","595","3194","611","141","128","0","19","945","263",
"1400000US25017373200","Census Tract 3732; Middlesex County; Massachusetts","4462","464","2884","357","2884","357","2738","332","146","89","0","14","1578","403",
"1400000US25017373300","Census Tract 3733; Middlesex County; Massachusetts","2476","355","1661","297","1661","297","1634","301","27","31","0","14","815","197",
"1400000US25017373400","Census Tract 3734; Middlesex County; Massachusetts","3018","578","1753","222","1753","222","1653","213","100","63","0","14","1265","455",
"1400000US25017373500","Census Tract 3735; Middlesex County; Massachusetts","5038","373","3127","293","3127","293","3027","290","100","51","0","19","1911","242",
"1400000US25017373600","Census Tract 3736; Middlesex County; Massachusetts","5502","260","2955","291","2955","291","2827","288","128","63","0","19","2547","231",
"1400000US25017373700","Census Tract 3737; Middlesex County; Massachusetts","3138","404","2231","379","2231","379","2131","321","100","122","0","14","907","147",
"1400000US25017373800","Census Tract 3738; Middlesex County; Massachusetts","5060","479","3150","461","3150","461","2968","449","182","81","0","19","1910","277",
"1400000US25017373901","Census Tract 3739.01; Middlesex County; Massachusetts","2377","417","1334","197","1334","197","1334","197","0","14","0","14","1043","350",
"1400000US25017373902","Census Tract 3739.02; Middlesex County; Massachusetts","3174","498","1846","230","1846","230","1772","244","74","54","0","14","1328","370",
"1400000US25017374000","Census Tract 3740; Middlesex County; Massachusetts","3719","592","2483","528","2483","528","2415","515","68","54","0","14","1236","201",
"1400000US25017374100","Census Tract 3741; Middlesex County; Massachusetts","4378","475","3084","423","3084","423","2957","419","127","85","0","19","1294","351",
"1400000US25017374200","Census Tract 3742; Middlesex County; Massachusetts","3123","491","2305","363","2305","363","2227","357","78","47","0","14","818","214",
"1400000US25017374300","Census Tract 3743; Middlesex County; Massachusetts","3074","316","1996","235","1996","235","1882","186","114","91","0","14","1078","246",
"1400000US25017374400","Census Tract 3744; Middlesex County; Massachusetts","4668","381","2794","376","2794","376","2752","380","42","39","0","19","1874","325",
"1400000US25017374500","Census Tract 3745; Middlesex County; Massachusetts","3694","409","2640","374","2640","374","2549","363","91","61","0","14","1054","200",
"1400000US25017374600","Census Tract 3746; Middlesex County; Massachusetts","4333","448","3510","406","3510","406","3347","404","163","75","0","19","823","198",
"1400000US25017374700","Census Tract 3747; Middlesex County; Massachusetts","3603","474","2715","402","2715","402","2641","402","74","58","0","14","888","214",
"1400000US25017374800","Census Tract 3748; Middlesex County; Massachusetts","4574","424","2663","347","2663","347","2599","335","64","39","0","19","1911","250",
"1400000US25017382100","Census Tract 3821; Middlesex County; Massachusetts","3807","456","2559","322","2559","322","2481","280","78","75","0","14","1248","265",
"1400000US25017382200","Census Tract 3822; Middlesex County; Massachusetts","4344","559","3376","442","3376","442","3285","429","91","65","0","19","968","272",
"1400000US25017382300","Census Tract 3823; Middlesex County; Massachusetts","4699","544","3260","482","3260","482","3122","486","138","109","0","19","1439","275",
"1400000US25017382400","Census Tract 3824; Middlesex County; Massachusetts","4235","567","2844","505","2844","505","2844","505","0","19","0","19","1391","323",
"1400000US25017382500","Census Tract 3825; Middlesex County; Massachusetts","4903","889","3595","733","3574","733","3371","572","203","191","21","6","1308","288",
"1400000US25017382601","Census Tract 3826.01; Middlesex County; Massachusetts","3947","447","2757","303","2757","303","2643","295","114","92","0","14","1190","342",
"1400000US25017382602","Census Tract 3826.02; Middlesex County; Massachusetts","3964","448","2498","313","2498","313","2462","305","36","35","0","14","1466","340",
"1400000US25017383101","Census Tract 3831.01; Middlesex County; Massachusetts","3321","307","2110","312","2110","312","1992","313","118","95","0","14","1211","151",
"1400000US25017383102","Census Tract 3831.02; Middlesex County; Massachusetts","3330","460","2446","426","2446","426","2154","333","292","188","0","19","884","221",
"1400000US25017383200","Census Tract 3832; Middlesex County; Massachusetts","4895","708","3878","646","3878","646","3764","657","114","121","0","19","1017","278",
"1400000US25017383300","Census Tract 3833; Middlesex County; Massachusetts","3154","395","2088","384","2088","384","1931","358","157","119","0","14","1066","205",
"1400000US25017383401","Census Tract 3834.01; Middlesex County; Massachusetts","2130","617","1658","606","1644","606","1536","529","108","114","14","22","472","188",
"1400000US25017383402","Census Tract 3834.02; Middlesex County; Massachusetts","2938","550","2271","528","2271","528","2222","500","49","60","0","14","667","302",
"1400000US25017383501","Census Tract 3835.01; Middlesex County; Massachusetts","3359","352","2353","286","2353","286","2178","304","175","93","0","14","1006","200",
"1400000US25017383502","Census Tract 3835.02; Middlesex County; Massachusetts","3637","427","2563","328","2563","328","2408","311","155","127","0","14","1074","264",
"1400000US25017383600","Census Tract 3836; Middlesex County; Massachusetts","5299","581","3344","469","3344","469","3120","451","224","118","0","19","1955","459",
"1400000US25017383700","Census Tract 3837; Middlesex County; Massachusetts","4576","522","3366","448","3366","448","3298","439","68","79","0","19","1210","255",
"1400000US25017383800","Census Tract 3838; Middlesex County; Massachusetts","4581","673","3493","634","3493","634","3291","649","202","115","0","19","1088","175",
"1400000US25017383902","Census Tract 3839.02; Middlesex County; Massachusetts","4819","558","3271","501","3271","501","3209","498","62","47","0","19","1548","250",
"1400000US25017383903","Census Tract 3839.03; Middlesex County; Massachusetts","2147","305","1605","232","1605","232","1545","217","60","48","0","14","542","155",
"1400000US25017383904","Census Tract 3839.04; Middlesex County; Massachusetts","4150","479","3131","456","3119","456","3036","470","83","63","12","21","1019","330",
"1400000US25017384003","Census Tract 3840.03; Middlesex County; Massachusetts","4660","756","3524","676","3524","676","3409","663","115","123","0","19","1136","267",
"1400000US25017384004","Census Tract 3840.04; Middlesex County; Massachusetts","1172","174","848","169","848","169","802","135","46","58","0","14","324","70",
"1400000US25017385101","Census Tract 3851.01; Middlesex County; Massachusetts","2618","467","2062","456","2062","456","2030","452","32","38","0","14","556","145",
"1400000US25017385102","Census Tract 3851.02; Middlesex County; Massachusetts","3896","433","2838","419","2838","419","2742","399","96","101","0","14","1058","172",
"1400000US25017385201","Census Tract 3852.01; Middlesex County; Massachusetts","2361","331","1421","232","1421","232","1359","226","62","46","0","14","940","246",
"1400000US25017385203","Census Tract 3852.03; Middlesex County; Massachusetts","4074","433","2847","386","2847","386","2666","286","181","176","0","14","1227","293",
"1400000US25017385204","Census Tract 3852.04; Middlesex County; Massachusetts","2725","276","1948","272","1948","272","1715","225","233","120","0","14","777","166",
"1400000US25017386100","Census Tract 3861; Middlesex County; Massachusetts","3288","118","2285","154","2285","154","2181","160","104","62","0","14","1003","185",
"1400000US25017387100","Census Tract 3871; Middlesex County; Massachusetts","3624","296","2512","284","2512","284","2413","287","99","65","0","14","1112","166",
"1400000US25017387201","Census Tract 3872.01; Middlesex County; Massachusetts","4933","441","3414","376","3414","376","3247","360","167","94","0","19","1519","350",
"1400000US25017387202","Census Tract 3872.02; Middlesex County; Massachusetts","3549","372","2476","353","2476","353","2376","345","100","59","0","14","1073","204",
"1400000US25017388100","Census Tract 3881; Middlesex County; Massachusetts","4600","165","3470","296","3455","296","3277","190","178","176","15","24","1130","222",
"1400000US25017388200","Census Tract 3882; Middlesex County; Massachusetts","5986","260","3150","428","3150","428","2984","454","166","99","0","19","2836","409",
"1400000US25017388300","Census Tract 3883; Middlesex County; Massachusetts","5529","380","2742","357","2742","357","2572","329","170","96","0","19","2787","289",
"1400000US25017980000","Census Tract 9800; Middlesex County; Massachusetts","0","14","0","14","0","14","0","14","0","14","0","14","0","14",
"1400000US25019950100","Census Tract 9501; Nantucket County; Massachusetts","1581","263","966","232","966","232","936","222","30","32","0","14","615","137",
"1400000US25019950201","Census Tract 9502.01; Nantucket County; Massachusetts","3363","671","2632","626","2619","626","2283","452","336","272","13","7","731","220",
"1400000US25019950202","Census Tract 9502.02; Nantucket County; Massachusetts","2442","493","1961","446","1961","446","1961","446","0","14","0","14","481","242",
"1400000US25019950307","Census Tract 9503.07; Nantucket County; Massachusetts","698","324","544","311","544","311","544","311","0","14","0","14","154","66",
"1400000US25019950400","Census Tract 9504; Nantucket County; Massachusetts","2788","562","1989","383","1989","383","1985","383","4","10","0","14","799","357",
"1400000US25019950500","Census Tract 9505; Nantucket County; Massachusetts","1093","210","495","159","495","159","495","159","0","14","0","14","598","132",
"1400000US25019990000","Census Tract 9900; Nantucket County; Massachusetts","0","14","0","14","0","14","0","14","0","14","0","14","0","14",
"1400000US25021400100","Census Tract 4001; Norfolk County; Massachusetts","4728","469","3422","543","3422","543","3296","529","126","103","0","19","1306","302",
"1400000US25021400201","Census Tract 4002.01; Norfolk County; Massachusetts","2811","503","2186","470","2186","470","2104","477","82","116","0","14","625","281",
"1400000US25021400202","Census Tract 4002.02; Norfolk County; Massachusetts","3006","454","1911","393","1911","393","1729","336","182","163","0","14","1095","328",
"1400000US25021400300","Census Tract 4003; Norfolk County; Massachusetts","3656","414","2776","358","2776","358","2686","328","90","100","0","14","880","188",
"1400000US25021400401","Census Tract 4004.01; Norfolk County; Massachusetts","3578","578","2323","439","2323","439","2069","394","254","151","0","14","1255","401",
"1400000US25021400402","Census Tract 4004.02; Norfolk County; Massachusetts","1589","277","1384","277","1384","277","1328","275","56","56","0","14","205","52",
"1400000US25021400500","Census Tract 4005; Norfolk County; Massachusetts","4893","601","4057","622","4057","622","3935","602","122","134","0","19","836","234",
"1400000US25021400600","Census Tract 4006; Norfolk County; Massachusetts","4650","474","3587","420","3587","420","3487","411","100","116","0","19","1063","240",
"1400000US25021400700","Census Tract 4007; Norfolk County; Massachusetts","3441","427","2745","422","2745","422","2673","374","72","101","0","14","696","169",
"1400000US25021400800","Census Tract 4008; Norfolk County; Massachusetts","5012","504","3729","451","3703","456","3658","454","45","57","26","44","1283","269",
"1400000US25021400900","Census Tract 4009; Norfolk County; Massachusetts","3475","417","2437","388","2437","388","2361","385","76","50","0","14","1038","259",
"1400000US25021401000","Census Tract 4010; Norfolk County; Massachusetts","2820","306","2237","273","2237","273","2131","256","106","62","0","14","583","128",
"1400000US25021401100","Census Tract 4011; Norfolk County; Massachusetts","3268","317","2097","231","2097","231","2057","229","40","32","0","14","1171","241",
"1400000US25021401201","Census Tract 4012.01; Norfolk County; Massachusetts","4157","593","2953","549","2953","549","2937","548","16","18","0","19","1204","238",
"1400000US25021401202","Census Tract 4012.02; Norfolk County; Massachusetts","1582","254","687","160","687","160","649","153","38","39","0","14","895","156",
"1400000US25021402101","Census Tract 4021.01; Norfolk County; Massachusetts","3095","380","2099","377","2099","377","2014","323","85","122","0","14","996","213",
"1400000US25021402102","Census Tract 4021.02; Norfolk County; Massachusetts","3644","352","2642","365","2642","365","2559","366","83","72","0","14","1002","248",
"1400000US25021402200","Census Tract 4022; Norfolk County; Massachusetts","1932","306","1525","298","1525","298","1478","296","47","36","0","14","407","59",
"1400000US25021402300","Census Tract 4023; Norfolk County; Massachusetts","3693","344","2713","307","2713","307","2592","310","121","85","0","14","980","142",
"1400000US25021402400","Census Tract 4024; Norfolk County; Massachusetts","5097","521","3954","549","3954","549","3891","549","63","69","0","19","1143","225",
"1400000US25021402500","Census Tract 4025; Norfolk County; Massachusetts","3564","349","1824","262","1824","262","1764","253","60","47","0","14","1740","242",
"1400000US25021403100","Census Tract 4031; Norfolk County; Massachusetts","5366","504","3790","481","3790","481","3648","435","142","103","0","19","1576","331",
"1400000US25021403300","Census Tract 4033; Norfolk County; Massachusetts","3602","446","2372","334","2372","334","2307","306","65","72","0","14","1230","219",
"1400000US25021403400","Census Tract 4034; Norfolk County; Massachusetts","5359","445","3491","474","3491","474","3219","411","272","153","0","19","1868","244",
"1400000US25021403501","Census Tract 4035.01; Norfolk County; Massachusetts","2410","452","1416","352","1416","352","1416","352","0","14","0","14","994","317",
"1400000US25021403502","Census Tract 4035.02; Norfolk County; Massachusetts","3248","507","2162","282","2162","282","2041","277","121","79","0","14","1086","335",
"1400000US25021404100","Census Tract 4041; Norfolk County; Massachusetts","3374","317","2262","269","2262","269","2171","288","91","63","0","14","1112","170",
"1400000US25021404201","Census Tract 4042.01; Norfolk County; Massachusetts","2732","193","1677","213","1677","213","1660","212","17","18","0","14","1055","185",
"1400000US25021404202","Census Tract 4042.02; Norfolk County; Massachusetts","5137","342","2534","233","2534","233","2358","225","176","89","0","19","2603","269",
"1400000US25021404301","Census Tract 4043.01; Norfolk County; Massachusetts","4297","565","2908","428","2908","428","2870","425","38","33","0","19","1389","227",
"1400000US25021404302","Census Tract 4043.02; Norfolk County; Massachusetts","2844","241","1712","208","1712","208","1543","171","169","107","0","14","1132","164",
"1400000US25021404400","Census Tract 4044; Norfolk County; Massachusetts","5748","402","3039","335","3039","335","2910","332","129","60","0","19","2709","273",
"1400000US25021405100","Census Tract 4051; Norfolk County; Massachusetts","4682","168","3288","235","3288","235","3019","242","269","191","0","19","1394","220",
"1400000US25021406101","Census Tract 4061.01; Norfolk County; Massachusetts","4735","343","3229","309","3229","309","3144","301","85","53","0","19","1506","267",
"1400000US25021406102","Census Tract 4061.02; Norfolk County; Massachusetts","5122","446","3708","297","3708","297","3508","287","200","109","0","19","1414","322",
"1400000US25021407101","Census Tract 4071.01; Norfolk County; Massachusetts","3948","346","2421","309","2421","309","2331","313","90","57","0","14","1527","258",
"1400000US25021407102","Census Tract 4071.02; Norfolk County; Massachusetts","3534","337","2658","309","2658","309","2535","311","123","70","0","14","876","181",
"1400000US25021408102","Census Tract 4081.02; Norfolk County; Massachusetts","4122","328","3128","255","3128","255","2989","252","139","78","0","19","994","206",
"1400000US25021408103","Census Tract 4081.03; Norfolk County; Massachusetts","2823","513","2304","476","2304","476","2212","486","92","80","0","14","519","162",
"1400000US25021408104","Census Tract 4081.04; Norfolk County; Massachusetts","3809","360","2736","290","2736","290","2653","287","83","47","0","14","1073","177",
"1400000US25021409101","Census Tract 4091.01; Norfolk County; Massachusetts","4938","298","2478","222","2478","222","2255","183","223","131","0","19","2460","197",
"1400000US25021409102","Census Tract 4091.02; Norfolk County; Massachusetts","4128","454","2904","329","2904","329","2877","327","27","33","0","19","1224","218",
"1400000US25021410100","Census Tract 4101; Norfolk County; Massachusetts","5424","564","3612","428","3612","428","3516","434","96","72","0","19","1812","396",
"1400000US25021410300","Census Tract 4103; Norfolk County; Massachusetts","4191","712","2883","503","2883","503","2577","331","306","265","0","14","1308","268",
"1400000US25021410400","Census Tract 4104; Norfolk County; Massachusetts","5696","603","4078","415","4078","415","3868","417","210","152","0","19","1618","384",
"1400000US25021411101","Census Tract 4111.01; Norfolk County; Massachusetts","3455","442","2738","417","2738","417","2631","412","107","68","0","14","717","173",
"1400000US25021411102","Census Tract 4111.02; Norfolk County; Massachusetts","3750","462","2739","478","2739","478","2653","481","86","62","0","14","1011","195",
"1400000US25021411200","Census Tract 4112; Norfolk County; Massachusetts","5720","388","4281","372","4281","372","4110","363","171","88","0","19","1439","257",
"1400000US25021411301","Census Tract 4113.01; Norfolk County; Massachusetts","4843","457","3326","411","3326","411","3028","359","298","169","0","19","1517","250",
"1400000US25021411302","Census Tract 4113.02; Norfolk County; Massachusetts","3010","300","2035","268","2035","268","1902","220","133","117","0","14","975","189",
"1400000US25021412100","Census Tract 4121; Norfolk County; Massachusetts","5262","627","3493","421","3493","421","3455","423","38","40","0","19","1769","364",
"1400000US25021412200","Census Tract 4122; Norfolk County; Massachusetts","3060","551","1621","564","1621","564","1579","562","42","32","0","14","1439","194",
"1400000US25021412300","Census Tract 4123; Norfolk County; Massachusetts","4371","429","2917","264","2917","264","2847","256","70","59","0","19","1454","315",
"1400000US25021413100","Census Tract 4131; Norfolk County; Massachusetts","5263","430","3522","442","3522","442","3367","433","155","100","0","19","1741","269",
"1400000US25021413201","Census Tract 4132.01; Norfolk County; Massachusetts","3818","530","2439","549","2439","549","2378","542","61","54","0","14","1379","297",
"1400000US25021413202","Census Tract 4132.02; Norfolk County; Massachusetts","1777","362","1247","291","1245","292","1216","292","29","32","2","6","530","223",
"1400000US25021413300","Census Tract 4133; Norfolk County; Massachusetts","4417","398","3311","365","3311","365","3233","365","78","44","0","19","1106","183",
"1400000US25021413401","Census Tract 4134.01; Norfolk County; Massachusetts","2818","392","2073","319","2073","319","1971","317","102","74","0","14","745","196",
"1400000US25021413402","Census Tract 4134.02; Norfolk County; Massachusetts","4141","436","3158","356","3158","356","3024","338","134","108","0","19","983","190",
"1400000US25021413500","Census Tract 4135; Norfolk County; Massachusetts","3647","488","2571","398","2571","398","2471","399","100","70","0","14","1076","225",
"1400000US25021414100","Census Tract 4141; Norfolk County; Massachusetts","4579","514","3349","451","3339","449","3136","419","203","135","10","11","1230","393",
"1400000US25021414200","Census Tract 4142; Norfolk County; Massachusetts","5657","415","4054","382","4054","382","4019","382","35","37","0","19","1603","290",
"1400000US25021414300","Census Tract 4143; Norfolk County; Massachusetts","3913","420","2584","310","2565","312","2500","318","65","43","19","31","1329","266",
"1400000US25021415101","Census Tract 4151.01; Norfolk County; Massachusetts","4354","556","2896","440","2896","440","2806","429","90","48","0","19","1458","317",
"1400000US25021415103","Census Tract 4151.03; Norfolk County; Massachusetts","3650","368","2470","339","2470","339","2425","343","45","39","0","14","1180","217",
"1400000US25021415104","Census Tract 4151.04; Norfolk County; Massachusetts","2772","501","1766","324","1766","324","1727","312","39","39","0","14","1006","423",
"1400000US25021415201","Census Tract 4152.01; Norfolk County; Massachusetts","3303","416","2281","449","2281","449","2150","452","131","131","0","14","1022","238",
"1400000US25021415202","Census Tract 4152.02; Norfolk County; Massachusetts","2699","379","1617","358","1617","358","1480","324","137","120","0","14","1082","153",
"1400000US25021415300","Census Tract 4153; Norfolk County; Massachusetts","3011","378","1955","271","1955","271","1904","269","51","47","0","14","1056","257",
"1400000US25021416101","Census Tract 4161.01; Norfolk County; Massachusetts","4574","439","3171","425","3171","425","3111","424","60","36","0","19","1403","206",
"1400000US25021416102","Census Tract 4161.02; Norfolk County; Massachusetts","3893","694","2081","521","2081","521","1992","522","89","55","0","14","1812","291",
"1400000US25021416200","Census Tract 4162; Norfolk County; Massachusetts","5430","791","3843","682","3843","682","3545","670","298","170","0","19","1587","442",
"1400000US25021416300","Census Tract 4163; Norfolk County; Massachusetts","4077","500","2873","367","2873","367","2679","364","194","120","0","19","1204","233",
"1400000US25021416400","Census Tract 4164; Norfolk County; Massachusetts","4516","408","3260","407","3260","407","3164","409","96","62","0","19","1256","244",
"1400000US25021417100","Census Tract 4171; Norfolk County; Massachusetts","4963","519","3554","505","3554","505","3340","490","214","171","0","19","1409","243",
"1400000US25021417201","Census Tract 4172.01; Norfolk County; Massachusetts","4645","553","3501","498","3501","498","3290","486","211","193","0","19","1144","339",
"1400000US25021417202","Census Tract 4172.02; Norfolk County; Massachusetts","3406","445","2492","395","2482","396","2335","381","147","86","10","16","914","213",
"1400000US25021417300","Census Tract 4173; Norfolk County; Massachusetts","3314","456","2158","409","2158","409","2043","408","115","80","0","14","1156","166",
"1400000US25021417400","Census Tract 4174; Norfolk County; Massachusetts","2459","366","1443","223","1443","223","1389","212","54","43","0","14","1016","319",
"1400000US25021417501","Census Tract 4175.01; Norfolk County; Massachusetts","4686","631","3558","560","3544","560","3242","576","302","188","14","24","1128","343",
"1400000US25021417502","Census Tract 4175.02; Norfolk County; Massachusetts","4384","441","3233","349","3221","354","3146","339","75","64","12","19","1151","251",
"1400000US25021417601","Census Tract 4176.01; Norfolk County; Massachusetts","4755","712","3202","491","3202","491","2835","490","367","227","0","19","1553","482",
"1400000US25021417602","Census Tract 4176.02; Norfolk County; Massachusetts","4103","484","2731","445","2707","435","2587","409","120","109","24","36","1372","321",
"1400000US25021417702","Census Tract 4177.02; Norfolk County; Massachusetts","2225","311","1656","288","1656","288","1550","250","106","98","0","14","569","137",
"1400000US25021417703","Census Tract 4177.03; Norfolk County; Massachusetts","2273","166","1204","175","1204","175","1097","177","107","90","0","14","1069","169",
"1400000US25021417704","Census Tract 4177.04; Norfolk County; Massachusetts","3763","587","2980","571","2980","571","2858","568","122","115","0","14","783","190",
"1400000US25021417801","Census Tract 4178.01; Norfolk County; Massachusetts","5177","583","3490","546","3490","546","3313","535","177","122","0","19","1687","416",
"1400000US25021417802","Census Tract 4178.02; Norfolk County; Massachusetts","2518","405","1483","340","1483","340","1334","308","149","102","0","14","1035","229",
"1400000US25021417901","Census Tract 4179.01; Norfolk County; Massachusetts","6823","723","4173","698","4173","698","3663","598","510","315","0","19","2650","560",
"1400000US25021417902","Census Tract 4179.02; Norfolk County; Massachusetts","3549","542","2500","418","2500","418","2432","410","68","55","0","14","1049","241",
"1400000US25021418002","Census Tract 4180.02; Norfolk County; Massachusetts","5718","492","4166","530","4166","530","3942","490","224","162","0","19","1552","313",
"1400000US25021418003","Census Tract 4180.03; Norfolk County; Massachusetts","2581","417","2236","404","2236","404","2169","405","67","58","0","14","345","104",
"1400000US25021418004","Census Tract 4180.04; Norfolk County; Massachusetts","4734","693","3358","376","3358","376","3179","350","179","128","0","19","1376","436",
"1400000US25021418101","Census Tract 4181.01; Norfolk County; Massachusetts","4036","743","2981","635","2981","635","2578","620","403","183","0","14","1055","289",
"1400000US25021418102","Census Tract 4181.02; Norfolk County; Massachusetts","3349","609","2869","588","2869","588","2575","472","294","174","0","14","480","141",
"1400000US25021418201","Census Tract 4182.01; Norfolk County; Massachusetts","5621","636","4259","617","4173","662","3800","554","373","205","86","107","1362","305",
"1400000US25021419100","Census Tract 4191; Norfolk County; Massachusetts","4797","638","3514","575","3514","575","3348","563","166","107","0","19","1283","274",
"1400000US25021419200","Census Tract 4192; Norfolk County; Massachusetts","4430","532","3247","482","3247","482","3111","457","136","87","0","19","1183","196",
"1400000US25021419300","Census Tract 4193; Norfolk County; Massachusetts","3131","403","2200","334","2200","334","2088","339","112","80","0","14","931","176",
"1400000US25021419400","Census Tract 4194; Norfolk County; Massachusetts","2651","400","1513","264","1513","264","1513","264","0","14","0","14","1138","306",
"1400000US25021419500","Census Tract 4195; Norfolk County; Massachusetts","3110","521","2123","488","2123","488","2074","492","49","45","0","14","987","156",
"1400000US25021419601","Census Tract 4196.01; Norfolk County; Massachusetts","1226","224","822","184","822","184","775","174","47","53","0","14","404","177",
"1400000US25021419602","Census Tract 4196.02; Norfolk County; Massachusetts","4923","458","3397","416","3397","416","3209","444","188","150","0","19","1526","214",
"1400000US25021419700","Census Tract 4197; Norfolk County; Massachusetts","3865","495","2676","482","2676","482","2577","492","99","68","0","14","1189","159",
"1400000US25021419800","Census Tract 4198; Norfolk County; Massachusetts","3781","420","2779","370","2779","370","2687","363","92","56","0","14","1002","153",
"1400000US25021420101","Census Tract 4201.01; Norfolk County; Massachusetts","4741","895","2988","560","2988","560","2798","487","190","128","0","19","1753","632",
"1400000US25021420102","Census Tract 4201.02; Norfolk County; Massachusetts","3483","386","2613","306","2604","306","2493","306","111","82","9","16","870","266",
"1400000US25021420201","Census Tract 4202.01; Norfolk County; Massachusetts","2941","318","1898","249","1898","249","1810","254","88","52","0","14","1043","216",
"1400000US25021420202","Census Tract 4202.02; Norfolk County; Massachusetts","5753","514","4449","508","4449","508","3963","443","486","267","0","19","1304","281",
"1400000US25021420301","Census Tract 4203.01; Norfolk County; Massachusetts","5933","661","3966","528","3966","528","3732","528","234","167","0","19","1967","477",
"1400000US25021420302","Census Tract 4203.02; Norfolk County; Massachusetts","6741","625","4236","488","4230","490","3781","447","449","253","6","16","2505","413",
"1400000US25021421100","Census Tract 4211; Norfolk County; Massachusetts","4450","473","2973","504","2973","504","2963","505","10","19","0","19","1477","398",
"1400000US25021421200","Census Tract 4212; Norfolk County; Massachusetts","4760","434","3444","425","3444","425","3272","415","172","100","0","19","1316","312",
"1400000US25021422100","Census Tract 4221; Norfolk County; Massachusetts","4543","374","3231","290","3192","300","3095","297","97","65","39","60","1312","268",
"1400000US25021422201","Census Tract 4222.01; Norfolk County; Massachusetts","2208","401","1644","358","1644","358","1582","376","62","57","0","14","564","172",
"1400000US25021422202","Census Tract 4222.02; Norfolk County; Massachusetts","5963","528","3937","444","3937","444","3728","434","209","175","0","19","2026","352",
"1400000US25021422301","Census Tract 4223.01; Norfolk County; Massachusetts","2973","633","2023","441","2023","441","1900","434","123","83","0","14","950","326",
"1400000US25021422303","Census Tract 4223.03; Norfolk County; Massachusetts","4438","447","3207","406","3207","406","2923","389","284","179","0","19","1231","233",
"1400000US25021422304","Census Tract 4223.04; Norfolk County; Massachusetts","1862","413","1295","410","1295","410","1249","392","46","38","0","14","567","168",
"1400000US25021422401","Census Tract 4224.01; Norfolk County; Massachusetts","3032","487","2004","425","2004","425","1734","341","270","214","0","14","1028","193",
"1400000US25021422402","Census Tract 4224.02; Norfolk County; Massachusetts","3651","642","2637","404","2637","404","2508","417","129","80","0","14","1014","335",
"1400000US25021422501","Census Tract 4225.01; Norfolk County; Massachusetts","3669","301","2700","355","2700","355","2639","353","61","70","0","14","969","237",
"1400000US25021422502","Census Tract 4225.02; Norfolk County; Massachusetts","5411","811","3419","597","3419","597","3313","580","106","108","0","19","1992","670",
"1400000US25021422600","Census Tract 4226; Norfolk County; Massachusetts","5750","711","4056","607","4056","607","3953","586","103","110","0","19","1694","282",
"1400000US25021422700","Census Tract 4227; Norfolk County; Massachusetts","3131","324","2117","247","2117","247","1987","241","130","81","0","14","1014","217",
"1400000US25021422800","Census Tract 4228; Norfolk County; Massachusetts","3479","416","2064","314","2030","307","1982","315","48","48","34","40","1415","324",
"1400000US25021423101","Census Tract 4231.01; Norfolk County; Massachusetts","2970","331","1950","290","1950","290","1792","303","158","94","0","14","1020","234",
"1400000US25021423102","Census Tract 4231.02; Norfolk County; Massachusetts","3437","317","2267","374","2267","374","2232","380","35","29","0","14","1170","195",
"1400000US25021440101","Census Tract 4401.01; Norfolk County; Massachusetts","5907","376","3690","384","3690","384","3415","397","275","128","0","19","2217","501",
"1400000US25021440102","Census Tract 4401.02; Norfolk County; Massachusetts","2409","286","1766","273","1766","273","1693","265","73","59","0","14","643","143",
"1400000US25021441202","Census Tract 4412.02; Norfolk County; Massachusetts","2452","188","1835","179","1835","179","1823","179","12","16","0","14","617","114",
"1400000US25021441203","Census Tract 4412.03; Norfolk County; Massachusetts","3031","318","1852","273","1852","273","1705","262","147","83","0","14","1179","170",
"1400000US25021441204","Census Tract 4412.04; Norfolk County; Massachusetts","4683","345","2905","289","2905","289","2609","214","296","226","0","19","1778","240",
"1400000US25021442101","Census Tract 4421.01; Norfolk County; Massachusetts","5118","417","3445","321","3445","321","3321","309","124","73","0","19","1673","262",
"1400000US25021442103","Census Tract 4421.03; Norfolk County; Massachusetts","5350","532","3904","338","3904","338","3715","316","189","132","0","19","1446","360",
"1400000US25021442104","Census Tract 4421.04; Norfolk County; Massachusetts","4672","568","3555","618","3555","618","3521","622","34","35","0","19","1117","253",
"1400000US25021442105","Census Tract 4421.05; Norfolk County; Massachusetts","1915","414","1469","401","1469","401","1399","337","70","86","0","14","446","126",
"1400000US25021442201","Census Tract 4422.01; Norfolk County; Massachusetts","3171","334","2224","263","2224","263","2131","258","93","55","0","14","947","229",
"1400000US25021442203","Census Tract 4422.03; Norfolk County; Massachusetts","3326","397","2149","403","2149","403","1999","356","150","118","0","14","1177","195",
"1400000US25021442204","Census Tract 4422.04; Norfolk County; Massachusetts","3704","527","2643","533","2643","533","2300","320","343","275","0","14","1061","255",
"1400000US25021443103","Census Tract 4431.03; Norfolk County; Massachusetts","3190","393","2413","365","2413","365","2263","357","150","96","0","14","777","156",
"1400000US25021443104","Census Tract 4431.04; Norfolk County; Massachusetts","3942","569","2953","427","2953","427","2718","432","235","164","0","14","989","293",
"1400000US25021443105","Census Tract 4431.05; Norfolk County; Massachusetts","1794","263","1269","210","1269","210","1245","204","24","30","0","14","525","122",
"1400000US25021443106","Census Tract 4431.06; Norfolk County; Massachusetts","4812","567","3374","423","3374","423","3040","446","334","161","0","19","1438","347",
"1400000US25021456101","Census Tract 4561.01; Norfolk County; Massachusetts","3405","522","2248","416","2248","416","2213","418","35","33","0","14","1157","246",
"1400000US25021456102","Census Tract 4561.02; Norfolk County; Massachusetts","4175","510","2572","341","2572","341","2444","343","128","151","0","14","1603","404",
"1400000US25021456200","Census Tract 4562; Norfolk County; Massachusetts","3540","440","2756","439","2742","442","2612","431","130","87","14","23","784","178",
"1400000US25021456301","Census Tract 4563.01; Norfolk County; Massachusetts","1874","429","1177","280","1171","281","1138","283","33","27","6","9","697","255",
"1400000US25021456302","Census Tract 4563.02; Norfolk County; Massachusetts","4460","451","2970","401","2970","401","2833","394","137","89","0","19","1490","345",
"1400000US25021456401","Census Tract 4564.01; Norfolk County; Massachusetts","2281","293","1641","270","1604","273","1496","255","108","72","37","48","640","182",
"1400000US25021456402","Census Tract 4564.02; Norfolk County; Massachusetts","4858","518","3405","441","3405","441","3266","432","139","66","0","19","1453","296",
"1400000US25021457100","Census Tract 4571; Norfolk County; Massachusetts","3908","143","2848","214","2848","214","2777","215","71","54","0","14","1060","247",
"1400000US25021457200","Census Tract 4572; Norfolk County; Massachusetts","4731","545","3528","463","3528","463","3394","394","134","122","0","19","1203","300",
"1400000US25021980000","Census Tract 9800; Norfolk County; Massachusetts","0","14","0","14","0","14","0","14","0","14","0","14","0","14",
"1400000US25023500101","Census Tract 5001.01; Plymouth County; Massachusetts","3046","349","2083","287","2080","287","1974","294","106","59","3","2","963","177",
"1400000US25023500103","Census Tract 5001.03; Plymouth County; Massachusetts","2835","648","2157","687","2157","687","2064","665","93","103","0","14","678","152",
"1400000US25023500104","Census Tract 5001.04; Plymouth County; Massachusetts","3327","383","2128","272","2128","272","2075","267","53","39","0","14","1199","251",
"1400000US25023501101","Census Tract 5011.01; Plymouth County; Massachusetts","2681","396","1610","266","1610","266","1550","231","60","55","0","14","1071","296",
"1400000US25023501102","Census Tract 5011.02; Plymouth County; Massachusetts","7142","571","4504","412","4504","412","4399","394","105","84","0","19","2638","389",
"1400000US25023501201","Census Tract 5012.01; Plymouth County; Massachusetts","3197","378","2111","335","2111","335","2070","338","41","39","0","14","1086","234",
"1400000US25023501203","Census Tract 5012.03; Plymouth County; Massachusetts","1806","162","1244","143","1244","143","1213","141","31","26","0","14","562","124",
"1400000US25023501204","Census Tract 5012.04; Plymouth County; Massachusetts","4439","527","1653","318","1653","318","1622","314","31","35","0","19","2786","453",
"1400000US25023502101","Census Tract 5021.01; Plymouth County; Massachusetts","5405","655","4617","687","4617","687","4398","647","219","126","0","19","788","209",
"1400000US25023502102","Census Tract 5021.02; Plymouth County; Massachusetts","4002","487","2596","383","2564","375","2495","385","69","54","32","49","1406","361",
"1400000US25023502200","Census Tract 5022; Plymouth County; Massachusetts","5070","730","3191","714","3191","714","3020","720","171","126","0","19","1879","316",
"1400000US25023503101","Census Tract 5031.01; Plymouth County; Massachusetts","5892","541","4372","491","4372","491","4143","383","229","197","0","19","1520","233",
"1400000US25023503102","Census Tract 5031.02; Plymouth County; Massachusetts","5780","576","3875","448","3875","448","3569","363","306","210","0","19","1905","323",
"1400000US25023504101","Census Tract 5041.01; Plymouth County; Massachusetts","4355","336","3031","312","3031","312","2982","314","49","35","0","19","1324","207",
"1400000US25023504102","Census Tract 5041.02; Plymouth County; Massachusetts","4306","287","2897","258","2897","258","2832","253","65","41","0","19","1409","234",
"1400000US25023505102","Census Tract 5051.02; Plymouth County; Massachusetts","4356","519","2960","508","2960","508","2838","443","122","88","0","19","1396","207",
"1400000US25023505103","Census Tract 5051.03; Plymouth County; Massachusetts","2496","566","1736","468","1736","468","1719","464","17","25","0","14","760","170",
"1400000US25023505104","Census Tract 5051.04; Plymouth County; Massachusetts","3256","508","2164","395","2164","395","2053","398","111","77","0","14","1092","254",
"1400000US25023505201","Census Tract 5052.01; Plymouth County; Massachusetts","1607","232","1027","203","1027","203","988","197","39","29","0","14","580","131",
"1400000US25023505202","Census Tract 5052.02; Plymouth County; Massachusetts","3853","407","2240","325","2219","316","2154","314","65","59","21","33","1613","330",
"1400000US25023506102","Census Tract 5061.02; Plymouth County; Massachusetts","5096","604","3734","544","3734","544","3636","553","98","68","0","19","1362","241",
"1400000US25023506103","Census Tract 5061.03; Plymouth County; Massachusetts","1790","296","1219","286","1219","286","1193","288","26","27","0","14","571","141",
"1400000US25023506104","Census Tract 5061.04; Plymouth County; Massachusetts","3436","481","2378","443","2378","443","2378","443","0","14","0","14","1058","267",
"1400000US25023506202","Census Tract 5062.02; Plymouth County; Massachusetts","2384","315","1538","301","1538","301","1480","302","58","34","0","14","846","129",
"1400000US25023506203","Census Tract 5062.03; Plymouth County; Massachusetts","4638","593","3115","532","3115","532","2957","519","158","99","0","19","1523","378",
"1400000US25023506205","Census Tract 5062.05; Plymouth County; Massachusetts","1962","502","1488","500","1488","500","1431","500","57","44","0","14","474","90",
"1400000US25023506206","Census Tract 5062.06; Plymouth County; Massachusetts","2195","350","1377","254","1377","254","1317","247","60","68","0","14","818","215",
"1400000US25023507101","Census Tract 5071.01; Plymouth County; Massachusetts","4262","381","2852","352","2852","352","2750","360","102","60","0","19","1410","245",
"1400000US25023507103","Census Tract 5071.03; Plymouth County; Massachusetts","3478","394","2291","392","2291","392","2196","401","95","52","0","14","1187","216",
"1400000US25023507104","Census Tract 5071.04; Plymouth County; Massachusetts","5238","642","2961","429","2880","421","2810","426","70","59","81","130","2277","463",
"1400000US25023508101","Census Tract 5081.01; Plymouth County; Massachusetts","5928","646","3951","487","3941","487","3837","461","104","84","10","19","1977","388",
"1400000US25023508102","Census Tract 5081.02; Plymouth County; Massachusetts","4039","446","2859","377","2859","377","2685","371","174","93","0","14","1180","249",
"1400000US25023508200","Census Tract 5082; Plymouth County; Massachusetts","5310","575","3689","566","3689","566","3615","561","74","64","0","19","1621","280",
"1400000US25023509101","Census Tract 5091.01; Plymouth County; Massachusetts","6067","616","4446","612","4408","613","4377","612","31","33","38","44","1621","370",
"1400000US25023509102","Census Tract 5091.02; Plymouth County; Massachusetts","5698","641","3963","579","3963","579","3811","566","152","143","0","19","1735","417",
"1400000US25023510100","Census Tract 5101; Plymouth County; Massachusetts","4052","508","2862","391","2862","391","2666","347","196","124","0","19","1190","310",
"1400000US25023510200","Census Tract 5102; Plymouth County; Massachusetts","5680","664","4534","539","4534","539","4353","542","181","130","0","19","1146","319",
"1400000US25023510300","Census Tract 5103; Plymouth County; Massachusetts","3296","526","2221","519","2221","519","2117","526","104","94","0","14","1075","248",
"1400000US25023510400","Census Tract 5104; Plymouth County; Massachusetts","2932","379","1938","322","1938","322","1786","332","152","100","0","14","994","260",
"1400000US25023510501","Census Tract 5105.01; Plymouth County; Massachusetts","3164","513","1937","465","1937","465","1839","412","98","86","0","14","1227","234",
"1400000US25023510503","Census Tract 5105.03; Plymouth County; Massachusetts","3304","425","2219","394","2219","394","2123","392","96","68","0","14","1085","212",
"1400000US25023510504","Census Tract 5105.04; Plymouth County; Massachusetts","1957","276","862","205","862","205","854","200","8","18","0","14","1095","202",
"1400000US25023510505","Census Tract 5105.05; Plymouth County; Massachusetts","3901","519","2662","513","2642","515","2116","466","526","241","20","33","1239","379",
"1400000US25023510600","Census Tract 5106; Plymouth County; Massachusetts","2797","463","2090","422","2090","422","1834","419","256","121","0","14","707","172",
"1400000US25023510700","Census Tract 5107; Plymouth County; Massachusetts","5127","931","3401","647","3401","647","3116","618","285","142","0","19","1726","473",
"1400000US25023510800","Census Tract 5108; Plymouth County; Massachusetts","5924","748","4369","687","4369","687","3614","498","755","339","0","19","1555","400",
"1400000US25023510900","Census Tract 5109; Plymouth County; Massachusetts","1837","330","853","265","847","265","783","261","64","66","6","15","984","158",
"1400000US25023511000","Census Tract 5110; Plymouth County; Massachusetts","2258","490","1346","322","1346","322","1266","265","80","129","0","14","912","274",
"1400000US25023511100","Census Tract 5111; Plymouth County; Massachusetts","4486","535","3098","450","3098","450","2971","463","127","92","0","19","1388","246",
"1400000US25023511200","Census Tract 5112; Plymouth County; Massachusetts","4184","593","2451","349","2451","349","2343","312","108","94","0","19","1733","416",
"1400000US25023511301","Census Tract 5113.01; Plymouth County; Massachusetts","4644","489","3294","496","3294","496","2997","518","297","127","0","19","1350","247",
"1400000US25023511302","Census Tract 5113.02; Plymouth County; Massachusetts","3047","531","2056","436","2056","436","1866","384","190","131","0","14","991","215",
"1400000US25023511400","Census Tract 5114; Plymouth County; Massachusetts","3038","555","2314","456","2314","456","2120","417","194","138","0","14","724","231",
"1400000US25023511500","Census Tract 5115; Plymouth County; Massachusetts","3560","423","2662","315","2662","315","2406","256","256","209","0","19","898","243",
"1400000US25023511601","Census Tract 5116.01; Plymouth County; Massachusetts","2701","456","1778","362","1778","362","1466","324","312","148","0","14","923","293",
"1400000US25023511602","Census Tract 5116.02; Plymouth County; Massachusetts","3119","523","1694","402","1694","402","1614","389","80","86","0","14","1425","298",
"1400000US25023511701","Census Tract 5117.01; Plymouth County; Massachusetts","4473","522","3193","435","3193","435","2877","370","316","161","0","19","1280","250",
"1400000US25023511702","Census Tract 5117.02; Plymouth County; Massachusetts","2281","206","1562","218","1562","218","1491","222","71","49","0","14","719","125",
"1400000US25023520100","Census Tract 5201; Plymouth County; Massachusetts","5765","503","4203","549","4203","549","3977","529","226","149","0","19","1562","283",
"1400000US25023520201","Census Tract 5202.01; Plymouth County; Massachusetts","2993","306","2313","315","2313","315","2161","287","152","102","0","14","680","156",
"1400000US25023520202","Census Tract 5202.02; Plymouth County; Massachusetts","4904","528","3767","475","3767","475","3530","472","237","217","0","19","1137","256",
"1400000US25023521101","Census Tract 5211.01; Plymouth County; Massachusetts","3695","374","2634","338","2634","338","2518","325","116","88","0","14","1061","186",
"1400000US25023521102","Census Tract 5211.02; Plymouth County; Massachusetts","2870","550","1875","324","1875","324","1699","230","176","166","0","14","995","344",
"1400000US25023521201","Census Tract 5212.01; Plymouth County; Massachusetts","2627","310","2048","336","2048","336","1996","338","52","56","0","14","579","166",
"1400000US25023521202","Census Tract 5212.02; Plymouth County; Massachusetts","3297","353","2385","332","2385","332","2261","313","124","82","0","14","912","206",
"1400000US25023522101","Census Tract 5221.01; Plymouth County; Massachusetts","3927","432","2809","353","2809","353","2631","364","178","110","0","14","1118","341",
"1400000US25023522102","Census Tract 5221.02; Plymouth County; Massachusetts","4673","382","3022","302","3022","302","2954","310","68","64","0","19","1651","278",
"1400000US25023523100","Census Tract 5231; Plymouth County; Massachusetts","2629","356","2265","349","2265","349","2125","320","140","134","0","14","364","139",
"1400000US25023523201","Census Tract 5232.01; Plymouth County; Massachusetts","2484","234","1459","204","1459","204","1439","206","20","19","0","14","1025","258",
"1400000US25023523203","Census Tract 5232.03; Plymouth County; Massachusetts","3713","548","2877","594","2877","594","2736","564","141","129","0","14","836","244",
"1400000US25023523204","Census Tract 5232.04; Plymouth County; Massachusetts","2990","416","2030","328","2030","328","1889","334","141","78","0","14","960","190",
"1400000US25023524101","Census Tract 5241.01; Plymouth County; Massachusetts","2946","368","2133","366","2133","366","2069","378","64","54","0","14","813","196",
"1400000US25023524102","Census Tract 5241.02; Plymouth County; Massachusetts","3490","302","2398","321","2398","321","2248","335","150","96","0","14","1092","188",
"1400000US25023525101","Census Tract 5251.01; Plymouth County; Massachusetts","6019","452","4295","471","4295","471","4168","463","127","81","0","19","1724","337",
"1400000US25023525104","Census Tract 5251.04; Plymouth County; Massachusetts","6030","726","4139","592","4139","592","4016","576","123","101","0","19","1891","374",
"1400000US25023525204","Census Tract 5252.04; Plymouth County; Massachusetts","3192","385","2251","300","2212","307","2171","305","41","43","39","54","941","167",
"1400000US25023526100","Census Tract 5261; Plymouth County; Massachusetts","6213","431","4043","487","4043","487","3999","490","44","54","0","19","2170","359",
"1400000US25023530100","Census Tract 5301; Plymouth County; Massachusetts","3891","473","2511","396","2511","396","2399","373","112","90","0","14","1380","241",
"1400000US25023530200","Census Tract 5302; Plymouth County; Massachusetts","3972","494","2990","462","2977","464","2499","442","478","371","13","21","982","186",
"1400000US25023530300","Census Tract 5303; Plymouth County; Massachusetts","3772","471","2682","387","2682","387","2537","398","145","105","0","14","1090","296",
"1400000US25023530400","Census Tract 5304; Plymouth County; Massachusetts","4792","521","3163","436","3163","436","3031","426","132","120","0","19","1629","322",
"1400000US25023530500","Census Tract 5305; Plymouth County; Massachusetts","5198","638","3191","531","3161","532","3052","533","109","88","30","33","2007","266",
"1400000US25023530600","Census Tract 5306; Plymouth County; Massachusetts","5535","387","2936","279","2917","281","2839","269","78","53","19","22","2599","321",
"1400000US25023530700","Census Tract 5307; Plymouth County; Massachusetts","6115","653","3046","493","3046","493","2998","491","48","46","0","19","3069","410",
"1400000US25023530801","Census Tract 5308.01; Plymouth County; Massachusetts","5481","506","3402","467","3340","472","3209","483","131","96","62","71","2079","289",
"1400000US25023530802","Census Tract 5308.02; Plymouth County; Massachusetts","3821","414","2736","389","2736","389","2500","371","236","111","0","14","1085","199",
"1400000US25023530902","Census Tract 5309.02; Plymouth County; Massachusetts","4012","568","2893","491","2881","488","2714","402","167","157","12","20","1119","271",
"1400000US25023530903","Census Tract 5309.03; Plymouth County; Massachusetts","5439","455","3495","411","3495","411","3314","408","181","128","0","19","1944","386",
"1400000US25023530904","Census Tract 5309.04; Plymouth County; Massachusetts","2576","410","1943","385","1943","385","1733","244","210","190","0","14","633","123",
"1400000US25023540101","Census Tract 5401.01; Plymouth County; Massachusetts","3698","404","2653","419","2653","419","2602","413","51","42","0","14","1045","211",
"1400000US25023540102","Census Tract 5401.02; Plymouth County; Massachusetts","2368","257","1665","233","1659","234","1580","225","79","62","6","10","703","167",
"1400000US25023540103","Census Tract 5401.03; Plymouth County; Massachusetts","3769","502","2914","482","2905","483","2771","475","134","105","9","14","855","148",
"1400000US25023541100","Census Tract 5411; Plymouth County; Massachusetts","4832","193","3354","316","3354","316","3246","321","108","79","0","19","1478","310",
"1400000US25023542101","Census Tract 5421.01; Plymouth County; Massachusetts","5993","628","4098","638","4098","638","3928","646","170","105","0","19","1895","394",
"1400000US25023542102","Census Tract 5421.02; Plymouth County; Massachusetts","2171","174","1350","144","1350","144","1254","147","96","56","0","14","821","130",
"1400000US25023542200","Census Tract 5422; Plymouth County; Massachusetts","5643","590","3271","510","3271","510","3081","494","190","118","0","19","2372","346",
"1400000US25023542301","Census Tract 5423.01; Plymouth County; Massachusetts","3109","390","2361","343","2349","343","2235","320","114","90","12","19","748","200",
"1400000US25023542302","Census Tract 5423.02; Plymouth County; Massachusetts","3557","481","2506","430","2506","430","2443","439","63","53","0","14","1051","220",
"1400000US25023543100","Census Tract 5431; Plymouth County; Massachusetts","2362","114","1614","161","1614","161","1527","178","87","59","0","14","748","115",
"1400000US25023544100","Census Tract 5441; Plymouth County; Massachusetts","4733","394","3254","377","3254","377","3148","351","106","92","0","19","1479","308",
"1400000US25023544200","Census Tract 5442; Plymouth County; Massachusetts","5129","486","2971","328","2942","330","2778","336","164","123","29","42","2158","383",
"1400000US25023545100","Census Tract 5451; Plymouth County; Massachusetts","6011","765","3685","530","3685","530","3467","582","218","151","0","19","2326","468",
"1400000US25023545200","Census Tract 5452; Plymouth County; Massachusetts","5647","626","3324","421","3288","428","3174","409","114","130","36","61","2323","508",
"1400000US25023545300","Census Tract 5453; Plymouth County; Massachusetts","3602","552","2425","522","2343","554","2143","526","200","143","82","113","1177","332",
"1400000US25023545400","Census Tract 5454; Plymouth County; Massachusetts","5348","604","3074","538","3074","538","3035","539","39","45","0","19","2274","491",
"1400000US25023560100","Census Tract 5601; Plymouth County; Massachusetts","5836","266","3671","323","3671","323","3629","326","42","49","0","19","2165","324",
"1400000US25023561100","Census Tract 5611; Plymouth County; Massachusetts","4642","217","2686","357","2674","359","2521","337","153","104","12","21","1956","390",
"1400000US25023561400","Census Tract 5614; Plymouth County; Massachusetts","4985","557","2850","449","2850","449","2577","432","273","164","0","19","2135","391",
"1400000US25023980200","Census Tract 9802; Plymouth County; Massachusetts","1481","86","28","29","28","29","24","28","4","6","0","14","1453","74",
"1400000US25023980300","Census Tract 9803; Plymouth County; Massachusetts","2616","64","1500","226","1500","226","1369","200","131","75","0","14","1116","225",
"1400000US25023990003","Census Tract 9900.03; Plymouth County; Massachusetts","0","14","0","14","0","14","0","14","0","14","0","14","0","14",
"1400000US25025000101","Census Tract 1.01; Suffolk County; Massachusetts","1436","269","1075","265","1075","265","1023","249","52","48","0","14","361","141",
"1400000US25025000102","Census Tract 1.02; Suffolk County; Massachusetts","3151","713","2488","691","2488","691","2399","705","89","79","0","14","663","229",
"1400000US25025000201","Census Tract 2.01; Suffolk County; Massachusetts","3633","413","3065","437","3065","437","2842","436","223","131","0","14","568","190",
"1400000US25025000202","Census Tract 2.02; Suffolk County; Massachusetts","2939","409","2120","339","2120","339","2066","347","54","51","0","14","819","177",
"1400000US25025000301","Census Tract 3.01; Suffolk County; Massachusetts","2571","296","1999","294","1999","294","1976","289","23","27","0","14","572","159",
"1400000US25025000302","Census Tract 3.02; Suffolk County; Massachusetts","3055","611","2410","623","2410","623","2390","624","20","21","0","14","645","167",
"1400000US25025000401","Census Tract 4.01; Suffolk County; Massachusetts","4716","572","3274","601","3274","601","3238","595","36","37","0","14","1442","354",
"1400000US25025000402","Census Tract 4.02; Suffolk County; Massachusetts","3419","799","2332","533","2332","533","2243","526","89","82","0","14","1087","416",
"1400000US25025000502","Census Tract 5.02; Suffolk County; Massachusetts","6067","379","3509","336","3509","336","3292","328","217","105","0","19","2558","340",
"1400000US25025000503","Census Tract 5.03; Suffolk County; Massachusetts","1954","338","1600","211","1600","211","1573","215","27","24","0","14","354","183",
"1400000US25025000505","Census Tract 5.05; Suffolk County; Massachusetts","1706","292","1084","216","1084","216","1048","215","36","34","0","14","622","184",
"1400000US25025000506","Census Tract 5.06; Suffolk County; Massachusetts","2382","398","1878","357","1878","357","1765","351","113","70","0","14","504","156",
"1400000US25025000601","Census Tract 6.01; Suffolk County; Massachusetts","3457","447","2509","324","2509","324","2473","320","36","42","0","14","948","264",
"1400000US25025000603","Census Tract 6.03; Suffolk County; Massachusetts","1582","356","1001","244","985","241","949","236","36","35","16","25","581","205",
"1400000US25025000604","Census Tract 6.04; Suffolk County; Massachusetts","2274","416","1599","334","1599","334","1566","340","33","35","0","14","675","234",
"1400000US25025000701","Census Tract 7.01; Suffolk County; Massachusetts","4210","800","3479","802","3479","802","3116","589","363","291","0","14","731","203",
"1400000US25025000703","Census Tract 7.03; Suffolk County; Massachusetts","1535","238","1082","209","1082","209","972","185","110","119","0","14","453","125",
"1400000US25025000704","Census Tract 7.04; Suffolk County; Massachusetts","4204","486","3536","572","3536","572","3417","520","119","110","0","14","668","264",
"1400000US25025000804","Census Tract 8.04; Suffolk County; Massachusetts","3032","487","2102","348","2102","348","2042","344","60","59","0","14","930","364",
"1400000US25025000805","Census Tract 8.05; Suffolk County; Massachusetts","2767","360","1960","352","1960","352","1826","342","134","119","0","14","807","258",
"1400000US25025000806","Census Tract 8.06; Suffolk County; Massachusetts","2057","178","908","181","908","181","854","173","54","45","0","14","1149","158",
"1400000US25025000807","Census Tract 8.07; Suffolk County; Massachusetts","3348","147","1448","238","1448","238","1325","253","123","109","0","14","1900","240",
"1400000US25025010103","Census Tract 101.03; Suffolk County; Massachusetts","3861","159","1738","229","1738","229","1535","243","203","101","0","14","2123","212",
"1400000US25025010104","Census Tract 101.04; Suffolk County; Massachusetts","4562","265","2495","263","2495","263","2233","266","262","107","0","14","2067","288",
"1400000US25025010204","Census Tract 102.04; Suffolk County; Massachusetts","3147","318","1692","303","1692","303","1418","275","274","133","0","14","1455","211",
"1400000US25025010205","Census Tract 102.05; Suffolk County; Massachusetts","3676","507","2286","518","2286","518","2220","517","66","80","0","14","1390","405",
"1400000US25025010206","Census Tract 102.06; Suffolk County; Massachusetts","2042","676","1526","417","1526","417","1461","424","65","65","0","14","516","310",
"1400000US25025010300","Census Tract 103; Suffolk County; Massachusetts","5238","110","2761","271","2761","271","2505","272","256","87","0","19","2477","276",
"1400000US25025010403","Census Tract 104.03; Suffolk County; Massachusetts","2409","477","1542","505","1542","505","1517","505","25","26","0","14","867","223",
"1400000US25025010404","Census Tract 104.04; Suffolk County; Massachusetts","4613","309","1986","224","1986","224","1816","216","170","86","0","14","2627","312",
"1400000US25025010405","Census Tract 104.05; Suffolk County; Massachusetts","6693","333","2578","484","2578","484","2231","432","347","172","0","19","4115","418",
"1400000US25025010408","Census Tract 104.08; Suffolk County; Massachusetts","1242","179","1022","136","1022","136","980","141","42","41","0","14","220","83",
"1400000US25025010500","Census Tract 105; Suffolk County; Massachusetts","3397","426","1525","225","1525","225","1371","215","154","126","0","14","1872","403",
"1400000US25025010600","Census Tract 106; Suffolk County; Massachusetts","2996","374","1911","293","1911","293","1868","292","43","42","0","14","1085","306",
"1400000US25025010701","Census Tract 107.01; Suffolk County; Massachusetts","2478","235","1684","237","1684","237","1615","238","69","49","0","14","794","204",
"1400000US25025010702","Census Tract 107.02; Suffolk County; Massachusetts","2228","394","1556","293","1556","293","1532","292","24","21","0","14","672","164",
"1400000US25025010801","Census Tract 108.01; Suffolk County; Massachusetts","2371","332","1622","246","1622","246","1582","247","40","39","0","14","749","185",
"1400000US25025010802","Census Tract 108.02; Suffolk County; Massachusetts","2793","405","2127","410","2117","408","2035","377","82","68","10","16","666","138",
"1400000US25025020101","Census Tract 201.01; Suffolk County; Massachusetts","3372","614","2487","494","2456","488","2351","492","105","115","31","48","885","302",
"1400000US25025020200","Census Tract 202; Suffolk County; Massachusetts","3080","316","2622","322","2622","322","2559","315","63","53","0","14","458","119",
"1400000US25025020301","Census Tract 203.01; Suffolk County; Massachusetts","2298","478","1730","474","1730","474","1690","479","40","38","0","14","568","108",
"1400000US25025020302","Census Tract 203.02; Suffolk County; Massachusetts","1054","95","852","115","852","115","825","110","27","26","0","14","202","62",
"1400000US25025020304","Census Tract 203.04; Suffolk County; Massachusetts","1327","159","1143","155","1143","155","1050","155","93","41","0","14","184","72",
"1400000US25025020305","Census Tract 203.05; Suffolk County; Massachusetts","3903","489","2809","453","2809","453","2635","399","174","127","0","14","1094","324",
"1400000US25025030100","Census Tract 301; Suffolk County; Massachusetts","1706","440","1472","454","1472","454","1453","452","19","21","0","14","234","110",
"1400000US25025030200","Census Tract 302; Suffolk County; Massachusetts","1524","311","1314","287","1308","287","1299","285","9","15","6","10","210","77",
"1400000US25025030301","Census Tract 303.01; Suffolk County; Massachusetts","1414","374","741","152","741","152","685","139","56","53","0","14","673","356",
"1400000US25025030302","Census Tract 303.02; Suffolk County; Massachusetts","2357","262","1630","278","1630","278","1563","275","67","55","0","14","727","133",
"1400000US25025030400","Census Tract 304; Suffolk County; Massachusetts","3753","499","3189","504","3189","504","3080","493","109","111","0","14","564","192",
"1400000US25025030500","Census Tract 305; Suffolk County; Massachusetts","2093","325","1702","321","1637","326","1572","311","65","48","65","37","391","125",
"1400000US25025040100","Census Tract 401; Suffolk County; Massachusetts","2204","228","1803","220","1793","219","1765","212","28","36","10","5","401","113",
"1400000US25025040200","Census Tract 402; Suffolk County; Massachusetts","1134","225","748","198","748","198","696","191","52","39","0","14","386","107",
"1400000US25025040300","Census Tract 403; Suffolk County; Massachusetts","3659","412","3189","384","3189","384","3111","365","78","68","0","14","470","181",
"1400000US25025040401","Census Tract 404.01; Suffolk County; Massachusetts","2448","332","1857","260","1857","260","1781","259","76","61","0","14","591","193",
"1400000US25025040600","Census Tract 406; Suffolk County; Massachusetts","3523","409","2994","381","2994","381","2909","370","85","74","0","14","529","134",
"1400000US25025040801","Census Tract 408.01; Suffolk County; Massachusetts","3293","389","2423","353","2409","353","2255","319","154","114","14","9","870","293",
"1400000US25025050101","Census Tract 501.01; Suffolk County; Massachusetts","3802","587","2568","615","2568","615","2467","627","101","69","0","14","1234","253",
"1400000US25025050200","Census Tract 502; Suffolk County; Massachusetts","4308","708","3635","664","3635","664","3390","660","245","146","0","19","673","201",
"1400000US25025050300","Census Tract 503; Suffolk County; Massachusetts","3086","371","2216","346","2216","346","2095","333","121","83","0","14","870","197",
"1400000US25025050400","Census Tract 504; Suffolk County; Massachusetts","1906","318","1428","242","1428","242","1387","215","41","62","0","14","478","216",
"1400000US25025050500","Census Tract 505; Suffolk County; Massachusetts","1728","222","1474","198","1474","198","1370","183","104","99","0","14","254","79",
"1400000US25025050600","Census Tract 506; Suffolk County; Massachusetts","2009","426","1742","414","1742","414","1727","414","15","22","0","14","267","84",
"1400000US25025050700","Census Tract 507; Suffolk County; Massachusetts","3348","571","2879","561","2879","561","2570","405","309","254","0","14","469","144",
"1400000US25025050901","Census Tract 509.01; Suffolk County; Massachusetts","3287","652","2577","531","2568","532","2315","409","253","206","9","13","710","250",
"1400000US25025051000","Census Tract 510; Suffolk County; Massachusetts","4359","716","3363","637","3363","637","3219","640","144","89","0","14","996","227",
"1400000US25025051101","Census Tract 511.01; Suffolk County; Massachusetts","5153","858","3743","763","3743","763","3359","594","384","308","0","19","1410","395",
"1400000US25025051200","Census Tract 512; Suffolk County; Massachusetts","3048","391","2512","376","2502","375","2358","366","144","115","10","17","536","137",
"1400000US25025060101","Census Tract 601.01; Suffolk County; Massachusetts","3327","487","2732","422","2732","422","2629","365","103","96","0","14","595","177",
"1400000US25025060200","Census Tract 602; Suffolk County; Massachusetts","2089","335","1732","321","1701","329","1604","264","97","105","31","39","357","85",
"1400000US25025060301","Census Tract 603.01; Suffolk County; Massachusetts","3286","661","2643","601","2643","601","2601","600","42","35","0","14","643","206",
"1400000US25025060400","Census Tract 604; Suffolk County; Massachusetts","5276","564","4342","547","4342","547","4317","545","25","41","0","19","934","241",
"1400000US25025060501","Census Tract 605.01; Suffolk County; Massachusetts","4022","626","3585","562","3585","562","3555","560","30","41","0","14","437","185",
"1400000US25025060601","Census Tract 606.01; Suffolk County; Massachusetts","1804","388","1693","386","1693","386","1671","387","22","25","0","14","111","63",
"1400000US25025060602","Census Tract 606.02; Suffolk County; Massachusetts","446","148","421","146","415","146","411","146","4","7","6","9","25","30",
"1400000US25025060603","Census Tract 606.03; Suffolk County; Massachusetts","1968","207","1827","212","1827","212","1806","215","21","35","0","14","141","70",
"1400000US25025060604","Census Tract 606.04; Suffolk County; Massachusetts","3095","297","2663","278","2663","278","2596","287","67","53","0","14","432","146",
"1400000US25025060700","Census Tract 607; Suffolk County; Massachusetts","1371","331","808","294","808","294","519","152","289","264","0","14","563","157",
"1400000US25025060800","Census Tract 608; Suffolk County; Massachusetts","4244","504","3812","509","3812","509","3635","459","177","168","0","14","432","183",
"1400000US25025061000","Census Tract 610; Suffolk County; Massachusetts","2075","373","1619","345","1619","345","1572","350","47","60","0","14","456","129",
"1400000US25025061101","Census Tract 611.01; Suffolk County; Massachusetts","2012","381","1242","301","1242","301","1080","317","162","80","0","14","770","266",
"1400000US25025061201","Census Tract 612.01; Suffolk County; Massachusetts","1747","392","1358","192","1358","192","1295","191","63","66","0","14","389","329",
"1400000US25025061202","Census Tract 612.02; Suffolk County; Massachusetts","0","14","0","14","0","14","0","14","0","14","0","14","0","14",
"1400000US25025061203","Census Tract 612.03; Suffolk County; Massachusetts","2150","321","1959","328","1950","329","1913","332","37","35","9","15","191","81",
"1400000US25025061204","Census Tract 612.04; Suffolk County; Massachusetts","779","229","636","228","623","229","616","228","7","10","13","19","143","45",
"1400000US25025070102","Census Tract 701.02; Suffolk County; Massachusetts","3160","381","1750","229","1750","229","1563","225","187","130","0","14","1410","344",
"1400000US25025070103","Census Tract 701.03; Suffolk County; Massachusetts","502","160","387","125","387","125","387","125","0","14","0","14","115","65",
"1400000US25025070104","Census Tract 701.04; Suffolk County; Massachusetts","2333","372","1550","269","1550","269","1448","231","102","93","0","14","783","261",
"1400000US25025070201","Census Tract 702.01; Suffolk County; Massachusetts","3784","231","1969","258","1969","258","1668","247","301","166","0","14","1815","266",
"1400000US25025070202","Census Tract 702.02; Suffolk County; Massachusetts","3475","435","2242","381","2242","381","2180","381","62","50","0","14","1233","307",
"1400000US25025070301","Census Tract 703.01; Suffolk County; Massachusetts","2027","454","1542","260","1542","260","1532","259","10","18","0","14","485","349",
"1400000US25025070302","Census Tract 703.02; Suffolk County; Massachusetts","1463","254","910","228","910","228","908","228","2","6","0","14","553","144",
"1400000US25025070402","Census Tract 704.02; Suffolk County; Massachusetts","2999","352","1867","340","1867","340","1792","345","75","59","0","14","1132","176",
"1400000US25025070501","Census Tract 705.01; Suffolk County; Massachusetts","1797","232","1504","250","1504","250","1495","250","9","15","0","14","293","120",
"1400000US25025070502","Census Tract 705.02; Suffolk County; Massachusetts","3214","747","2143","522","2143","522","1681","350","462","367","0","14","1071","421",
"1400000US25025070600","Census Tract 706; Suffolk County; Massachusetts","1754","222","1484","228","1484","228","1446","217","38","30","0","14","270","101",
"1400000US25025070700","Census Tract 707; Suffolk County; Massachusetts","2399","361","1771","359","1771","359","1600","349","171","101","0","14","628","169",
"1400000US25025070801","Census Tract 708.01; Suffolk County; Massachusetts","1110","362","633","173","633","173","589","180","44","41","0","14","477","274",
"1400000US25025070802","Census Tract 708.02; Suffolk County; Massachusetts","2086","290","1464","213","1464","213","1464","213","0","14","0","14","622","210",
"1400000US25025070901","Census Tract 709.01; Suffolk County; Massachusetts","1010","305","512","164","512","164","455","166","57","41","0","14","498","230",
"1400000US25025070902","Census Tract 709.02; Suffolk County; Massachusetts","2130","242","1538","217","1538","217","1499","217","39","33","0","14","592","186",
"1400000US25025071101","Census Tract 711.01; Suffolk County; Massachusetts","3823","487","2528","414","2528","414","2449","412","79","63","0","14","1295","273",
"1400000US25025071201","Census Tract 712.01; Suffolk County; Massachusetts","3622","640","1995","241","1995","241","1894","234","101","71","0","14","1627","560",
"1400000US25025080100","Census Tract 801; Suffolk County; Massachusetts","2399","329","1173","242","1173","242","1140","243","33","49","0","14","1226","199",
"1400000US25025080300","Census Tract 803; Suffolk County; Massachusetts","1907","359","1056","268","1056","268","850","281","206","117","0","14","851","241",
"1400000US25025080401","Census Tract 804.01; Suffolk County; Massachusetts","2308","351","1293","297","1271","298","1125","264","146","103","22","31","1015","173",
"1400000US25025080500","Census Tract 805; Suffolk County; Massachusetts","2661","304","1644","319","1644","319","1404","335","240","118","0","14","1017","238",
"1400000US25025080601","Census Tract 806.01; Suffolk County; Massachusetts","3684","304","1711","320","1711","320","1430","293","281","112","0","14","1973","315",
"1400000US25025080801","Census Tract 808.01; Suffolk County; Massachusetts","3889","609","2102","519","2102","519","1866","509","236","110","0","14","1787","285",
"1400000US25025080900","Census Tract 809; Suffolk County; Massachusetts","3257","408","2064","287","2064","287","1979","285","85","54","0","14","1193","285",
"1400000US25025081001","Census Tract 810.01; Suffolk County; Massachusetts","4329","720","2801","540","2801","540","2692","515","109","86","0","14","1528","375",
"1400000US25025081101","Census Tract 811.01; Suffolk County; Massachusetts","1429","161","1037","166","1037","166","998","145","39","44","0","14","392","80",
"1400000US25025081102","Census Tract 811.02; Suffolk County; Massachusetts","2806","665","1950","601","1950","601","1885","600","65","68","0","14","856","198",
"1400000US25025081200","Census Tract 812; Suffolk County; Massachusetts","2518","371","1724","369","1724","369","1468","299","256","174","0","14","794","215",
"1400000US25025081301","Census Tract 813.01; Suffolk County; Massachusetts","1947","327","938","317","938","317","929","308","9","21","0","14","1009","252",
"1400000US25025081302","Census Tract 813.02; Suffolk County; Massachusetts","2109","401","1053","411","1053","411","977","396","76","83","0","14","1056","232",
"1400000US25025081400","Census Tract 814; Suffolk County; Massachusetts","3330","440","2283","364","2283","364","2064","343","219","112","0","14","1047","226",
"1400000US25025081500","Census Tract 815; Suffolk County; Massachusetts","2103","385","1372","229","1372","229","1287","239","85","51","0","14","731","238",
"1400000US25025081700","Census Tract 817; Suffolk County; Massachusetts","3143","388","1710","332","1710","332","1583","345","127","69","0","14","1433","298",
"1400000US25025081800","Census Tract 818; Suffolk County; Massachusetts","3009","459","2174","405","2174","405","2047","405","127","97","0","14","835","195",
"1400000US25025081900","Census Tract 819; Suffolk County; Massachusetts","2791","711","1917","680","1917","680","1830","669","87","76","0","14","874","146",
"1400000US25025082000","Census Tract 820; Suffolk County; Massachusetts","2813","582","1738","458","1738","458","1601","461","137","110","0","14","1075","248",
"1400000US25025082100","Census Tract 821; Suffolk County; Massachusetts","3380","718","1973","610","1973","610","1743","501","230","233","0","14","1407","421",
"1400000US25025090100","Census Tract 901; Suffolk County; Massachusetts","4272","687","2526","461","2526","461","2196","420","330","167","0","19","1746","453",
"1400000US25025090200","Census Tract 902; Suffolk County; Massachusetts","1896","288","1138","212","1138","212","1033","211","105","63","0","14","758","200",
"1400000US25025090300","Census Tract 903; Suffolk County; Massachusetts","2895","577","2077","528","2077","528","1845","446","232","138","0","14","818","221",
"1400000US25025090400","Census Tract 904; Suffolk County; Massachusetts","2818","422","1806","303","1806","303","1588","254","218","136","0","14","1012","264",
"1400000US25025090600","Census Tract 906; Suffolk County; Massachusetts","1865","321","1252","251","1252","251","1222","246","30","24","0","14","613","189",
"1400000US25025090700","Census Tract 907; Suffolk County; Massachusetts","4129","421","2944","396","2944","396","2840","385","104","78","0","14","1185","292",
"1400000US25025090901","Census Tract 909.01; Suffolk County; Massachusetts","2669","379","1665","251","1665","251","1606","245","59","66","0","14","1004","282",
"1400000US25025091001","Census Tract 910.01; Suffolk County; Massachusetts","3119","438","2455","394","2455","394","2321","405","134","93","0","14","664","161",
"1400000US25025091100","Census Tract 911; Suffolk County; Massachusetts","4244","640","3072","536","3072","536","2869","504","203","106","0","14","1172","291",
"1400000US25025091200","Census Tract 912; Suffolk County; Massachusetts","2351","282","1920","318","1920","318","1801","299","119","143","0","14","431","175",
"1400000US25025091300","Census Tract 913; Suffolk County; Massachusetts","2223","282","1526","218","1498","217","1261","207","237","78","28","43","697","233",
"1400000US25025091400","Census Tract 914; Suffolk County; Massachusetts","2608","345","1563","282","1563","282","1431","293","132","71","0","14","1045","273",
"1400000US25025091500","Census Tract 915; Suffolk County; Massachusetts","3020","510","2129","391","2129","391","1905","320","224","146","0","14","891","228",
"1400000US25025091600","Census Tract 916; Suffolk County; Massachusetts","2337","658","1444","395","1444","395","1290","410","154","112","0","14","893","357",
"1400000US25025091700","Census Tract 917; Suffolk County; Massachusetts","2548","436","1671","397","1671","397","1484","384","187","91","0","14","877","288",
"1400000US25025091800","Census Tract 918; Suffolk County; Massachusetts","2826","475","1681","415","1681","415","1564","393","117","85","0","14","1145","356",
"1400000US25025091900","Census Tract 919; Suffolk County; Massachusetts","3768","640","2621","515","2621","515","2406","506","215","139","0","14","1147","230",
"1400000US25025092000","Census Tract 920; Suffolk County; Massachusetts","4585","729","3248","626","3248","626","2979","594","269","159","0","19","1337","338",
"1400000US25025092101","Census Tract 921.01; Suffolk County; Massachusetts","5871","851","3191","545","3191","545","2965","520","226","154","0","19","2680","637",
"1400000US25025092200","Census Tract 922; Suffolk County; Massachusetts","3406","607","2535","454","2535","454","2379","474","156","109","0","14","871","239",
"1400000US25025092300","Census Tract 923; Suffolk County; Massachusetts","3155","422","2211","379","2211","379","1966","404","245","112","0","14","944","225",
"1400000US25025092400","Census Tract 924; Suffolk County; Massachusetts","4345","976","3092","751","3092","751","2487","691","605","295","0","19","1253","450",
"1400000US25025100100","Census Tract 1001; Suffolk County; Massachusetts","4367","762","3130","699","3130","699","2690","591","440","255","0","19","1237","304",
"1400000US25025100200","Census Tract 1002; Suffolk County; Massachusetts","2560","496","2020","433","2020","433","1736","396","284","139","0","14","540","165",
"1400000US25025100300","Census Tract 1003; Suffolk County; Massachusetts","3206","438","2153","336","2153","336","1960","290","193","117","0","14","1053","266",
"1400000US25025100400","Census Tract 1004; Suffolk County; Massachusetts","4299","697","3134","514","3098","509","2858","510","240","139","36","55","1165","431",
"1400000US25025100500","Census Tract 1005; Suffolk County; Massachusetts","6549","970","4534","909","4488","893","4198","873","290","209","46","56","2015","531",
"1400000US25025100601","Census Tract 1006.01; Suffolk County; Massachusetts","4731","631","3882","651","3882","651","3498","635","384","246","0","19","849","334",
"1400000US25025100603","Census Tract 1006.03; Suffolk County; Massachusetts","2030","462","1628","420","1628","420","1516","368","112","107","0","14","402","162",
"1400000US25025100700","Census Tract 1007; Suffolk County; Massachusetts","3694","475","2801","438","2801","438","2699","423","102","81","0","14","893","206",
"1400000US25025100800","Census Tract 1008; Suffolk County; Massachusetts","4837","656","3552","559","3552","559","3341","590","211","141","0","19","1285","332",
"1400000US25025100900","Census Tract 1009; Suffolk County; Massachusetts","4139","533","2973","431","2973","431","2947","435","26","28","0","14","1166","262",
"1400000US25025101001","Census Tract 1010.01; Suffolk County; Massachusetts","5478","758","4353","679","4353","679","3861","599","492","236","0","19","1125","369",
"1400000US25025101002","Census Tract 1010.02; Suffolk County; Massachusetts","4983","616","3051","666","3051","666","2658","627","393","224","0","19","1932","294",
"1400000US25025101101","Census Tract 1011.01; Suffolk County; Massachusetts","3635","714","2623","554","2623","554","2425","519","198","161","0","14","1012","313",
"1400000US25025101102","Census Tract 1011.02; Suffolk County; Massachusetts","4263","747","2930","581","2930","581","2539","528","391","180","0","19","1333","327",
"1400000US25025110104","Census Tract 1101.04; Suffolk County; Massachusetts","1422","243","1087","192","1087","192","969","153","118","84","0","14","335","107",
"1400000US25025110105","Census Tract 1101.05; Suffolk County; Massachusetts","2439","555","2183","562","2183","562","2134","558","49","56","0","14","256","85",
"1400000US25025110106","Census Tract 1101.06; Suffolk County; Massachusetts","1493","557","876","173","876","173","876","173","0","14","0","14","617","559",
"1400000US25025110201","Census Tract 1102.01; Suffolk County; Massachusetts","1790","226","1206","222","1200","223","1044","181","156","95","6","8","584","116",
"1400000US25025110301","Census Tract 1103.01; Suffolk County; Massachusetts","2075","326","1396","258","1396","258","1371","243","25","34","0","14","679","149",
"1400000US25025110401","Census Tract 1104.01; Suffolk County; Massachusetts","2902","291","2172","276","2172","276","1998","296","174","107","0","14","730","170",
"1400000US25025110403","Census Tract 1104.03; Suffolk County; Massachusetts","4003","404","2932","418","2932","418","2735","370","197","104","0","14","1071","194",
"1400000US25025110501","Census Tract 1105.01; Suffolk County; Massachusetts","2693","406","2241","373","2241","373","2119","361","122","72","0","14","452","115",
"1400000US25025110502","Census Tract 1105.02; Suffolk County; Massachusetts","3341","571","2694","587","2694","587","2618","577","76","47","0","14","647","157",
"1400000US25025110601","Census Tract 1106.01; Suffolk County; Massachusetts","2531","395","1578","338","1578","338","1541","332","37","31","0","14","953","197",
"1400000US25025110607","Census Tract 1106.07; Suffolk County; Massachusetts","4373","529","3242","445","3242","445","3134","428","108","91","0","19","1131","234",
"1400000US25025120103","Census Tract 1201.03; Suffolk County; Massachusetts","1474","180","1129","162","1129","162","1120","159","9","12","0","14","345","106",
"1400000US25025120104","Census Tract 1201.04; Suffolk County; Massachusetts","2124","276","1674","247","1674","247","1661","249","13","15","0","14","450","124",
"1400000US25025120105","Census Tract 1201.05; Suffolk County; Massachusetts","1958","163","1299","114","1294","114","1221","120","73","57","5","8","659","139",
"1400000US25025120201","Census Tract 1202.01; Suffolk County; Massachusetts","3799","501","3033","415","3033","415","2971","419","62","68","0","14","766","312",
"1400000US25025120301","Census Tract 1203.01; Suffolk County; Massachusetts","4343","370","3285","413","3220","399","3182","395","38","31","65","98","1058","242",
"1400000US25025120400","Census Tract 1204; Suffolk County; Massachusetts","5888","740","4700","720","4700","720","4597","706","103","71","0","19","1188","236",
"1400000US25025120500","Census Tract 1205; Suffolk County; Massachusetts","2005","276","1382","217","1382","217","1313","219","69","52","0","14","623","203",
"1400000US25025120600","Census Tract 1206; Suffolk County; Massachusetts","2087","396","1833","389","1833","389","1817","390","16","20","0","14","254","121",
"1400000US25025120700","Census Tract 1207; Suffolk County; Massachusetts","1679","261","1295","270","1295","270","1218","243","77","74","0","14","384","113",
"1400000US25025130101","Census Tract 1301.01; Suffolk County; Massachusetts","4636","433","3680","463","3680","463","3564","474","116","97","0","19","956","162",
"1400000US25025130200","Census Tract 1302; Suffolk County; Massachusetts","3694","417","2566","309","2566","309","2542","311","24","27","0","14","1128","205",
"1400000US25025130300","Census Tract 1303; Suffolk County; Massachusetts","3621","392","2457","310","2457","310","2291","290","166","105","0","14","1164","231",
"1400000US25025130402","Census Tract 1304.02; Suffolk County; Massachusetts","4346","767","3129","691","3113","688","3010","714","103","123","16","28","1217","246",
"1400000US25025130404","Census Tract 1304.04; Suffolk County; Massachusetts","2321","261","1610","258","1610","258","1523","259","87","77","0","14","711","133",
"1400000US25025130406","Census Tract 1304.06; Suffolk County; Massachusetts","3815","590","2805","662","2805","662","2608","667","197","157","0","19","1010","249",
"1400000US25025140102","Census Tract 1401.02; Suffolk County; Massachusetts","4132","499","2937","374","2922","376","2835","372","87","53","15","23","1195","334",
"1400000US25025140105","Census Tract 1401.05; Suffolk County; Massachusetts","2987","375","2027","324","2027","324","1937","325","90","56","0","14","960","201",
"1400000US25025140106","Census Tract 1401.06; Suffolk County; Massachusetts","1726","236","1064","188","1064","188","1033","188","31","28","0","14","662","157",
"1400000US25025140107","Census Tract 1401.07; Suffolk County; Massachusetts","2413","362","1534","230","1534","230","1469","228","65","58","0","14","879","257",
"1400000US25025140201","Census Tract 1402.01; Suffolk County; Massachusetts","2000","404","1482","416","1482","416","1432","412","50","38","0","14","518","111",
"1400000US25025140202","Census Tract 1402.02; Suffolk County; Massachusetts","4890","552","3380","444","3380","444","3196","419","184","168","0","19","1510","355",
"1400000US25025140300","Census Tract 1403; Suffolk County; Massachusetts","5930","1043","3574","869","3574","869","3146","607","428","397","0","19","2356","570",
"1400000US25025140400","Census Tract 1404; Suffolk County; Massachusetts","7143","1004","4704","647","4704","647","4419","601","285","186","0","19","2439","602",
"1400000US25025160102","Census Tract 1601.02; Suffolk County; Massachusetts","2693","366","1854","387","1854","387","1789","385","65","53","0","14","839","193",
"1400000US25025160103","Census Tract 1601.03; Suffolk County; Massachusetts","3687","814","2269","537","2269","537","1940","500","329","353","0","14","1418","500",
"1400000US25025160200","Census Tract 1602; Suffolk County; Massachusetts","3433","565","2432","411","2432","411","2004","299","428","215","0","14","1001","259",
"1400000US25025160300","Census Tract 1603; Suffolk County; Massachusetts","2204","228","1356","197","1356","197","1263","175","93","53","0","14","848","183",
"1400000US25025160400","Census Tract 1604; Suffolk County; Massachusetts","2861","368","2024","263","2024","263","1937","259","87","77","0","14","837","224",
"1400000US25025160501","Census Tract 1605.01; Suffolk County; Massachusetts","4471","938","3058","750","3058","750","2782","706","276","255","0","19","1413","393",
"1400000US25025160502","Census Tract 1605.02; Suffolk County; Massachusetts","4110","464","2783","320","2783","320","2563","322","220","133","0","19","1327","304",
"1400000US25025160601","Census Tract 1606.01; Suffolk County; Massachusetts","4088","889","3088","820","3088","820","2753","625","335","236","0","14","1000","194",
"1400000US25025160602","Census Tract 1606.02; Suffolk County; Massachusetts","3785","507","2510","360","2510","360","2383","395","127","123","0","14","1275","409",
"1400000US25025170101","Census Tract 1701.01; Suffolk County; Massachusetts","2959","370","1932","334","1932","334","1899","337","33","38","0","14","1027","208",
"1400000US25025170102","Census Tract 1701.02; Suffolk County; Massachusetts","4295","887","3029","809","3029","809","2769","675","260","190","0","19","1266","319",
"1400000US25025170200","Census Tract 1702; Suffolk County; Massachusetts","4239","661","2294","494","2289","495","2120","467","169","105","5","8","1945","381",
"1400000US25025170301","Census Tract 1703.01; Suffolk County; Massachusetts","5169","1302","3945","1209","3945","1209","3708","1148","237","197","0","19","1224","272",
"1400000US25025170302","Census Tract 1703.02; Suffolk County; Massachusetts","3003","444","2239","399","2239","399","2139","418","100","87","0","14","764","225",
"1400000US25025170400","Census Tract 1704; Suffolk County; Massachusetts","4455","791","2969","716","2969","716","2658","539","311","265","0","19","1486","333",
"1400000US25025170502","Census Tract 1705.02; Suffolk County; Massachusetts","3368","511","1919","317","1919","317","1809","309","110","72","0","14","1449","342",
"1400000US25025170503","Census Tract 1705.03; Suffolk County; Massachusetts","1149","139","722","146","722","146","683","141","39","36","0","14","427","104",
"1400000US25025170504","Census Tract 1705.04; Suffolk County; Massachusetts","2912","393","2403","365","2391","367","2305","349","86","90","12","19","509","148",
"1400000US25025170601","Census Tract 1706.01; Suffolk County; Massachusetts","4552","645","2858","581","2829","576","2705","570","124","79","29","47","1694","483",
"1400000US25025170701","Census Tract 1707.01; Suffolk County; Massachusetts","1933","298","1501","257","1501","257","1457","240","44","52","0","14","432","127",
"1400000US25025170702","Census Tract 1707.02; Suffolk County; Massachusetts","6494","1160","4824","999","4824","999","4380","816","444","373","0","19","1670","489",
"1400000US25025170800","Census Tract 1708; Suffolk County; Massachusetts","5189","798","3775","746","3775","746","3339","665","436","374","0","19","1414","336",
"1400000US25025180101","Census Tract 1801.01; Suffolk County; Massachusetts","4608","408","2979","435","2941","447","2671","369","270","182","38","70","1629","229",
"1400000US25025180200","Census Tract 1802; Suffolk County; Massachusetts","3864","396","2463","330","2463","330","2316","298","147","101","0","14","1401","253",
"1400000US25025180301","Census Tract 1803.01; Suffolk County; Massachusetts","2325","284","1599","231","1599","231","1581","233","18","20","0","14","726","164",
"1400000US25025180400","Census Tract 1804; Suffolk County; Massachusetts","1573","243","1196","210","1196","210","1097","198","99","63","0","14","377","79",
"1400000US25025180500","Census Tract 1805; Suffolk County; Massachusetts","3365","417","2356","295","2345","298","2257","304","88","53","11","16","1009","265",
"1400000US25025980101","Census Tract 9801.01; Suffolk County; Massachusetts","29","4","2","3","2","3","2","3","0","14","0","14","27","4",
"1400000US25025980300","Census Tract 9803; Suffolk County; Massachusetts","202","16","62","49","62","49","62","49","0","14","0","14","140","48",
"1400000US25025980700","Census Tract 9807; Suffolk County; Massachusetts","3","6","1","3","1","3","1","3","0","14","0","14","2","4",
"1400000US25025980900","Census Tract 9809; Suffolk County; Massachusetts","43","28","38","28","38","28","38","28","0","14","0","14","5","7",
"1400000US25025981000","Census Tract 9810; Suffolk County; Massachusetts","26","37","26","37","26","37","26","37","0","14","0","14","0","14",
"1400000US25025981100","Census Tract 9811; Suffolk County; Massachusetts","90","25","0","14","0","14","0","14","0","14","0","14","90","25",
"1400000US25025981201","Census Tract 9812.01; Suffolk County; Massachusetts","0","14","0","14","0","14","0","14","0","14","0","14","0","14",
"1400000US25025981202","Census Tract 9812.02; Suffolk County; Massachusetts","29","18","29","18","9","23","9","23","0","14","20","25","0","14",
"1400000US25025981300","Census Tract 9813; Suffolk County; Massachusetts","50","19","33","20","33","20","33","20","0","14","0","14","17","18",
"1400000US25025981501","Census Tract 9815.01; Suffolk County; Massachusetts","0","14","0","14","0","14","0","14","0","14","0","14","0","14",
"1400000US25025981502","Census Tract 9815.02; Suffolk County; Massachusetts","0","14","0","14","0","14","0","14","0","14","0","14","0","14",
"1400000US25025981600","Census Tract 9816; Suffolk County; Massachusetts","0","14","0","14","0","14","0","14","0","14","0","14","0","14",
"1400000US25025981700","Census Tract 9817; Suffolk County; Massachusetts","0","14","0","14","0","14","0","14","0","14","0","14","0","14",
"1400000US25025981800","Census Tract 9818; Suffolk County; Massachusetts","20","22","10","16","10","16","10","16","0","14","0","14","10","13",
"1400000US25025981900","Census Tract 9819; Suffolk County; Massachusetts","0","14","0","14","0","14","0","14","0","14","0","14","0","14",
"1400000US25025990101","Census Tract 9901.01; Suffolk County; Massachusetts","0","14","0","14","0","14","0","14","0","14","0","14","0","14",
"1400000US25027700100","Census Tract 7001; Worcester County; Massachusetts","5254","236","3069","429","3069","429","2977","421","92","89","0","19","2185","399",
"1400000US25027701101","Census Tract 7011.01; Worcester County; Massachusetts","4021","497","2415","361","2415","361","2224","357","191","94","0","14","1606","422",
"1400000US25027701102","Census Tract 7011.02; Worcester County; Massachusetts","3000","374","1864","359","1864","359","1782","375","82","62","0","14","1136","270",
"1400000US25027702201","Census Tract 7022.01; Worcester County; Massachusetts","1192","171","742","135","742","135","701","139","41","25","0","14","450","77",
"1400000US25027702202","Census Tract 7022.02; Worcester County; Massachusetts","1412","229","797","163","797","163","730","154","67","42","0","14","615","160",
"1400000US25027703100","Census Tract 7031; Worcester County; Massachusetts","3685","313","2096","314","2096","314","1898","278","198","112","0","14","1589","258",
"1400000US25027703200","Census Tract 7032; Worcester County; Massachusetts","2878","356","1903","316","1903","316","1768","315","135","112","0","14","975","213",
"1400000US25027703300","Census Tract 7033; Worcester County; Massachusetts","3100","413","2072","356","2072","356","1983","354","89","58","0","14","1028","210",
"1400000US25027704201","Census Tract 7042.01; Worcester County; Massachusetts","1606","205","1069","189","1069","189","964","165","105","70","0","14","537","100",
"1400000US25027704202","Census Tract 7042.02; Worcester County; Massachusetts","1041","92","578","75","578","75","553","73","25","16","0","14","463","71",
"1400000US25027705101","Census Tract 7051.01; Worcester County; Massachusetts","2977","443","2124","365","2116","366","2058","360","58","46","8","17","853","197",
"1400000US25027705102","Census Tract 7051.02; Worcester County; Massachusetts","3584","295","2252","237","2252","237","2020","395","232","227","0","14","1332","237",
"1400000US25027706100","Census Tract 7061; Worcester County; Massachusetts","3751","155","2509","219","2509","219","2440","210","69","57","0","14","1242","226",
"1400000US25027707100","Census Tract 7071; Worcester County; Massachusetts","3316","331","2007","346","2007","346","1894","330","113","80","0","14","1309","235",
"1400000US25027707200","Census Tract 7072; Worcester County; Massachusetts","1625","289","926","246","926","246","796","202","130","129","0","14","699","176",
"1400000US25027707300","Census Tract 7073; Worcester County; Massachusetts","3215","411","2052","343","2052","343","1913","347","139","79","0","14","1163","244",
"1400000US25027707400","Census Tract 7074; Worcester County; Massachusetts","4141","439","2518","368","2518","368","2378","359","140","79","0","14","1623","515",
"1400000US25027707500","Census Tract 7075; Worcester County; Massachusetts","5300","437","2852","454","2852","454","2647","398","205","154","0","19","2448","294",
"1400000US25027708100","Census Tract 7081; Worcester County; Massachusetts","6880","193","4470","376","4470","376","4330","381","140","84","0","19","2410","449",
"1400000US25027709100","Census Tract 7091; Worcester County; Massachusetts","3868","440","2670","342","2646","334","2420","338","226","119","24","37","1198","288",
"1400000US25027709201","Census Tract 7092.01; Worcester County; Massachusetts","6503","781","4461","786","4424","789","4146","710","278","215","37","59","2042","383",
"1400000US25027709203","Census Tract 7092.03; Worcester County; Massachusetts","2736","373","1813","391","1813","391","1721","408","92","107","0","14","923","218",
"1400000US25027709204","Census Tract 7092.04; Worcester County; Massachusetts","3706","650","2542","562","2542","562","2398","560","144","135","0","14","1164","324",
"1400000US25027709400","Census Tract 7094; Worcester County; Massachusetts","3257","680","1993","539","1993","539","1816","483","177","129","0","14","1264","359",
"1400000US25027709501","Census Tract 7095.01; Worcester County; Massachusetts","2149","388","1549","300","1549","300","1459","298","90","37","0","14","600","131",
"1400000US25027709502","Census Tract 7095.02; Worcester County; Massachusetts","5161","444","3404","528","3404","528","3214","478","190","151","0","19","1757","363",
"1400000US25027709600","Census Tract 7096; Worcester County; Massachusetts","2141","266","1509","244","1509","244","1460","244","49","41","0","14","632","183",
"1400000US25027709701","Census Tract 7097.01; Worcester County; Massachusetts","4755","580","3345","550","3345","550","3149","573","196","154","0","19","1410","325",
"1400000US25027709702","Census Tract 7097.02; Worcester County; Massachusetts","2163","240","1472","201","1417","216","1329","198","88","63","55","67","691","124",
"1400000US25027710100","Census Tract 7101; Worcester County; Massachusetts","2710","445","1980","366","1980","366","1951","357","29","48","0","14","730","243",
"1400000US25027710200","Census Tract 7102; Worcester County; Massachusetts","5371","440","3970","483","3970","483","3837","503","133","102","0","19","1401","275",
"1400000US25027710300","Census Tract 7103; Worcester County; Massachusetts","2797","469","1888","386","1888","386","1791","355","97","66","0","14","909","254",
"1400000US25027710400","Census Tract 7104; Worcester County; Massachusetts","1865","346","1238","314","1238","314","1116","267","122","86","0","14","627","133",
"1400000US25027710500","Census Tract 7105; Worcester County; Massachusetts","2840","302","1780","325","1780","325","1665","320","115","96","0","14","1060","253",
"1400000US25027710601","Census Tract 7106.01; Worcester County; Massachusetts","2342","405","1620","445","1620","445","1469","436","151","84","0","14","722","214",
"1400000US25027710602","Census Tract 7106.02; Worcester County; Massachusetts","3545","632","2454","640","2454","640","2024","380","430","361","0","14","1091","291",
"1400000US25027710700","Census Tract 7107; Worcester County; Massachusetts","1417","250","533","183","533","183","427","182","106","70","0","14","884","183",
"1400000US25027710800","Census Tract 7108; Worcester County; Massachusetts","4428","678","2885","654","2885","654","2736","660","149","70","0","19","1543","295",
"1400000US25027711000","Census Tract 7110; Worcester County; Massachusetts","2681","420","1822","355","1822","355","1781","367","41","39","0","14","859","234",
"1400000US25027711100","Census Tract 7111; Worcester County; Massachusetts","4238","539","2532","506","2532","506","2377","459","155","107","0","14","1706","252",
"1400000US25027712101","Census Tract 7121.01; Worcester County; Massachusetts","6573","481","4406","494","4406","494","4146","441","260","173","0","19","2167","344",
"1400000US25027712102","Census Tract 7121.02; Worcester County; Massachusetts","3226","414","2173","291","2173","291","2105","295","68","58","0","14","1053","194",
"1400000US25027713100","Census Tract 7131; Worcester County; Massachusetts","7232","251","4249","436","4249","436","3956","481","293","125","0","19","2983","466",
"1400000US25027715100","Census Tract 7151; Worcester County; Massachusetts","4401","180","3158","208","3158","208","2985","197","173","131","0","19","1243","182",
"1400000US25027716101","Census Tract 7161.01; Worcester County; Massachusetts","2941","360","2211","354","2211","354","2002","343","209","115","0","14","730","135",
"1400000US25027716102","Census Tract 7161.02; Worcester County; Massachusetts","4270","533","3020","391","3020","391","2927","396","93","61","0","19","1250","444",
"1400000US25027716200","Census Tract 7162; Worcester County; Massachusetts","2770","464","2026","373","2026","373","1905","362","121","74","0","14","744","196",
"1400000US25027716300","Census Tract 7163; Worcester County; Massachusetts","3327","447","2557","416","2557","416","2454","408","103","55","0","14","770","146",
"1400000US25027717100","Census Tract 7171; Worcester County; Massachusetts","2966","129","1980","261","1975","259","1887","245","88","69","5","9","986","191",
"1400000US25027718100","Census Tract 7181; Worcester County; Massachusetts","4138","108","2681","183","2681","183","2583","183","98","55","0","14","1457","168",
"1400000US25027719100","Census Tract 7191; Worcester County; Massachusetts","6918","216","4463","370","4463","370","4283","383","180","107","0","19","2455","381",
"1400000US25027720100","Census Tract 7201; Worcester County; Massachusetts","2789","153","1920","147","1920","147","1913","147","7","13","0","14","869","136",
"1400000US25027721101","Census Tract 7211.01; Worcester County; Massachusetts","1366","113","828","94","828","94","807","94","21","14","0","14","538","66",
"1400000US25027721103","Census Tract 7211.03; Worcester County; Massachusetts","4190","387","2934","386","2934","386","2794","387","140","79","0","19","1256","304",
"1400000US25027721104","Census Tract 7211.04; Worcester County; Massachusetts","2983","482","1805","360","1805","360","1690","359","115","78","0","14","1178","266",
"1400000US25027722100","Census Tract 7221; Worcester County; Massachusetts","4762","195","3037","366","3037","366","2972","354","65","100","0","19","1725","323",
"1400000US25027723100","Census Tract 7231; Worcester County; Massachusetts","3093","160","1765","223","1749","227","1666","230","83","43","16","23","1328","213",
"1400000US25027724100","Census Tract 7241; Worcester County; Massachusetts","3427","150","1887","209","1887","209","1777","189","110","71","0","14","1540","259",
"1400000US25027725100","Census Tract 7251; Worcester County; Massachusetts","4018","160","2815","188","2815","188","2726","196","89","62","0","14","1203","214",
"1400000US25027726100","Census Tract 7261; Worcester County; Massachusetts","5115","372","3414","459","3396","459","3134","450","262","157","18","31","1701","418",
"1400000US25027726200","Census Tract 7262; Worcester County; Massachusetts","5141","515","2907","491","2907","491","2721","432","186","137","0","19","2234","618",
"1400000US25027727100","Census Tract 7271; Worcester County; Massachusetts","4270","153","2833","198","2833","198","2719","183","114","112","0","19","1437","177",
"1400000US25027728100","Census Tract 7281; Worcester County; Massachusetts","4281","341","2855","269","2855","269","2773","276","82","72","0","19","1426","207",
"1400000US25027728200","Census Tract 7282; Worcester County; Massachusetts","3165","263","2034","244","2034","244","1931","228","103","63","0","14","1131","204",
"1400000US25027728300","Census Tract 7283; Worcester County; Massachusetts","3953","267","2632","282","2624","284","2512","258","112","89","8","13","1321","186",
"1400000US25027728400","Census Tract 7284; Worcester County; Massachusetts","4272","284","3008","300","3008","300","2807","295","201","89","0","19","1264","169",
"1400000US25027729100","Census Tract 7291; Worcester County; Massachusetts","4223","228","1986","225","1986","225","1887","220","99","50","0","14","2237","240",
"1400000US25027729200","Census Tract 7292; Worcester County; Massachusetts","2461","236","1772","229","1772","229","1698","190","74","86","0","14","689","169",
"1400000US25027730100","Census Tract 7301; Worcester County; Massachusetts","5898","648","4020","456","4020","456","3969","457","51","49","0","19","1878","368",
"1400000US25027730200","Census Tract 7302; Worcester County; Massachusetts","5682","549","4050","468","4050","468","3873","458","177","130","0","19","1632","249",
"1400000US25027730300","Census Tract 7303; Worcester County; Massachusetts","4554","620","3335","563","3311","566","3236","574","75","75","24","47","1219","231",
"1400000US25027730401","Census Tract 7304.01; Worcester County; Massachusetts","5031","679","2887","542","2887","542","2748","553","139","117","0","19","2144","463",
"1400000US25027730402","Census Tract 7304.02; Worcester County; Massachusetts","1634","203","1137","221","1137","221","1023","187","114","67","0","14","497","101",
"1400000US25027730500","Census Tract 7305; Worcester County; Massachusetts","3197","383","2502","345","2502","345","2266","298","236","114","0","14","695","188",
"1400000US25027730600","Census Tract 7306; Worcester County; Massachusetts","8059","640","4697","561","4697","561","4443","510","254","151","0","19","3362","449",
"1400000US25027730700","Census Tract 7307; Worcester County; Massachusetts","6317","688","4666","434","4666","434","4292","451","374","163","0","19","1651","628",
"1400000US25027730801","Census Tract 7308.01; Worcester County; Massachusetts","3318","463","2142","423","2142","423","2110","416","32","27","0","14","1176","216",
"1400000US25027730802","Census Tract 7308.02; Worcester County; Massachusetts","1875","332","1338","233","1331","233","1222","232","109","55","7","11","537","142",
"1400000US25027730901","Census Tract 7309.01; Worcester County; Massachusetts","3484","591","2454","557","2454","557","2324","553","130","85","0","14","1030","198",
"1400000US25027730902","Census Tract 7309.02; Worcester County; Massachusetts","3800","281","2410","303","2410","303","2295","290","115","64","0","14","1390","250",
"1400000US25027731001","Census Tract 7310.01; Worcester County; Massachusetts","2467","474","1643","464","1643","464","1643","464","0","14","0","14","824","136",
"1400000US25027731002","Census Tract 7310.02; Worcester County; Massachusetts","5015","562","3059","565","3059","565","2754","541","305","184","0","19","1956","362",
"1400000US25027731101","Census Tract 7311.01; Worcester County; Massachusetts","3119","380","2269","325","2269","325","2259","325","10","15","0","14","850","190",
"1400000US25027731102","Census Tract 7311.02; Worcester County; Massachusetts","3024","594","2431","407","2431","407","2381","409","50","41","0","14","593","302",
"1400000US25027731202","Census Tract 7312.02; Worcester County; Massachusetts","1644","16","749","115","749","115","661","124","88","62","0","14","895","116",
"1400000US25027731203","Census Tract 7312.03; Worcester County; Massachusetts","5562","684","3104","596","3104","596","2669","521","435","284","0","19","2458","531",
"1400000US25027731204","Census Tract 7312.04; Worcester County; Massachusetts","2094","412","1464","393","1464","393","1223","307","241","181","0","14","630","168",
"1400000US25027731300","Census Tract 7313; Worcester County; Massachusetts","3913","521","2593","478","2593","478","2337","475","256","136","0","19","1320","306",
"1400000US25027731400","Census Tract 7314; Worcester County; Massachusetts","3736","495","2135","454","2135","454","2021","459","114","93","0","14","1601","285",
"1400000US25027731500","Census Tract 7315; Worcester County; Massachusetts","4273","670","2276","506","2276","506","1885","484","391","170","0","19","1997","578",
"1400000US25027731601","Census Tract 7316.01; Worcester County; Massachusetts","3813","712","2592","585","2592","585","2465","555","127","123","0","14","1221","388",
"1400000US25027731602","Census Tract 7316.02; Worcester County; Massachusetts","3090","209","1310","195","1310","195","1231","199","79","53","0","14","1780","227",
"1400000US25027731700","Census Tract 7317; Worcester County; Massachusetts","3642","487","2277","399","2277","399","2145","370","132","100","0","14","1365","390",
"1400000US25027731801","Census Tract 7318.01; Worcester County; Massachusetts","2707","389","1574","314","1574","314","1574","314","0","14","0","14","1133","290",
"1400000US25027731802","Census Tract 7318.02; Worcester County; Massachusetts","3313","524","1766","382","1747","379","1582","340","165","104","19","32","1547","400",
"1400000US25027731900","Census Tract 7319; Worcester County; Massachusetts","4346","540","2818","409","2818","409","2529","389","289","184","0","19","1528","379",
"1400000US25027732001","Census Tract 7320.01; Worcester County; Massachusetts","2084","339","1247","245","1247","245","1123","259","124","84","0","14","837","231",
"1400000US25027732002","Census Tract 7320.02; Worcester County; Massachusetts","4161","454","2360","394","2360","394","2179","329","181","163","0","14","1801","318",
"1400000US25027732201","Census Tract 7322.01; Worcester County; Massachusetts","2805","435","1879","397","1879","397","1816","385","63","61","0","14","926","241",
"1400000US25027732202","Census Tract 7322.02; Worcester County; Massachusetts","3047","522","2070","356","2070","356","1990","359","80","63","0","14","977","246",
"1400000US25027732203","Census Tract 7322.03; Worcester County; Massachusetts","2791","353","1884","244","1884","244","1690","249","194","103","0","14","907","306",
"1400000US25027732301","Census Tract 7323.01; Worcester County; Massachusetts","3704","614","2572","496","2572","496","2271","424","301","205","0","14","1132","303",
"1400000US25027732302","Census Tract 7323.02; Worcester County; Massachusetts","3472","432","2506","302","2506","302","2389","302","117","82","0","14","966","281",
"1400000US25027732400","Census Tract 7324; Worcester County; Massachusetts","5396","838","3481","752","3481","752","3295","728","186","149","0","19","1915","480",
"1400000US25027732500","Census Tract 7325; Worcester County; Massachusetts","1606","249","1063","206","1063","206","835","173","228","157","0","14","543","133",
"1400000US25027732600","Census Tract 7326; Worcester County; Massachusetts","4061","446","2852","519","2852","519","2701","508","151","101","0","19","1209","431",
"1400000US25027732700","Census Tract 7327; Worcester County; Massachusetts","3322","542","1909","498","1909","498","1840","491","69","72","0","14","1413","373",
"1400000US25027732801","Census Tract 7328.01; Worcester County; Massachusetts","4868","719","3593","633","3593","633","3536","624","57","66","0","19","1275","280",
"1400000US25027732802","Census Tract 7328.02; Worcester County; Massachusetts","3608","293","2571","239","2571","239","2438","227","133","72","0","14","1037","194",
"1400000US25027732901","Census Tract 7329.01; Worcester County; Massachusetts","6897","747","5177","759","5141","753","4791","683","350","225","36","49","1720","387",
"1400000US25027732902","Census Tract 7329.02; Worcester County; Massachusetts","2864","43","1274","185","1274","185","1235","182","39","36","0","14","1590","174",
"1400000US25027733000","Census Tract 7330; Worcester County; Massachusetts","3275","543","2104","313","2104","313","1869","306","235","108","0","14","1171","485",
"1400000US25027733101","Census Tract 7331.01; Worcester County; Massachusetts","2131","432","1591","411","1591","411","1455","358","136","125","0","14","540","128",
"1400000US25027733102","Census Tract 7331.02; Worcester County; Massachusetts","2089","314","1524","245","1524","245","1455","226","69","56","0","14","565","186",
"1400000US25027735100","Census Tract 7351; Worcester County; Massachusetts","5171","393","3470","418","3470","418","3378","402","92","60","0","19","1701","327",
"1400000US25027735200","Census Tract 7352; Worcester County; Massachusetts","3875","565","2477","423","2477","423","2424","423","53","60","0","14","1398","345",
"1400000US25027736100","Census Tract 7361; Worcester County; Massachusetts","2130","212","1334","205","1334","205","1295","204","39","54","0","14","796","134",
"1400000US25027736200","Census Tract 7362; Worcester County; Massachusetts","2980","277","2185","252","2185","252","2034","255","151","65","0","14","795","135",
"1400000US25027736300","Census Tract 7363; Worcester County; Massachusetts","2251","239","1617","215","1617","215","1602","214","15","12","0","14","634","140",
"1400000US25027736400","Census Tract 7364; Worcester County; Massachusetts","2506","221","1682","194","1682","194","1663","189","19","27","0","14","824","199",
"1400000US25027736500","Census Tract 7365; Worcester County; Massachusetts","4048","351","2625","359","2625","359","2509","389","116","92","0","14","1423","214",
"1400000US25027737100","Census Tract 7371; Worcester County; Massachusetts","4439","433","2831","395","2831","395","2772","390","59","53","0","19","1608","282",
"1400000US25027737200","Census Tract 7372; Worcester County; Massachusetts","1452","271","970","201","970","201","915","178","55","52","0","14","482","113",
"1400000US25027737300","Census Tract 7373; Worcester County; Massachusetts","5549","439","3872","434","3872","434","3799","437","73","57","0","19","1677","331",
"1400000US25027738100","Census Tract 7381; Worcester County; Massachusetts","4050","376","3040","307","3040","307","2930","309","110","75","0","19","1010","297",
"1400000US25027738201","Census Tract 7382.01; Worcester County; Massachusetts","3798","565","2710","491","2710","491","2643","489","67","43","0","14","1088","200",
"1400000US25027738202","Census Tract 7382.02; Worcester County; Massachusetts","5097","413","3346","331","3346","331","3246","325","100","69","0","19","1751","382",
"1400000US25027739101","Census Tract 7391.01; Worcester County; Massachusetts","3941","403","2791","327","2791","327","2772","324","19","23","0","14","1150","269",
"1400000US25027739102","Census Tract 7391.02; Worcester County; Massachusetts","4555","576","2877","363","2877","363","2860","361","17","19","0","19","1678","393",
"1400000US25027739201","Census Tract 7392.01; Worcester County; Massachusetts","3134","546","2244","495","2244","495","2136","525","108","104","0","14","890","242",
"1400000US25027739202","Census Tract 7392.02; Worcester County; Massachusetts","2917","437","1938","347","1938","347","1857","337","81","73","0","14","979","256",
"1400000US25027739300","Census Tract 7393; Worcester County; Massachusetts","3347","483","2172","410","2172","410","2126","404","46","50","0","14","1175","295",
"1400000US25027739401","Census Tract 7394.01; Worcester County; Massachusetts","5251","681","3149","476","3149","476","3108","475","41","47","0","19","2102","397",
"1400000US25027739402","Census Tract 7394.02; Worcester County; Massachusetts","2131","461","1542","404","1542","404","1451","318","91","130","0","14","589","128",
"1400000US25027739500","Census Tract 7395; Worcester County; Massachusetts","5974","556","4237","532","4237","532","4145","542","92","59","0","19","1737","265",
"1400000US25027740101","Census Tract 7401.01; Worcester County; Massachusetts","5214","456","3799","374","3789","376","3573","389","216","164","10","20","1415","268",
"1400000US25027740102","Census Tract 7401.02; Worcester County; Massachusetts","4883","368","3508","393","3461","404","3274","392","187","98","47","70","1375","245",
"1400000US25027740200","Census Tract 7402; Worcester County; Massachusetts","2612","328","1712","350","1712","350","1671","356","41","34","0","14","900","154",
"1400000US25027741101","Census Tract 7411.01; Worcester County; Massachusetts","3694","255","2748","301","2694","304","2613","313","81","42","54","48","946","176",
"1400000US25027741102","Census Tract 7411.02; Worcester County; Massachusetts","4288","433","3046","365","3046","365","2862","360","184","78","0","19","1242","232",
"1400000US25027742300","Census Tract 7423; Worcester County; Massachusetts","3828","394","2635","343","2635","343","2570","352","65","53","0","14","1193","223",
"1400000US25027742401","Census Tract 7424.01; Worcester County; Massachusetts","4414","404","3121","356","3121","356","3015","359","106","68","0","19","1293","211",
"1400000US25027742402","Census Tract 7424.02; Worcester County; Massachusetts","3618","306","2501","240","2501","240","2374","250","127","82","0","14","1117","223",
"1400000US25027743100","Census Tract 7431; Worcester County; Massachusetts","6600","264","4526","297","4526","297","4230","328","296","154","0","19","2074","407",
"1400000US25027744102","Census Tract 7441.02; Worcester County; Massachusetts","4796","625","3281","539","3281","539","3176","555","105","75","0","19","1515","327",
"1400000US25027744103","Census Tract 7441.03; Worcester County; Massachusetts","2444","397","1736","320","1736","320","1625","315","111","78","0","14","708","169",
"1400000US25027744104","Census Tract 7441.04; Worcester County; Massachusetts","3822","404","2643","322","2643","322","2466","300","177","105","0","14","1179","223",
"1400000US25027744201","Census Tract 7442.01; Worcester County; Massachusetts","2297","475","1505","344","1505","344","1432","339","73","73","0","14","792","231",
"1400000US25027744202","Census Tract 7442.02; Worcester County; Massachusetts","4166","609","3047","637","3047","637","2894","631","153","153","0","14","1119","224",
"1400000US25027744300","Census Tract 7443; Worcester County; Massachusetts","3738","495","2845","426","2845","426","2724","410","121","91","0","14","893","269",
"1400000US25027744400","Census Tract 7444; Worcester County; Massachusetts","3321","462","2418","436","2418","436","2279","440","139","124","0","14","903","208",
"1400000US25027745100","Census Tract 7451; Worcester County; Massachusetts","4879","343","3285","318","3285","318","3231","321","54","39","0","19","1594","392",
"1400000US25027746100","Census Tract 7461; Worcester County; Massachusetts","5115","127","3556","317","3515","321","3372","324","143","116","41","48","1559","322",
"1400000US25027747101","Census Tract 7471.01; Worcester County; Massachusetts","4426","428","2887","352","2887","352","2834","356","53","45","0","19","1539","336",
"1400000US25027747102","Census Tract 7471.02; Worcester County; Massachusetts","2991","255","2261","254","2261","254","2182","257","79","51","0","14","730","163",
"1400000US25027748100","Census Tract 7481; Worcester County; Massachusetts","2710","82","1996","201","1996","201","1936","203","60","31","0","14","714","209",
"1400000US25027749100","Census Tract 7491; Worcester County; Massachusetts","6989","577","4906","550","4859","544","4612","559","247","156","47","76","2083","319",
"1400000US25027749200","Census Tract 7492; Worcester County; Massachusetts","5074","673","3683","578","3683","578","3512","528","171","151","0","19","1391","290",
"1400000US25027750100","Census Tract 7501; Worcester County; Massachusetts","4916","511","3681","516","3681","516","3459","540","222","136","0","19","1235","217",
"1400000US25027750200","Census Tract 7502; Worcester County; Massachusetts","5664","494","3991","459","3991","459","3865","456","126","111","0","19","1673","301",
"1400000US25027750300","Census Tract 7503; Worcester County; Massachusetts","2712","374","1960","324","1960","324","1720","276","240","118","0","14","752","126",
"1400000US25027751101","Census Tract 7511.01; Worcester County; Massachusetts","5490","404","4381","458","4381","458","4301","462","80","71","0","19","1109","246",
"1400000US25027751102","Census Tract 7511.02; Worcester County; Massachusetts","2411","268","1538","222","1538","222","1469","212","69","63","0","14","873","211",
"1400000US25027752101","Census Tract 7521.01; Worcester County; Massachusetts","5036","391","3592","443","3592","443","3510","442","82","70","0","19","1444","320",
"1400000US25027752102","Census Tract 7521.02; Worcester County; Massachusetts","2674","499","1787","262","1787","262","1636","197","151","160","0","14","887","321",
"1400000US25027753100","Census Tract 7531; Worcester County; Massachusetts","6277","601","4344","465","4320","465","4037","449","283","221","24","39","1933","337",
"1400000US25027753200","Census Tract 7532; Worcester County; Massachusetts","4736","599","3059","428","3059","428","2914","433","145","126","0","19","1677","348",
"1400000US25027754100","Census Tract 7541; Worcester County; Massachusetts","6061","535","3986","402","3986","402","3799","423","187","152","0","19","2075","430",
"1400000US25027754200","Census Tract 7542; Worcester County; Massachusetts","3084","371","2061","305","2061","305","1787","276","274","156","0","14","1023","209",
"1400000US25027754300","Census Tract 7543; Worcester County; Massachusetts","2386","412","1637","403","1532","341","1349","311","183","138","105","159","749","232",
"1400000US25027754400","Census Tract 7544; Worcester County; Massachusetts","3105","309","2158","281","2158","281","2055","287","103","60","0","14","947","179",
"1400000US25027755100","Census Tract 7551; Worcester County; Massachusetts","2858","411","1840","347","1840","347","1703","333","137","79","0","14","1018","293",
"1400000US25027755201","Census Tract 7552.01; Worcester County; Massachusetts","3369","372","2049","296","2049","296","1979","296","70","44","0","14","1320","157",
"1400000US25027755202","Census Tract 7552.02; Worcester County; Massachusetts","3568","495","2015","255","2015","255","1935","270","80","58","0","14","1553","394",
"1400000US25027756101","Census Tract 7561.01; Worcester County; Massachusetts","3996","401","2644","374","2550","351","2463","345","87","67","94","137","1352","240",
"1400000US25027756102","Census Tract 7561.02; Worcester County; Massachusetts","6519","515","4203","381","4203","381","4154","383","49","47","0","19","2316","501",
"1400000US25027757100","Census Tract 7571; Worcester County; Massachusetts","3983","478","2623","400","2596","392","2538","398","58","54","27","46","1360","420",
"1400000US25027757200","Census Tract 7572; Worcester County; Massachusetts","1840","275","924","202","924","202","765","174","159","92","0","14","916","224",
"1400000US25027757300","Census Tract 7573; Worcester County; Massachusetts","2553","365","1861","313","1861","313","1750","292","111","69","0","14","692","235",
"1400000US25027757400","Census Tract 7574; Worcester County; Massachusetts","2332","250","1659","288","1659","288","1460","244","199","169","0","14","673","155",
"1400000US25027757500","Census Tract 7575; Worcester County; Massachusetts","4043","482","2701","479","2701","479","2530","468","171","125","0","19","1342","254",
"1400000US25027758101","Census Tract 7581.01; Worcester County; Massachusetts","1625","181","875","158","875","158","811","162","64","45","0","14","750","174",
"1400000US25027758103","Census Tract 7581.03; Worcester County; Massachusetts","3612","349","2606","296","2597","296","2477","310","120","85","9","14","1006","190",
"1400000US25027758104","Census Tract 7581.04; Worcester County; Massachusetts","2854","306","2065","269","2065","269","2056","268","9","17","0","14","789","286",
"1400000US25027759100","Census Tract 7591; Worcester County; Massachusetts","1854","242","1151","180","1151","180","1092","172","59","54","0","14","703","146",
"1400000US25027760100","Census Tract 7601; Worcester County; Massachusetts","3080","120","1992","164","1992","164","1867","168","125","68","0","14","1088","180",
"1400000US25027761100","Census Tract 7611; Worcester County; Massachusetts","4211","363","2958","327","2910","326","2695","331","215","156","48","75","1253","358",
"1400000US25027761200","Census Tract 7612; Worcester County; Massachusetts","5364","451","3687","429","3687","429","3477","429","210","106","0","19","1677","239",
"1400000US25027761300","Census Tract 7613; Worcester County; Massachusetts","2860","314","2065","277","2065","277","1937","235","128","128","0","14","795","208",
"1400000US25027761401","Census Tract 7614.01; Worcester County; Massachusetts","3470","292","2448","260","2448","260","2279","275","169","116","0","14","1022","190",
"1400000US25027761402","Census Tract 7614.02; Worcester County; Massachusetts","2219","193","743","128","743","128","736","129","7","13","0","14","1476","125",
