"GEO_ID","NAME","B19013_001E","B19013_001M",
"Geography","Geographic Area Name","Estimate!!Median household income in the past 12 months (in 2024 inflation-adjusted dollars)","Margin of Error!!Median household income in the past 12 months (in 2024 inflation-adjusted dollars)",
"1400000US25001010100","Census Tract 101; Barnstable County; Massachusetts","136904","44081",
"1400000US25001010206","Census Tract 102.06; Barnstable County; Massachusetts","117938","27498",
"1400000US25001010208","Census Tract 102.08; Barnstable County; Massachusetts","118984","71997",
"1400000US25001010304","Census Tract 103.04; Barnstable County; Massachusetts","72321","11695",
"1400000US25001010306","Census Tract 103.06; Barnstable County; Massachusetts","73899","14327",
"1400000US25001010400","Census Tract 104; Barnstable County; Massachusetts","91625","24053",
"1400000US25001010500","Census Tract 105; Barnstable County; Massachusetts","117574","30277",
"1400000US25001010600","Census Tract 106; Barnstable County; Massachusetts","79089","8967",
"1400000US25001010700","Census Tract 107; Barnstable County; Massachusetts","116635","43049",
"1400000US25001010800","Census Tract 108; Barnstable County; Massachusetts","104183","17818",
"1400000US25001010900","Census Tract 109; Barnstable County; Massachusetts","101804","38708",
"1400000US25001011002","Census Tract 110.02; Barnstable County; Massachusetts","110729","20314",
"1400000US25001011100","Census Tract 111; Barnstable County; Massachusetts","105078","22630",
"1400000US25001011200","Census Tract 112; Barnstable County; Massachusetts","82904","15144",
"1400000US25001011300","Census Tract 113; Barnstable County; Massachusetts","108915","14806",
"1400000US25001011400","Census Tract 114; Barnstable County; Massachusetts","96500","27398",
"1400000US25001011500","Census Tract 115; Barnstable County; Massachusetts","90714","11617",
"1400000US25001011600","Census Tract 116; Barnstable County; Massachusetts","64792","11997",
"1400000US25001011700","Census Tract 117; Barnstable County; Massachusetts","91023","24183",
"1400000US25001011801","Census Tract 118.01; Barnstable County; Massachusetts","111559","10813",
"1400000US25001011802","Census Tract 118.02; Barnstable County; Massachusetts","104907","22564",
"1400000US25001012001","Census Tract 120.01; Barnstable County; Massachusetts","82385","17083",
"1400000US25001012002","Census Tract 120.02; Barnstable County; Massachusetts","69115","17959",
"1400000US25001012101","Census Tract 121.01; Barnstable County; Massachusetts","87125","16893",
"1400000US25001012102","Census Tract 121.02; Barnstable County; Massachusetts","58618","5803",
"1400000US25001012200","Census Tract 122; Barnstable County; Massachusetts","115886","4353",
"1400000US25001012502","Census Tract 125.02; Barnstable County; Massachusetts","54432","19875",
"1400000US25001012601","Census Tract 126.01; Barnstable County; Massachusetts","68717","14903",
"1400000US25001012602","Census Tract 126.02; Barnstable County; Massachusetts","77955","17042",
"1400000US25001012700","Census Tract 127; Barnstable County; Massachusetts","91199","23452",
"1400000US25001012800","Census Tract 128; Barnstable County; Massachusetts","127882","14484",
"1400000US25001012900","Census Tract 129; Barnstable County; Massachusetts","115313","28553",
"1400000US25001013002","Census Tract 130.02; Barnstable County; Massachusetts","127344","27366",
"1400000US25001013100","Census Tract 131; Barnstable County; Massachusetts","112338","16126",
"1400000US25001013200","Census Tract 132; Barnstable County; Massachusetts","136107","31844",
"1400000US25001013300","Census Tract 133; Barnstable County; Massachusetts","108281","22480",
"1400000US25001013400","Census Tract 134; Barnstable County; Massachusetts","121719","28307",
"1400000US25001013500","Census Tract 135; Barnstable County; Massachusetts","148723","18050",
"1400000US25001013600","Census Tract 136; Barnstable County; Massachusetts","115058","12287",
"1400000US25001013700","Census Tract 137; Barnstable County; Massachusetts","94179","9456",
"1400000US25001013800","Census Tract 138; Barnstable County; Massachusetts","98382","24911",
"1400000US25001013900","Census Tract 139; Barnstable County; Massachusetts","83857","11529",
"1400000US25001014002","Census Tract 140.02; Barnstable County; Massachusetts","100538","27301",
"1400000US25001014100","Census Tract 141; Barnstable County; Massachusetts","62083","15916",
"1400000US25001014300","Census Tract 143; Barnstable County; Massachusetts","105625","48867",
"1400000US25001014402","Census Tract 144.02; Barnstable County; Massachusetts","102500","17542",
"1400000US25001014500","Census Tract 145; Barnstable County; Massachusetts","102500","11869",
"1400000US25001014600","Census Tract 146; Barnstable County; Massachusetts","96645","24663",
"1400000US25001014700","Census Tract 147; Barnstable County; Massachusetts","96652","16680",
"1400000US25001014800","Census Tract 148; Barnstable County; Massachusetts","60451","10777",
"1400000US25001014900","Census Tract 149; Barnstable County; Massachusetts","103375","18895",
"1400000US25001015001","Census Tract 150.01; Barnstable County; Massachusetts","96667","19397",
"1400000US25001015002","Census Tract 150.02; Barnstable County; Massachusetts","96583","27285",
"1400000US25001015100","Census Tract 151; Barnstable County; Massachusetts","83661","18608",
"1400000US25001015200","Census Tract 152; Barnstable County; Massachusetts","134342","29861",
"1400000US25001015300","Census Tract 153; Barnstable County; Massachusetts","36850","7636",
"1400000US25001990000","Census Tract 9900; Barnstable County; Massachusetts","-","**",
"1400000US25003900100","Census Tract 9001; Berkshire County; Massachusetts","33173","7287",
"1400000US25003900200","Census Tract 9002; Berkshire County; Massachusetts","51852","9574",
"1400000US25003900300","Census Tract 9003; Berkshire County; Massachusetts","74565","13453",
"1400000US25003900400","Census Tract 9004; Berkshire County; Massachusetts","92128","20097",
"1400000US25003900500","Census Tract 9005; Berkshire County; Massachusetts","108950","31694",
"1400000US25003900600","Census Tract 9006; Berkshire County; Massachusetts","54216","16361",
"1400000US25003900700","Census Tract 9007; Berkshire County; Massachusetts","89844","30464",
"1400000US25003900800","Census Tract 9008; Berkshire County; Massachusetts","98346","8107",
"1400000US25003900900","Census Tract 9009; Berkshire County; Massachusetts","76131","17804",
"1400000US25003901100","Census Tract 9011; Berkshire County; Massachusetts","52500","16014",
"1400000US25003911100","Census Tract 9111; Berkshire County; Massachusetts","86219","18758",
"1400000US25003912100","Census Tract 9121; Berkshire County; Massachusetts","79438","7763",
"1400000US25003913100","Census Tract 9131; Berkshire County; Massachusetts","106080","30541",
"1400000US25003914100","Census Tract 9141; Berkshire County; Massachusetts","83750","13346",
"1400000US25003920101","Census Tract 9201.01; Berkshire County; Massachusetts","87005","16412",
"1400000US25003920102","Census Tract 9201.02; Berkshire County; Massachusetts","143173","25045",
"1400000US25003921300","Census Tract 9213; Berkshire County; Massachusetts","29703","22482",
"1400000US25003921400","Census Tract 9214; Berkshire County; Massachusetts","48422","5297",
"1400000US25003921500","Census Tract 9215; Berkshire County; Massachusetts","61480","5066",
"1400000US25003922100","Census Tract 9221; Berkshire County; Massachusetts","44071","11848",
"1400000US25003922200","Census Tract 9222; Berkshire County; Massachusetts","58811","12885",
"1400000US25003922300","Census Tract 9223; Berkshire County; Massachusetts","72463","6224",
"1400000US25003923100","Census Tract 9231; Berkshire County; Massachusetts","69803","14119",
"1400000US25003924100","Census Tract 9241; Berkshire County; Massachusetts","146250","67235",
"1400000US25003925101","Census Tract 9251.01; Berkshire County; Massachusetts","88929","28787",
"1400000US25003925102","Census Tract 9251.02; Berkshire County; Massachusetts","83576","10359",
"1400000US25003926100","Census Tract 9261; Berkshire County; Massachusetts","92120","31176",
"1400000US25003931100","Census Tract 9311; Berkshire County; Massachusetts","77143","11253",
"1400000US25003931300","Census Tract 9313; Berkshire County; Massachusetts","78393","17074",
"1400000US25003931400","Census Tract 9314; Berkshire County; Massachusetts","108125","9684",
"1400000US25003932200","Census Tract 9322; Berkshire County; Massachusetts","87273","22375",
"1400000US25003932300","Census Tract 9323; Berkshire County; Massachusetts","77845","17199",
"1400000US25003933200","Census Tract 9332; Berkshire County; Massachusetts","156250","47615",
"1400000US25003933300","Census Tract 9333; Berkshire County; Massachusetts","117188","37556",
"1400000US25003933400","Census Tract 9334; Berkshire County; Massachusetts","106731","7452",
"1400000US25003934200","Census Tract 9342; Berkshire County; Massachusetts","107083","20178",
"1400000US25003934300","Census Tract 9343; Berkshire County; Massachusetts","114167","23998",
"1400000US25003935100","Census Tract 9351; Berkshire County; Massachusetts","102321","15048",
"1400000US25003935200","Census Tract 9352; Berkshire County; Massachusetts","94112","13971",
"1400000US25003935300","Census Tract 9353; Berkshire County; Massachusetts","46016","11409",
"1400000US25005600100","Census Tract 6001; Bristol County; Massachusetts","90530","16895",
"1400000US25005600202","Census Tract 6002.02; Bristol County; Massachusetts","105799","12710",
"1400000US25005600203","Census Tract 6002.03; Bristol County; Massachusetts","152188","39862",
"1400000US25005600204","Census Tract 6002.04; Bristol County; Massachusetts","150125","14142",
"1400000US25005610100","Census Tract 6101; Bristol County; Massachusetts","91532","13700",
"1400000US25005610202","Census Tract 6102.02; Bristol County; Massachusetts","172390","12527",
"1400000US25005610203","Census Tract 6102.03; Bristol County; Massachusetts","165199","23858",
"1400000US25005610204","Census Tract 6102.04; Bristol County; Massachusetts","111300","10696",
"1400000US25005611101","Census Tract 6111.01; Bristol County; Massachusetts","112926","13337",
"1400000US25005611102","Census Tract 6111.02; Bristol County; Massachusetts","133108","19742",
"1400000US25005611201","Census Tract 6112.01; Bristol County; Massachusetts","143822","22501",
"1400000US25005611202","Census Tract 6112.02; Bristol County; Massachusetts","123407","23717",
"1400000US25005612100","Census Tract 6121; Bristol County; Massachusetts","118682","21088",
"1400000US25005612201","Census Tract 6122.01; Bristol County; Massachusetts","126250","30416",
"1400000US25005612202","Census Tract 6122.02; Bristol County; Massachusetts","131852","30234",
"1400000US25005613100","Census Tract 6131; Bristol County; Massachusetts","86041","3942",
"1400000US25005613300","Census Tract 6133; Bristol County; Massachusetts","128818","18754",
"1400000US25005613400","Census Tract 6134; Bristol County; Massachusetts","99722","19753",
"1400000US25005613600","Census Tract 6136; Bristol County; Massachusetts","68274","13501",
"1400000US25005613700","Census Tract 6137; Bristol County; Massachusetts","61836","8691",
"1400000US25005613800","Census Tract 6138; Bristol County; Massachusetts","46389","20533",
"1400000US25005613901","Census Tract 6139.01; Bristol County; Massachusetts","59309","30597",
"1400000US25005613902","Census Tract 6139.02; Bristol County; Massachusetts","78364","18981",
"1400000US25005614000","Census Tract 6140; Bristol County; Massachusetts","53694","7507",
"1400000US25005614101","Census Tract 6141.01; Bristol County; Massachusetts","72622","15276",
"1400000US25005614102","Census Tract 6141.02; Bristol County; Massachusetts","107875","14930",
"1400000US25005615100","Census Tract 6151; Bristol County; Massachusetts","136646","19200",
"1400000US25005616100","Census Tract 6161; Bristol County; Massachusetts","144205","48924",
"1400000US25005617101","Census Tract 6171.01; Bristol County; Massachusetts","153308","13892",
"1400000US25005617102","Census Tract 6171.02; Bristol County; Massachusetts","128935","21049",
"1400000US25005630101","Census Tract 6301.01; Bristol County; Massachusetts","98018","10610",
"1400000US25005630102","Census Tract 6301.02; Bristol County; Massachusetts","94286","16626",
"1400000US25005630201","Census Tract 6302.01; Bristol County; Massachusetts","143824","32179",
"1400000US25005630202","Census Tract 6302.02; Bristol County; Massachusetts","153879","39373",
"1400000US25005630301","Census Tract 6303.01; Bristol County; Massachusetts","176314","22646",
"1400000US25005630302","Census Tract 6303.02; Bristol County; Massachusetts","106723","26282",
"1400000US25005630400","Census Tract 6304; Bristol County; Massachusetts","99321","29169",
"1400000US25005631101","Census Tract 6311.01; Bristol County; Massachusetts","69849","42657",
"1400000US25005631102","Census Tract 6311.02; Bristol County; Massachusetts","94625","12141",
"1400000US25005631200","Census Tract 6312; Bristol County; Massachusetts","119083","24817",
"1400000US25005631300","Census Tract 6313; Bristol County; Massachusetts","119353","23132",
"1400000US25005631400","Census Tract 6314; Bristol County; Massachusetts","70128","16669",
"1400000US25005631500","Census Tract 6315; Bristol County; Massachusetts","86146","21308",
"1400000US25005631600","Census Tract 6316; Bristol County; Massachusetts","70230","25897",
"1400000US25005631700","Census Tract 6317; Bristol County; Massachusetts","126797","18789",
"1400000US25005631800","Census Tract 6318; Bristol County; Massachusetts","104130","15887",
"1400000US25005632100","Census Tract 6321; Bristol County; Massachusetts","120238","11767",
"1400000US25005632200","Census Tract 6322; Bristol County; Massachusetts","121203","7294",
"1400000US25005633100","Census Tract 6331; Bristol County; Massachusetts","118595","11537",
"1400000US25005633200","Census Tract 6332; Bristol County; Massachusetts","146271","10364",
"1400000US25005640100","Census Tract 6401; Bristol County; Massachusetts","91250","30977",
"1400000US25005640201","Census Tract 6402.01; Bristol County; Massachusetts","48348","21176",
"1400000US25005640202","Census Tract 6402.02; Bristol County; Massachusetts","37407","12803",
"1400000US25005640300","Census Tract 6403; Bristol County; Massachusetts","82877","25224",
"1400000US25005640400","Census Tract 6404; Bristol County; Massachusetts","63366","23914",
"1400000US25005640500","Census Tract 6405; Bristol County; Massachusetts","50833","22561",
"1400000US25005640600","Census Tract 6406; Bristol County; Massachusetts","53813","19226",
"1400000US25005640700","Census Tract 6407; Bristol County; Massachusetts","70170","21328",
"1400000US25005640800","Census Tract 6408; Bristol County; Massachusetts","73704","9018",
"1400000US25005640901","Census Tract 6409.01; Bristol County; Massachusetts","46986","4852",
"1400000US25005641000","Census Tract 6410; Bristol County; Massachusetts","30213","3763",
"1400000US25005641101","Census Tract 6411.01; Bristol County; Massachusetts","24900","22549",
"1400000US25005641200","Census Tract 6412; Bristol County; Massachusetts","40046","11655",
"1400000US25005641300","Census Tract 6413; Bristol County; Massachusetts","44509","12563",
"1400000US25005641400","Census Tract 6414; Bristol County; Massachusetts","34191","7960",
"1400000US25005641500","Census Tract 6415; Bristol County; Massachusetts","51890","19063",
"1400000US25005641600","Census Tract 6416; Bristol County; Massachusetts","56389","16273",
"1400000US25005641700","Census Tract 6417; Bristol County; Massachusetts","65063","10531",
"1400000US25005641800","Census Tract 6418; Bristol County; Massachusetts","59283","4462",
"1400000US25005641900","Census Tract 6419; Bristol County; Massachusetts","52308","16125",
"1400000US25005642000","Census Tract 6420; Bristol County; Massachusetts","51541","16100",
"1400000US25005642100","Census Tract 6421; Bristol County; Massachusetts","59504","12594",
"1400000US25005642200","Census Tract 6422; Bristol County; Massachusetts","55611","8971",
"1400000US25005642300","Census Tract 6423; Bristol County; Massachusetts","113688","18064",
"1400000US25005642400","Census Tract 6424; Bristol County; Massachusetts","71115","10453",
"1400000US25005642500","Census Tract 6425; Bristol County; Massachusetts","107768","22240",
"1400000US25005644101","Census Tract 6441.01; Bristol County; Massachusetts","111500","12656",
"1400000US25005644102","Census Tract 6441.02; Bristol County; Massachusetts","110824","8188",
"1400000US25005644200","Census Tract 6442; Bristol County; Massachusetts","122891","23119",
"1400000US25005645101","Census Tract 6451.01; Bristol County; Massachusetts","118750","35155",
"1400000US25005645102","Census Tract 6451.02; Bristol County; Massachusetts","125175","20124",
"1400000US25005645103","Census Tract 6451.03; Bristol County; Massachusetts","107647","17501",
"1400000US25005646101","Census Tract 6461.01; Bristol County; Massachusetts","88505","12673",
"1400000US25005646103","Census Tract 6461.03; Bristol County; Massachusetts","104564","33975",
"1400000US25005646104","Census Tract 6461.04; Bristol County; Massachusetts","107847","14024",
"1400000US25005650101","Census Tract 6501.01; Bristol County; Massachusetts","94844","22270",
"1400000US25005650102","Census Tract 6501.02; Bristol County; Massachusetts","69917","17562",
"1400000US25005650201","Census Tract 6502.01; Bristol County; Massachusetts","93438","15910",
"1400000US25005650202","Census Tract 6502.02; Bristol County; Massachusetts","76845","18669",
"1400000US25005650300","Census Tract 6503; Bristol County; Massachusetts","80625","32791",
"1400000US25005650400","Census Tract 6504; Bristol County; Massachusetts","54024","7273",
"1400000US25005650500","Census Tract 6505; Bristol County; Massachusetts","59479","10213",
"1400000US25005650600","Census Tract 6506; Bristol County; Massachusetts","38605","11372",
"1400000US25005650700","Census Tract 6507; Bristol County; Massachusetts","28865","7450",
"1400000US25005650800","Census Tract 6508; Bristol County; Massachusetts","41844","12317",
"1400000US25005650900","Census Tract 6509; Bristol County; Massachusetts","36930","12861",
"1400000US25005651001","Census Tract 6510.01; Bristol County; Massachusetts","77574","30768",
"1400000US25005651002","Census Tract 6510.02; Bristol County; Massachusetts","87014","16996",
"1400000US25005651100","Census Tract 6511; Bristol County; Massachusetts","65613","23475",
"1400000US25005651200","Census Tract 6512; Bristol County; Massachusetts","70123","12709",
"1400000US25005651300","Census Tract 6513; Bristol County; Massachusetts","35952","13205",
"1400000US25005651400","Census Tract 6514; Bristol County; Massachusetts","75970","18402",
"1400000US25005651500","Census Tract 6515; Bristol County; Massachusetts","63478","34446",
"1400000US25005651600","Census Tract 6516; Bristol County; Massachusetts","59375","23112",
"1400000US25005651700","Census Tract 6517; Bristol County; Massachusetts","26716","5606",
"1400000US25005651800","Census Tract 6518; Bristol County; Massachusetts","21003","4609",
"1400000US25005651900","Census Tract 6519; Bristol County; Massachusetts","34861","10321",
"1400000US25005652000","Census Tract 6520; Bristol County; Massachusetts","54763","12435",
"1400000US25005652100","Census Tract 6521; Bristol County; Massachusetts","69320","9777",
"1400000US25005652200","Census Tract 6522; Bristol County; Massachusetts","77969","26503",
"1400000US25005652300","Census Tract 6523; Bristol County; Massachusetts","55123","29935",
"1400000US25005652400","Census Tract 6524; Bristol County; Massachusetts","48950","11655",
"1400000US25005652500","Census Tract 6525; Bristol County; Massachusetts","56689","15829",
"1400000US25005652600","Census Tract 6526; Bristol County; Massachusetts","44063","21552",
"1400000US25005652700","Census Tract 6527; Bristol County; Massachusetts","39392","8174",
"1400000US25005652800","Census Tract 6528; Bristol County; Massachusetts","89621","15812",
"1400000US25005653101","Census Tract 6531.01; Bristol County; Massachusetts","80587","16509",
"1400000US25005653102","Census Tract 6531.02; Bristol County; Massachusetts","145600","19359",
"1400000US25005653203","Census Tract 6532.03; Bristol County; Massachusetts","80120","14045",
"1400000US25005653204","Census Tract 6532.04; Bristol County; Massachusetts","128594","27622",
"1400000US25005653301","Census Tract 6533.01; Bristol County; Massachusetts","113023","30267",
"1400000US25005653304","Census Tract 6533.04; Bristol County; Massachusetts","140750","43085",
"1400000US25005654100","Census Tract 6541; Bristol County; Massachusetts","96958","25569",
"1400000US25005654200","Census Tract 6542; Bristol County; Massachusetts","70795","11354",
"1400000US25005655100","Census Tract 6551; Bristol County; Massachusetts","117154","8216",
"1400000US25005655200","Census Tract 6552; Bristol County; Massachusetts","65950","37723",
"1400000US25005655300","Census Tract 6553; Bristol County; Massachusetts","73835","9164",
"1400000US25005655400","Census Tract 6554; Bristol County; Massachusetts","110750","19338",
"1400000US25005985500","Census Tract 9855; Bristol County; Massachusetts","104886","24210",
"1400000US25005985600","Census Tract 9856; Bristol County; Massachusetts","142869","21361",
"1400000US25005990000","Census Tract 9900; Bristol County; Massachusetts","-","**",
"1400000US25007200100","Census Tract 2001; Dukes County; Massachusetts","74113","5095",
"1400000US25007200200","Census Tract 2002; Dukes County; Massachusetts","145196","37475",
"1400000US25007200300","Census Tract 2003; Dukes County; Massachusetts","125236","32696",
"1400000US25007200400","Census Tract 2004; Dukes County; Massachusetts","161625","36641",
"1400000US25007990000","Census Tract 9900; Dukes County; Massachusetts","-","**",
"1400000US25009201100","Census Tract 2011; Essex County; Massachusetts","112762","6430",
"1400000US25009202101","Census Tract 2021.01; Essex County; Massachusetts","114120","20961",
"1400000US25009202103","Census Tract 2021.03; Essex County; Massachusetts","77708","33989",
"1400000US25009202104","Census Tract 2021.04; Essex County; Massachusetts","109455","52213",
"1400000US25009202200","Census Tract 2022; Essex County; Massachusetts","213000","41950",
"1400000US25009203100","Census Tract 2031; Essex County; Massachusetts","235962","20501",
"1400000US25009203200","Census Tract 2032; Essex County; Massachusetts","184200","37579",
"1400000US25009203301","Census Tract 2033.01; Essex County; Massachusetts","137166","15917",
"1400000US25009203302","Census Tract 2033.02; Essex County; Massachusetts","162935","72255",
"1400000US25009204101","Census Tract 2041.01; Essex County; Massachusetts","100649","7452",
"1400000US25009204102","Census Tract 2041.02; Essex County; Massachusetts","88102","19925",
"1400000US25009204200","Census Tract 2042; Essex County; Massachusetts","90625","34797",
"1400000US25009204300","Census Tract 2043; Essex County; Massachusetts","52451","13011",
"1400000US25009204400","Census Tract 2044; Essex County; Massachusetts","91563","28229",
"1400000US25009204500","Census Tract 2045; Essex County; Massachusetts","115926","26107",
"1400000US25009204600","Census Tract 2046; Essex County; Massachusetts","88109","16971",
"1400000US25009204701","Census Tract 2047.01; Essex County; Massachusetts","67404","20988",
"1400000US25009204702","Census Tract 2047.02; Essex County; Massachusetts","80750","20074",
"1400000US25009205100","Census Tract 2051; Essex County; Massachusetts","95988","19786",
"1400000US25009205200","Census Tract 2052; Essex County; Massachusetts","112446","20567",
"1400000US25009205300","Census Tract 2053; Essex County; Massachusetts","109926","53302",
"1400000US25009205400","Census Tract 2054; Essex County; Massachusetts","122462","14358",
"1400000US25009205500","Census Tract 2055; Essex County; Massachusetts","72553","4047",
"1400000US25009205600","Census Tract 2056; Essex County; Massachusetts","84976","9842",
"1400000US25009205700","Census Tract 2057; Essex County; Massachusetts","101101","13760",
"1400000US25009205800","Census Tract 2058; Essex County; Massachusetts","62723","21735",
"1400000US25009205900","Census Tract 2059; Essex County; Massachusetts","82105","34109",
"1400000US25009206000","Census Tract 2060; Essex County; Massachusetts","44554","26273",
"1400000US25009206100","Census Tract 2061; Essex County; Massachusetts","74911","34033",
"1400000US25009206200","Census Tract 2062; Essex County; Massachusetts","59922","27788",
"1400000US25009206300","Census Tract 2063; Essex County; Massachusetts","91695","32688",
"1400000US25009206400","Census Tract 2064; Essex County; Massachusetts","96447","32698",
"1400000US25009206500","Census Tract 2065; Essex County; Massachusetts","52885","16893",
"1400000US25009206600","Census Tract 2066; Essex County; Massachusetts","89551","9228",
"1400000US25009206700","Census Tract 2067; Essex County; Massachusetts","48864","23015",
"1400000US25009206800","Census Tract 2068; Essex County; Massachusetts","35053","24378",
"1400000US25009206900","Census Tract 2069; Essex County; Massachusetts","26519","20963",
"1400000US25009207000","Census Tract 2070; Essex County; Massachusetts","27500","15614",
"1400000US25009207100","Census Tract 2071; Essex County; Massachusetts","118929","41610",
"1400000US25009207200","Census Tract 2072; Essex County; Massachusetts","57873","13790",
"1400000US25009208101","Census Tract 2081.01; Essex County; Massachusetts","103654","30957",
"1400000US25009208102","Census Tract 2081.02; Essex County; Massachusetts","125375","35930",
"1400000US25009208200","Census Tract 2082; Essex County; Massachusetts","101021","21924",
"1400000US25009208301","Census Tract 2083.01; Essex County; Massachusetts","93295","20697",
"1400000US25009208302","Census Tract 2083.02; Essex County; Massachusetts","94736","10880",
"1400000US25009208401","Census Tract 2084.01; Essex County; Massachusetts","97143","18591",
"1400000US25009208402","Census Tract 2084.02; Essex County; Massachusetts","120114","30235",
"1400000US25009209100","Census Tract 2091; Essex County; Massachusetts","147083","33491",
"1400000US25009209200","Census Tract 2092; Essex County; Massachusetts","195806","24084",
"1400000US25009210100","Census Tract 2101; Essex County; Massachusetts","141259","10141",
"1400000US25009210200","Census Tract 2102; Essex County; Massachusetts","135286","15726",
"1400000US25009210301","Census Tract 2103.01; Essex County; Massachusetts","62627","16676",
"1400000US25009210302","Census Tract 2103.02; Essex County; Massachusetts","122833","27694",
"1400000US25009210401","Census Tract 2104.01; Essex County; Massachusetts","83479","13880",
"1400000US25009210402","Census Tract 2104.02; Essex County; Massachusetts","103075","8839",
"1400000US25009210500","Census Tract 2105; Essex County; Massachusetts","157694","38254",
"1400000US25009210600","Census Tract 2106; Essex County; Massachusetts","96908","18255",
"1400000US25009210700","Census Tract 2107; Essex County; Massachusetts","70669","23110",
"1400000US25009210800","Census Tract 2108; Essex County; Massachusetts","67733","5815",
"1400000US25009210900","Census Tract 2109; Essex County; Massachusetts","82299","13391",
"1400000US25009211100","Census Tract 2111; Essex County; Massachusetts","109310","22282",
"1400000US25009211201","Census Tract 2112.01; Essex County; Massachusetts","141193","6953",
"1400000US25009211202","Census Tract 2112.02; Essex County; Massachusetts","100099","14088",
"1400000US25009211300","Census Tract 2113; Essex County; Massachusetts","134899","37189",
"1400000US25009211401","Census Tract 2114.01; Essex County; Massachusetts","107750","13475",
"1400000US25009211402","Census Tract 2114.02; Essex County; Massachusetts","140400","22501",
"1400000US25009212101","Census Tract 2121.01; Essex County; Massachusetts","164423","48981",
"1400000US25009212102","Census Tract 2121.02; Essex County; Massachusetts","177500","28978",
"1400000US25009213100","Census Tract 2131; Essex County; Massachusetts","200871","21211",
"1400000US25009214100","Census Tract 2141; Essex County; Massachusetts","195718","15683",
"1400000US25009215101","Census Tract 2151.01; Essex County; Massachusetts","125547","22658",
"1400000US25009215102","Census Tract 2151.02; Essex County; Massachusetts","147745","20535",
"1400000US25009216100","Census Tract 2161; Essex County; Massachusetts","194781","32680",
"1400000US25009217101","Census Tract 2171.01; Essex County; Massachusetts","131899","20566",
"1400000US25009217102","Census Tract 2171.02; Essex County; Massachusetts","96667","14402",
"1400000US25009217201","Census Tract 2172.01; Essex County; Massachusetts","129167","16003",
"1400000US25009217202","Census Tract 2172.02; Essex County; Massachusetts","147344","38065",
"1400000US25009217300","Census Tract 2173; Essex County; Massachusetts","92024","26482",
"1400000US25009217401","Census Tract 2174.01; Essex County; Massachusetts","71840","17305",
"1400000US25009217402","Census Tract 2174.02; Essex County; Massachusetts","91159","6682",
"1400000US25009217500","Census Tract 2175; Essex County; Massachusetts","110429","27791",
"1400000US25009217601","Census Tract 2176.01; Essex County; Massachusetts","114940","18136",
"1400000US25009217602","Census Tract 2176.02; Essex County; Massachusetts","240417","85130",
"1400000US25009218100","Census Tract 2181; Essex County; Massachusetts","206389","43757",
"1400000US25009220101","Census Tract 2201.01; Essex County; Massachusetts","101016","36923",
"1400000US25009220102","Census Tract 2201.02; Essex County; Massachusetts","94886","11661",
"1400000US25009221100","Census Tract 2211; Essex County; Massachusetts","86799","13744",
"1400000US25009221300","Census Tract 2213; Essex County; Massachusetts","115841","22854",
"1400000US25009221400","Census Tract 2214; Essex County; Massachusetts","69830","12334",
"1400000US25009221500","Census Tract 2215; Essex County; Massachusetts","53524","10814",
"1400000US25009221600","Census Tract 2216; Essex County; Massachusetts","58571","23012",
"1400000US25009221700","Census Tract 2217; Essex County; Massachusetts","79762","14360",
"1400000US25009221800","Census Tract 2218; Essex County; Massachusetts","106705","22619",
"1400000US25009221901","Census Tract 2219.01; Essex County; Massachusetts","116250","30326",
"1400000US25009221902","Census Tract 2219.02; Essex County; Massachusetts","94145","14506",
"1400000US25009222100","Census Tract 2221; Essex County; Massachusetts","157147","24136",
"1400000US25009223100","Census Tract 2231; Essex County; Massachusetts","136815","27604",
"1400000US25009223200","Census Tract 2232; Essex County; Massachusetts","102188","13817",
"1400000US25009223300","Census Tract 2233; Essex County; Massachusetts","159510","7728",
"1400000US25009250100","Census Tract 2501; Essex County; Massachusetts","44310","6910",
"1400000US25009250200","Census Tract 2502; Essex County; Massachusetts","81449","36415",
"1400000US25009250300","Census Tract 2503; Essex County; Massachusetts","62917","15472",
"1400000US25009250400","Census Tract 2504; Essex County; Massachusetts","51961","5686",
"1400000US25009250500","Census Tract 2505; Essex County; Massachusetts","61339","16189",
"1400000US25009250600","Census Tract 2506; Essex County; Massachusetts","56836","10107",
"1400000US25009250700","Census Tract 2507; Essex County; Massachusetts","58433","8279",
"1400000US25009250800","Census Tract 2508; Essex County; Massachusetts","68807","11485",
"1400000US25009250900","Census Tract 2509; Essex County; Massachusetts","42250","10854",
"1400000US25009251000","Census Tract 2510; Essex County; Massachusetts","42250","29066",
"1400000US25009251100","Census Tract 2511; Essex County; Massachusetts","20545","6667",
"1400000US25009251200","Census Tract 2512; Essex County; Massachusetts","31094","11933",
"1400000US25009251300","Census Tract 2513; Essex County; Massachusetts","43011","10353",
"1400000US25009251400","Census Tract 2514; Essex County; Massachusetts","62455","37315",
"1400000US25009251500","Census Tract 2515; Essex County; Massachusetts","55625","9857",
"1400000US25009251600","Census Tract 2516; Essex County; Massachusetts","66636","5036",
"1400000US25009251700","Census Tract 2517; Essex County; Massachusetts","79167","45377",
"1400000US25009251800","Census Tract 2518; Essex County; Massachusetts","79541","12405",
"1400000US25009252101","Census Tract 2521.01; Essex County; Massachusetts","81894","25407",
"1400000US25009252102","Census Tract 2521.02; Essex County; Massachusetts","134776","27212",
"1400000US25009252201","Census Tract 2522.01; Essex County; Massachusetts","102067","25032",
"1400000US25009252202","Census Tract 2522.02; Essex County; Massachusetts","121908","38136",
"1400000US25009252300","Census Tract 2523; Essex County; Massachusetts","76667","22954",
"1400000US25009252400","Census Tract 2524; Essex County; Massachusetts","83646","14290",
"1400000US25009252501","Census Tract 2525.01; Essex County; Massachusetts","102411","17226",
"1400000US25009252502","Census Tract 2525.02; Essex County; Massachusetts","101630","15382",
"1400000US25009252601","Census Tract 2526.01; Essex County; Massachusetts","114494","25502",
"1400000US25009252602","Census Tract 2526.02; Essex County; Massachusetts","133486","28941",
"1400000US25009252603","Census Tract 2526.03; Essex County; Massachusetts","139688","68257",
"1400000US25009253100","Census Tract 2531; Essex County; Massachusetts","120904","31823",
"1400000US25009253201","Census Tract 2532.01; Essex County; Massachusetts","113370","11277",
"1400000US25009253202","Census Tract 2532.02; Essex County; Massachusetts","80880","17647",
"1400000US25009253203","Census Tract 2532.03; Essex County; Massachusetts","187708","27298",
"1400000US25009253204","Census Tract 2532.04; Essex County; Massachusetts","176911","17797",
"1400000US25009253205","Census Tract 2532.05; Essex County; Massachusetts","234779","32665",
"1400000US25009254100","Census Tract 2541; Essex County; Massachusetts","140334","21601",
"1400000US25009254200","Census Tract 2542; Essex County; Massachusetts","120774","29699",
"1400000US25009254301","Census Tract 2543.01; Essex County; Massachusetts","250,000+","***",
"1400000US25009254302","Census Tract 2543.02; Essex County; Massachusetts","218466","48425",
"1400000US25009254401","Census Tract 2544.01; Essex County; Massachusetts","181250","21577",
"1400000US25009254402","Census Tract 2544.02; Essex County; Massachusetts","174185","39541",
"1400000US25009254403","Census Tract 2544.03; Essex County; Massachusetts","215221","38205",
"1400000US25009260100","Census Tract 2601; Essex County; Massachusetts","44384","13625",
"1400000US25009260200","Census Tract 2602; Essex County; Massachusetts","52065","7502",
"1400000US25009260301","Census Tract 2603.01; Essex County; Massachusetts","90417","20657",
"1400000US25009260302","Census Tract 2603.02; Essex County; Massachusetts","133036","30780",
"1400000US25009260401","Census Tract 2604.01; Essex County; Massachusetts","96711","20131",
"1400000US25009260402","Census Tract 2604.02; Essex County; Massachusetts","87115","23972",
"1400000US25009260500","Census Tract 2605; Essex County; Massachusetts","127784","30035",
"1400000US25009260600","Census Tract 2606; Essex County; Massachusetts","90469","27404",
"1400000US25009260700","Census Tract 2607; Essex County; Massachusetts","91467","21447",
"1400000US25009260800","Census Tract 2608; Essex County; Massachusetts","64032","38525",
"1400000US25009260900","Census Tract 2609; Essex County; Massachusetts","85753","11873",
"1400000US25009261000","Census Tract 2610; Essex County; Massachusetts","103849","9391",
"1400000US25009261101","Census Tract 2611.01; Essex County; Massachusetts","144318","24524",
"1400000US25009261102","Census Tract 2611.02; Essex County; Massachusetts","111890","6538",
"1400000US25009262100","Census Tract 2621; Essex County; Massachusetts","123054","16062",
"1400000US25009263100","Census Tract 2631; Essex County; Massachusetts","179500","27254",
"1400000US25009264100","Census Tract 2641; Essex County; Massachusetts","141487","11528",
"1400000US25009265101","Census Tract 2651.01; Essex County; Massachusetts","134674","31373",
"1400000US25009265102","Census Tract 2651.02; Essex County; Massachusetts","166711","22383",
"1400000US25009266100","Census Tract 2661; Essex County; Massachusetts","103975","11800",
"1400000US25009266200","Census Tract 2662; Essex County; Massachusetts","97759","31417",
"1400000US25009266300","Census Tract 2663; Essex County; Massachusetts","129044","9397",
"1400000US25009266400","Census Tract 2664; Essex County; Massachusetts","81964","16370",
"1400000US25009267102","Census Tract 2671.02; Essex County; Massachusetts","104138","33352",
"1400000US25009267103","Census Tract 2671.03; Essex County; Massachusetts","95234","19451",
"1400000US25009267104","Census Tract 2671.04; Essex County; Massachusetts","86073","5935",
"1400000US25009268100","Census Tract 2681; Essex County; Massachusetts","250,000+","***",
"1400000US25009268200","Census Tract 2682; Essex County; Massachusetts","121339","18817",
"1400000US25009268300","Census Tract 2683; Essex County; Massachusetts","126029","52407",
"1400000US25009268400","Census Tract 2684; Essex County; Massachusetts","128224","49194",
"1400000US25009269100","Census Tract 2691; Essex County; Massachusetts","174868","58593",
"1400000US25009270100","Census Tract 2701; Essex County; Massachusetts","132734","32311",
"1400000US25009990100","Census Tract 9901; Essex County; Massachusetts","-","**",
"1400000US25011040100","Census Tract 401; Franklin County; Massachusetts","75125","6655",
"1400000US25011040200","Census Tract 402; Franklin County; Massachusetts","87232","7372",
"1400000US25011040300","Census Tract 403; Franklin County; Massachusetts","103375","10346",
"1400000US25011040400","Census Tract 404; Franklin County; Massachusetts","75714","7941",
"1400000US25011040501","Census Tract 405.01; Franklin County; Massachusetts","51194","12021",
"1400000US25011040502","Census Tract 405.02; Franklin County; Massachusetts","60345","10849",
"1400000US25011040600","Census Tract 406; Franklin County; Massachusetts","104440","8202",
"1400000US25011040701","Census Tract 407.01; Franklin County; Massachusetts","54918","4563",
"1400000US25011040702","Census Tract 407.02; Franklin County; Massachusetts","81226","11096",
"1400000US25011040800","Census Tract 408; Franklin County; Massachusetts","74138","10399",
"1400000US25011040900","Census Tract 409; Franklin County; Massachusetts","106136","13769",
"1400000US25011041000","Census Tract 410; Franklin County; Massachusetts","75070","9963",
"1400000US25011041100","Census Tract 411; Franklin County; Massachusetts","87984","10880",
"1400000US25011041200","Census Tract 412; Franklin County; Massachusetts","61902","18356",
"1400000US25011041301","Census Tract 413.01; Franklin County; Massachusetts","46923","7121",
"1400000US25011041302","Census Tract 413.02; Franklin County; Massachusetts","36331","4656",
"1400000US25011041400","Census Tract 414; Franklin County; Massachusetts","44063","13192",
"1400000US25011041501","Census Tract 415.01; Franklin County; Massachusetts","88708","6871",
"1400000US25011041502","Census Tract 415.02; Franklin County; Massachusetts","82926","2613",
"1400000US25013800101","Census Tract 8001.01; Hampden County; Massachusetts","56482","10415",
"1400000US25013800102","Census Tract 8001.02; Hampden County; Massachusetts","51692","12037",
"1400000US25013800201","Census Tract 8002.01; Hampden County; Massachusetts","75294","17636",
"1400000US25013800202","Census Tract 8002.02; Hampden County; Massachusetts","74219","17091",
"1400000US25013800300","Census Tract 8003; Hampden County; Massachusetts","65515","16262",
"1400000US25013800400","Census Tract 8004; Hampden County; Massachusetts","63174","19547",
"1400000US25013800500","Census Tract 8005; Hampden County; Massachusetts","66944","17697",
"1400000US25013800600","Census Tract 8006; Hampden County; Massachusetts","27220","5816",
"1400000US25013800700","Census Tract 8007; Hampden County; Massachusetts","22679","13161",
"1400000US25013800800","Census Tract 8008; Hampden County; Massachusetts","20270","3760",
"1400000US25013800900","Census Tract 8009; Hampden County; Massachusetts","20634","6911",
"1400000US25013801101","Census Tract 8011.01; Hampden County; Massachusetts","16276","2179",
"1400000US25013801102","Census Tract 8011.02; Hampden County; Massachusetts","73188","5959",
"1400000US25013801200","Census Tract 8012; Hampden County; Massachusetts","17222","5401",
"1400000US25013801300","Census Tract 8013; Hampden County; Massachusetts","41445","12211",
"1400000US25013801401","Census Tract 8014.01; Hampden County; Massachusetts","39620","9189",
"1400000US25013801402","Census Tract 8014.02; Hampden County; Massachusetts","52109","23241",
"1400000US25013801501","Census Tract 8015.01; Hampden County; Massachusetts","70694","24432",
"1400000US25013801502","Census Tract 8015.02; Hampden County; Massachusetts","47438","16506",
"1400000US25013801503","Census Tract 8015.03; Hampden County; Massachusetts","62518","11026",
"1400000US25013801601","Census Tract 8016.01; Hampden County; Massachusetts","64457","24608",
"1400000US25013801602","Census Tract 8016.02; Hampden County; Massachusetts","57188","21038",
"1400000US25013801603","Census Tract 8016.03; Hampden County; Massachusetts","97067","13971",
"1400000US25013801604","Census Tract 8016.04; Hampden County; Massachusetts","102210","10497",
"1400000US25013801605","Census Tract 8016.05; Hampden County; Massachusetts","78051","10907",
"1400000US25013801700","Census Tract 8017; Hampden County; Massachusetts","48263","7075",
"1400000US25013801800","Census Tract 8018; Hampden County; Massachusetts","43781","10406",
"1400000US25013801901","Census Tract 8019.01; Hampden County; Massachusetts","38785","8884",
"1400000US25013801902","Census Tract 8019.02; Hampden County; Massachusetts","23958","5598",
"1400000US25013802000","Census Tract 8020; Hampden County; Massachusetts","22880","7626",
"1400000US25013802101","Census Tract 8021.01; Hampden County; Massachusetts","67656","15409",
"1400000US25013802200","Census Tract 8022; Hampden County; Massachusetts","44861","19958",
"1400000US25013802300","Census Tract 8023; Hampden County; Massachusetts","37252","7885",
"1400000US25013802400","Census Tract 8024; Hampden County; Massachusetts","79212","13841",
"1400000US25013802500","Census Tract 8025; Hampden County; Massachusetts","82988","18328",
"1400000US25013802601","Census Tract 8026.01; Hampden County; Massachusetts","61839","12762",
"1400000US25013802602","Census Tract 8026.02; Hampden County; Massachusetts","75391","18932",
"1400000US25013810100","Census Tract 8101; Hampden County; Massachusetts","80240","14549",
"1400000US25013810200","Census Tract 8102; Hampden County; Massachusetts","69268","10772",
"1400000US25013810300","Census Tract 8103; Hampden County; Massachusetts","91926","22468",
"1400000US25013810403","Census Tract 8104.03; Hampden County; Massachusetts","56610","3777",
"1400000US25013810404","Census Tract 8104.04; Hampden County; Massachusetts","96827","24559",
"1400000US25013810412","Census Tract 8104.12; Hampden County; Massachusetts","83769","8432",
"1400000US25013810414","Census Tract 8104.14; Hampden County; Massachusetts","105724","39283",
"1400000US25013810601","Census Tract 8106.01; Hampden County; Massachusetts","47083","18562",
"1400000US25013810602","Census Tract 8106.02; Hampden County; Massachusetts","110000","17389",
"1400000US25013810700","Census Tract 8107; Hampden County; Massachusetts","57537","12642",
"1400000US25013810800","Census Tract 8108; Hampden County; Massachusetts","49140","7084",
"1400000US25013810901","Census Tract 8109.01; Hampden County; Massachusetts","41285","14484",
"1400000US25013810902","Census Tract 8109.02; Hampden County; Massachusetts","63355","9699",
"1400000US25013811000","Census Tract 8110; Hampden County; Massachusetts","70337","15995",
"1400000US25013811101","Census Tract 8111.01; Hampden County; Massachusetts","66161","28933",
"1400000US25013811102","Census Tract 8111.02; Hampden County; Massachusetts","53482","24924",
"1400000US25013811200","Census Tract 8112; Hampden County; Massachusetts","72869","24107",
"1400000US25013811301","Census Tract 8113.01; Hampden County; Massachusetts","74478","8204",
"1400000US25013811302","Census Tract 8113.02; Hampden County; Massachusetts","63953","14304",
"1400000US25013811400","Census Tract 8114; Hampden County; Massachusetts","37944","15666",
"1400000US25013811500","Census Tract 8115; Hampden County; Massachusetts","20222","2933",
"1400000US25013811600","Census Tract 8116; Hampden County; Massachusetts","24141","19048",
"1400000US25013811700","Census Tract 8117; Hampden County; Massachusetts","19572","7325",
"1400000US25013811800","Census Tract 8118; Hampden County; Massachusetts","46271","10774",
"1400000US25013811900","Census Tract 8119; Hampden County; Massachusetts","111500","10457",
"1400000US25013812001","Census Tract 8120.01; Hampden County; Massachusetts","59438","11870",
"1400000US25013812002","Census Tract 8120.02; Hampden County; Massachusetts","49330","5988",
"1400000US25013812101","Census Tract 8121.01; Hampden County; Massachusetts","107176","13134",
"1400000US25013812103","Census Tract 8121.03; Hampden County; Massachusetts","53977","8330",
"1400000US25013812104","Census Tract 8121.04; Hampden County; Massachusetts","53828","10930",
"1400000US25013812201","Census Tract 8122.01; Hampden County; Massachusetts","51867","8569",
"1400000US25013812202","Census Tract 8122.02; Hampden County; Massachusetts","62578","24571",
"1400000US25013812300","Census Tract 8123; Hampden County; Massachusetts","37288","4095",
"1400000US25013812401","Census Tract 8124.01; Hampden County; Massachusetts","121789","9887",
"1400000US25013812403","Census Tract 8124.03; Hampden County; Massachusetts","60539","14568",
"1400000US25013812404","Census Tract 8124.04; Hampden County; Massachusetts","107955","16092",
"1400000US25013812500","Census Tract 8125; Hampden County; Massachusetts","101938","20898",
"1400000US25013812600","Census Tract 8126; Hampden County; Massachusetts","113707","23039",
"1400000US25013812701","Census Tract 8127.01; Hampden County; Massachusetts","54517","4022",
"1400000US25013812702","Census Tract 8127.02; Hampden County; Massachusetts","51561","13013",
"1400000US25013812800","Census Tract 8128; Hampden County; Massachusetts","91216","4066",
"1400000US25013812901","Census Tract 8129.01; Hampden County; Massachusetts","89231","30271",
"1400000US25013812902","Census Tract 8129.02; Hampden County; Massachusetts","105417","7806",
"1400000US25013812903","Census Tract 8129.03; Hampden County; Massachusetts","63750","30179",
"1400000US25013813001","Census Tract 8130.01; Hampden County; Massachusetts","92857","5690",
"1400000US25013813002","Census Tract 8130.02; Hampden County; Massachusetts","104432","13833",
"1400000US25013813101","Census Tract 8131.01; Hampden County; Massachusetts","119872","29911",
"1400000US25013813102","Census Tract 8131.02; Hampden County; Massachusetts","122188","15485",
"1400000US25013813204","Census Tract 8132.04; Hampden County; Massachusetts","99773","48418",
"1400000US25013813205","Census Tract 8132.05; Hampden County; Massachusetts","90864","19055",
"1400000US25013813206","Census Tract 8132.06; Hampden County; Massachusetts","86439","23978",
"1400000US25013813207","Census Tract 8132.07; Hampden County; Massachusetts","74583","22333",
"1400000US25013813208","Census Tract 8132.08; Hampden County; Massachusetts","96917","28273",
"1400000US25013813209","Census Tract 8132.09; Hampden County; Massachusetts","70281","18084",
"1400000US25013813301","Census Tract 8133.01; Hampden County; Massachusetts","143319","28753",
"1400000US25013813303","Census Tract 8133.03; Hampden County; Massachusetts","191406","41898",
"1400000US25013813304","Census Tract 8133.04; Hampden County; Massachusetts","156806","35121",
"1400000US25013813401","Census Tract 8134.01; Hampden County; Massachusetts","98203","15659",
"1400000US25013813403","Census Tract 8134.03; Hampden County; Massachusetts","101042","23493",
"1400000US25013813404","Census Tract 8134.04; Hampden County; Massachusetts","152500","30350",
"1400000US25013813500","Census Tract 8135; Hampden County; Massachusetts","104536","16485",
"1400000US25013813601","Census Tract 8136.01; Hampden County; Massachusetts","103903","14872",
"1400000US25013813602","Census Tract 8136.02; Hampden County; Massachusetts","159803","17958",
"1400000US25013813701","Census Tract 8137.01; Hampden County; Massachusetts","97281","22137",
"1400000US25013813702","Census Tract 8137.02; Hampden County; Massachusetts","93813","24777",
"1400000US25013813801","Census Tract 8138.01; Hampden County; Massachusetts","89661","6895",
"1400000US25013813802","Census Tract 8138.02; Hampden County; Massachusetts","111250","21930",
"1400000US25015820101","Census Tract 8201.01; Hampshire County; Massachusetts","83945","22836",
"1400000US25015820102","Census Tract 8201.02; Hampshire County; Massachusetts","40288","10039",
"1400000US25015820205","Census Tract 8202.05; Hampshire County; Massachusetts","125575","14032",
"1400000US25015820206","Census Tract 8202.06; Hampshire County; Massachusetts","109643","31628",
"1400000US25015820207","Census Tract 8202.07; Hampshire County; Massachusetts","94033","23966",
"1400000US25015820300","Census Tract 8203; Hampshire County; Massachusetts","65330","6677",
"1400000US25015820400","Census Tract 8204; Hampshire County; Massachusetts","-","**",
"1400000US25015820500","Census Tract 8205; Hampshire County; Massachusetts","49938","19760",
"1400000US25015820600","Census Tract 8206; Hampshire County; Massachusetts","-","**",
"1400000US25015820700","Census Tract 8207; Hampshire County; Massachusetts","79052","27782",
"1400000US25015820801","Census Tract 8208.01; Hampshire County; Massachusetts","97308","17326",
"1400000US25015820802","Census Tract 8208.02; Hampshire County; Massachusetts","-","**",
"1400000US25015820900","Census Tract 8209; Hampshire County; Massachusetts","119297","32508",
"1400000US25015821000","Census Tract 8210; Hampshire County; Massachusetts","102181","22890",
"1400000US25015821101","Census Tract 8211.01; Hampshire County; Massachusetts","88527","21385",
"1400000US25015821200","Census Tract 8212; Hampshire County; Massachusetts","177143","113189",
"1400000US25015821300","Census Tract 8213; Hampshire County; Massachusetts","90268","20552",
"1400000US25015821400","Census Tract 8214; Hampshire County; Massachusetts","119259","11537",
"1400000US25015821500","Census Tract 8215; Hampshire County; Massachusetts","89005","24507",
"1400000US25015821601","Census Tract 8216.01; Hampshire County; Massachusetts","83647","11494",
"1400000US25015821602","Census Tract 8216.02; Hampshire County; Massachusetts","62875","19108",
"1400000US25015821700","Census Tract 8217; Hampshire County; Massachusetts","93234","8501",
"1400000US25015821901","Census Tract 8219.01; Hampshire County; Massachusetts","90550","21450",
"1400000US25015821903","Census Tract 8219.03; Hampshire County; Massachusetts","36411","32916",
"1400000US25015821904","Census Tract 8219.04; Hampshire County; Massachusetts","96060","24440",
"1400000US25015822000","Census Tract 8220; Hampshire County; Massachusetts","89250","41581",
"1400000US25015822200","Census Tract 8222; Hampshire County; Massachusetts","101728","24189",
"1400000US25015822300","Census Tract 8223; Hampshire County; Massachusetts","63750","9961",
"1400000US25015822401","Census Tract 8224.01; Hampshire County; Massachusetts","97764","10121",
"1400000US25015822402","Census Tract 8224.02; Hampshire County; Massachusetts","61161","13184",
"1400000US25015822500","Census Tract 8225; Hampshire County; Massachusetts","123125","23452",
"1400000US25015822601","Census Tract 8226.01; Hampshire County; Massachusetts","94398","5997",
"1400000US25015822603","Census Tract 8226.03; Hampshire County; Massachusetts","100000","6937",
"1400000US25015822607","Census Tract 8226.07; Hampshire County; Massachusetts","103214","6040",
"1400000US25015822700","Census Tract 8227; Hampshire County; Massachusetts","90139","8558",
"1400000US25017300100","Census Tract 3001; Middlesex County; Massachusetts","115598","9187",
"1400000US25017301101","Census Tract 3011.01; Middlesex County; Massachusetts","97042","17892",
"1400000US25017301102","Census Tract 3011.02; Middlesex County; Massachusetts","126549","9821",
"1400000US25017310101","Census Tract 3101.01; Middlesex County; Massachusetts","63393","18970",
"1400000US25017310102","Census Tract 3101.02; Middlesex County; Massachusetts","38885","17627",
"1400000US25017310200","Census Tract 3102; Middlesex County; Massachusetts","91192","24897",
"1400000US25017310300","Census Tract 3103; Middlesex County; Massachusetts","69297","12607",
"1400000US25017310400","Census Tract 3104; Middlesex County; Massachusetts","51830","25136",
"1400000US25017310500","Census Tract 3105; Middlesex County; Massachusetts","73628","13252",
"1400000US25017310601","Census Tract 3106.01; Middlesex County; Massachusetts","78667","9728",
"1400000US25017310602","Census Tract 3106.02; Middlesex County; Massachusetts","101842","35952",
"1400000US25017310700","Census Tract 3107; Middlesex County; Massachusetts","63015","17085",
"1400000US25017311100","Census Tract 3111; Middlesex County; Massachusetts","77768","20924",
"1400000US25017311200","Census Tract 3112; Middlesex County; Massachusetts","46250","22263",
"1400000US25017311300","Census Tract 3113; Middlesex County; Massachusetts","71450","28302",
"1400000US25017311400","Census Tract 3114; Middlesex County; Massachusetts","94174","7990",
"1400000US25017311500","Census Tract 3115; Middlesex County; Massachusetts","103227","27997",
"1400000US25017311600","Census Tract 3116; Middlesex County; Massachusetts","118625","16002",
"1400000US25017311700","Census Tract 3117; Middlesex County; Massachusetts","96250","14948",
"1400000US25017311800","Census Tract 3118; Middlesex County; Massachusetts","86518","40438",
"1400000US25017311900","Census Tract 3119; Middlesex County; Massachusetts","45417","12537",
"1400000US25017312000","Census Tract 3120; Middlesex County; Massachusetts","45923","13879",
"1400000US25017312100","Census Tract 3121; Middlesex County; Massachusetts","83730","8142",
"1400000US25017312200","Census Tract 3122; Middlesex County; Massachusetts","84853","18541",
"1400000US25017312300","Census Tract 3123; Middlesex County; Massachusetts","120192","8891",
"1400000US25017312400","Census Tract 3124; Middlesex County; Massachusetts","40077","5484",
"1400000US25017312501","Census Tract 3125.01; Middlesex County; Massachusetts","111850","12665",
"1400000US25017312502","Census Tract 3125.02; Middlesex County; Massachusetts","119919","21693",
"1400000US25017313101","Census Tract 3131.01; Middlesex County; Massachusetts","152806","32820",
"1400000US25017313102","Census Tract 3131.02; Middlesex County; Massachusetts","118633","19606",
"1400000US25017314101","Census Tract 3141.01; Middlesex County; Massachusetts","120149","11007",
"1400000US25017314102","Census Tract 3141.02; Middlesex County; Massachusetts","97308","18041",
"1400000US25017314200","Census Tract 3142; Middlesex County; Massachusetts","90642","18818",
"1400000US25017314301","Census Tract 3143.01; Middlesex County; Massachusetts","122563","12487",
"1400000US25017314302","Census Tract 3143.02; Middlesex County; Massachusetts","161563","27664",
"1400000US25017315100","Census Tract 3151; Middlesex County; Massachusetts","153942","21997",
"1400000US25017315200","Census Tract 3152; Middlesex County; Massachusetts","94677","23805",
"1400000US25017315401","Census Tract 3154.01; Middlesex County; Massachusetts","104913","13215",
"1400000US25017315402","Census Tract 3154.02; Middlesex County; Massachusetts","140221","14326",
"1400000US25017315403","Census Tract 3154.03; Middlesex County; Massachusetts","170625","18794",
"1400000US25017315500","Census Tract 3155; Middlesex County; Massachusetts","145476","17636",
"1400000US25017316101","Census Tract 3161.01; Middlesex County; Massachusetts","151667","20124",
"1400000US25017316102","Census Tract 3161.02; Middlesex County; Massachusetts","169095","4377",
"1400000US25017316201","Census Tract 3162.01; Middlesex County; Massachusetts","171542","25129",
"1400000US25017316202","Census Tract 3162.02; Middlesex County; Massachusetts","109868","26597",
"1400000US25017316300","Census Tract 3163; Middlesex County; Massachusetts","114798","15930",
"1400000US25017316400","Census Tract 3164; Middlesex County; Massachusetts","168088","28910",
"1400000US25017316500","Census Tract 3165; Middlesex County; Massachusetts","119432","22966",
"1400000US25017317101","Census Tract 3171.01; Middlesex County; Massachusetts","105344","22541",
"1400000US25017317102","Census Tract 3171.02; Middlesex County; Massachusetts","130750","15176",
"1400000US25017317103","Census Tract 3171.03; Middlesex County; Massachusetts","167614","17528",
"1400000US25017317201","Census Tract 3172.01; Middlesex County; Massachusetts","182153","18183",
"1400000US25017317202","Census Tract 3172.02; Middlesex County; Massachusetts","190938","48745",
"1400000US25017317203","Census Tract 3172.03; Middlesex County; Massachusetts","143935","34886",
"1400000US25017317301","Census Tract 3173.01; Middlesex County; Massachusetts","128625","39876",
"1400000US25017317302","Census Tract 3173.02; Middlesex County; Massachusetts","147596","26623",
"1400000US25017318100","Census Tract 3181; Middlesex County; Massachusetts","175588","35744",
"1400000US25017318200","Census Tract 3182; Middlesex County; Massachusetts","162321","24246",
"1400000US25017318300","Census Tract 3183; Middlesex County; Massachusetts","218359","11675",
"1400000US25017318400","Census Tract 3184; Middlesex County; Massachusetts","155909","26929",
"1400000US25017320102","Census Tract 3201.02; Middlesex County; Massachusetts","237411","30001",
"1400000US25017320105","Census Tract 3201.05; Middlesex County; Massachusetts","166667","46578",
"1400000US25017320106","Census Tract 3201.06; Middlesex County; Massachusetts","226689","34708",
"1400000US25017320107","Census Tract 3201.07; Middlesex County; Massachusetts","193594","44925",
"1400000US25017321100","Census Tract 3211; Middlesex County; Massachusetts","86250","17711",
"1400000US25017321200","Census Tract 3212; Middlesex County; Massachusetts","96164","29202",
"1400000US25017321301","Census Tract 3213.01; Middlesex County; Massachusetts","72143","13279",
"1400000US25017321302","Census Tract 3213.02; Middlesex County; Massachusetts","100227","51228",
"1400000US25017321400","Census Tract 3214; Middlesex County; Massachusetts","116532","14015",
"1400000US25017321500","Census Tract 3215; Middlesex County; Massachusetts","107912","19850",
"1400000US25017321600","Census Tract 3216; Middlesex County; Massachusetts","104375","16858",
"1400000US25017322100","Census Tract 3221; Middlesex County; Massachusetts","165023","10099",
"1400000US25017322200","Census Tract 3222; Middlesex County; Massachusetts","112891","24183",
"1400000US25017322300","Census Tract 3223; Middlesex County; Massachusetts","67616","7340",
"1400000US25017322400","Census Tract 3224; Middlesex County; Massachusetts","122839","34843",
"1400000US25017323101","Census Tract 3231.01; Middlesex County; Massachusetts","175220","21717",
"1400000US25017323102","Census Tract 3231.02; Middlesex County; Massachusetts","221146","37036",
"1400000US25017324101","Census Tract 3241.01; Middlesex County; Massachusetts","135147","25819",
"1400000US25017324102","Census Tract 3241.02; Middlesex County; Massachusetts","167422","20904",
"1400000US25017325101","Census Tract 3251.01; Middlesex County; Massachusetts","148258","30814",
"1400000US25017325102","Census Tract 3251.02; Middlesex County; Massachusetts","74973","16657",
"1400000US25017326101","Census Tract 3261.01; Middlesex County; Massachusetts","181250","35904",
"1400000US25017326102","Census Tract 3261.02; Middlesex County; Massachusetts","197335","38956",
"1400000US25017327101","Census Tract 3271.01; Middlesex County; Massachusetts","152344","47639",
"1400000US25017327102","Census Tract 3271.02; Middlesex County; Massachusetts","117688","26550",
"1400000US25017327103","Census Tract 3271.03; Middlesex County; Massachusetts","101557","16214",
"1400000US25017328100","Census Tract 3281; Middlesex County; Massachusetts","208512","22907",
"1400000US25017330101","Census Tract 3301.01; Middlesex County; Massachusetts","207750","39534",
"1400000US25017330102","Census Tract 3301.02; Middlesex County; Massachusetts","156875","38717",
"1400000US25017330201","Census Tract 3302.01; Middlesex County; Massachusetts","141118","72119",
"1400000US25017330202","Census Tract 3302.02; Middlesex County; Massachusetts","93385","21741",
"1400000US25017331101","Census Tract 3311.01; Middlesex County; Massachusetts","161364","27878",
"1400000US25017331102","Census Tract 3311.02; Middlesex County; Massachusetts","184625","42043",
"1400000US25017331200","Census Tract 3312; Middlesex County; Massachusetts","160119","19231",
"1400000US25017331300","Census Tract 3313; Middlesex County; Massachusetts","165833","34768",
"1400000US25017332100","Census Tract 3321; Middlesex County; Massachusetts","190978","16990",
"1400000US25017332201","Census Tract 3322.01; Middlesex County; Massachusetts","103440","21509",
"1400000US25017332202","Census Tract 3322.02; Middlesex County; Massachusetts","126641","21150",
"1400000US25017332300","Census Tract 3323; Middlesex County; Massachusetts","154750","54722",
"1400000US25017332401","Census Tract 3324.01; Middlesex County; Massachusetts","142986","45566",
"1400000US25017332402","Census Tract 3324.02; Middlesex County; Massachusetts","155417","40735",
"1400000US25017333100","Census Tract 3331; Middlesex County; Massachusetts","122917","15194",
"1400000US25017333200","Census Tract 3332; Middlesex County; Massachusetts","94673","49404",
"1400000US25017333300","Census Tract 3333; Middlesex County; Massachusetts","110833","29992",
"1400000US25017333400","Census Tract 3334; Middlesex County; Massachusetts","111012","8823",
"1400000US25017333501","Census Tract 3335.01; Middlesex County; Massachusetts","107234","24086",
"1400000US25017333502","Census Tract 3335.02; Middlesex County; Massachusetts","105313","37637",
"1400000US25017333601","Census Tract 3336.01; Middlesex County; Massachusetts","125278","52229",
"1400000US25017333602","Census Tract 3336.02; Middlesex County; Massachusetts","102531","34869",
"1400000US25017334100","Census Tract 3341; Middlesex County; Massachusetts","184205","21383",
"1400000US25017334200","Census Tract 3342; Middlesex County; Massachusetts","145536","38201",
"1400000US25017334300","Census Tract 3343; Middlesex County; Massachusetts","164671","32224",
"1400000US25017334400","Census Tract 3344; Middlesex County; Massachusetts","161181","18897",
"1400000US25017335100","Census Tract 3351; Middlesex County; Massachusetts","120725","15857",
"1400000US25017335200","Census Tract 3352; Middlesex County; Massachusetts","143008","25346",
"1400000US25017335301","Census Tract 3353.01; Middlesex County; Massachusetts","118984","16090",
"1400000US25017335302","Census Tract 3353.02; Middlesex County; Massachusetts","158889","35325",
"1400000US25017335400","Census Tract 3354; Middlesex County; Massachusetts","147031","25894",
"1400000US25017336100","Census Tract 3361; Middlesex County; Massachusetts","114605","18876",
"1400000US25017336201","Census Tract 3362.01; Middlesex County; Massachusetts","182404","35152",
"1400000US25017336202","Census Tract 3362.02; Middlesex County; Massachusetts","138750","51227",
"1400000US25017336300","Census Tract 3363; Middlesex County; Massachusetts","166760","33471",
"1400000US25017336402","Census Tract 3364.02; Middlesex County; Massachusetts","104327","46371",
"1400000US25017336403","Census Tract 3364.03; Middlesex County; Massachusetts","135054","27486",
"1400000US25017336404","Census Tract 3364.04; Middlesex County; Massachusetts","95586","26823",
"1400000US25017337101","Census Tract 3371.01; Middlesex County; Massachusetts","118958","25565",
"1400000US25017337102","Census Tract 3371.02; Middlesex County; Massachusetts","140313","29461",
"1400000US25017337201","Census Tract 3372.01; Middlesex County; Massachusetts","96080","12599",
"1400000US25017337202","Census Tract 3372.02; Middlesex County; Massachusetts","125766","32460",
"1400000US25017337300","Census Tract 3373; Middlesex County; Massachusetts","109361","5435",
"1400000US25017338100","Census Tract 3381; Middlesex County; Massachusetts","227083","57490",
"1400000US25017338200","Census Tract 3382; Middlesex County; Massachusetts","139833","25991",
"1400000US25017338300","Census Tract 3383; Middlesex County; Massachusetts","205040","42491",
"1400000US25017338400","Census Tract 3384; Middlesex County; Massachusetts","250,000+","***",
"1400000US25017338500","Census Tract 3385; Middlesex County; Massachusetts","250,000+","***",
"1400000US25017339101","Census Tract 3391.01; Middlesex County; Massachusetts","77386","30331",
"1400000US25017339102","Census Tract 3391.02; Middlesex County; Massachusetts","154620","36045",
"1400000US25017339200","Census Tract 3392; Middlesex County; Massachusetts","197500","32606",
"1400000US25017339300","Census Tract 3393; Middlesex County; Massachusetts","122011","30774",
"1400000US25017339400","Census Tract 3394; Middlesex County; Massachusetts","141563","59854",
"1400000US25017339500","Census Tract 3395; Middlesex County; Massachusetts","105625","32201",
"1400000US25017339600","Census Tract 3396; Middlesex County; Massachusetts","150074","38974",
"1400000US25017339700","Census Tract 3397; Middlesex County; Massachusetts","92809","14949",
"1400000US25017339802","Census Tract 3398.02; Middlesex County; Massachusetts","125000","80550",
"1400000US25017339803","Census Tract 3398.03; Middlesex County; Massachusetts","124756","37316",
"1400000US25017339804","Census Tract 3398.04; Middlesex County; Massachusetts","124434","29494",
"1400000US25017339900","Census Tract 3399; Middlesex County; Massachusetts","109100","23870",
"1400000US25017340000","Census Tract 3400; Middlesex County; Massachusetts","117988","15215",
"1400000US25017340100","Census Tract 3401; Middlesex County; Massachusetts","165893","25287",
"1400000US25017341101","Census Tract 3411.01; Middlesex County; Massachusetts","136125","41971",
"1400000US25017341102","Census Tract 3411.02; Middlesex County; Massachusetts","99662","21600",
"1400000US25017341200","Census Tract 3412; Middlesex County; Massachusetts","87668","15614",
"1400000US25017341301","Census Tract 3413.01; Middlesex County; Massachusetts","91076","26622",
"1400000US25017341302","Census Tract 3413.02; Middlesex County; Massachusetts","121813","53235",
"1400000US25017341400","Census Tract 3414; Middlesex County; Massachusetts","99402","16192",
"1400000US25017341500","Census Tract 3415; Middlesex County; Massachusetts","105828","9247",
"1400000US25017341600","Census Tract 3416; Middlesex County; Massachusetts","92768","20418",
"1400000US25017341700","Census Tract 3417; Middlesex County; Massachusetts","126250","45828",
"1400000US25017341800","Census Tract 3418; Middlesex County; Massachusetts","67964","22464",
"1400000US25017341901","Census Tract 3419.01; Middlesex County; Massachusetts","92109","28310",
"1400000US25017341903","Census Tract 3419.03; Middlesex County; Massachusetts","129180","28360",
"1400000US25017341904","Census Tract 3419.04; Middlesex County; Massachusetts","98036","29878",
"1400000US25017342101","Census Tract 3421.01; Middlesex County; Massachusetts","98750","21647",
"1400000US25017342102","Census Tract 3421.02; Middlesex County; Massachusetts","68864","26217",
"1400000US25017342201","Census Tract 3422.01; Middlesex County; Massachusetts","96303","22119",
"1400000US25017342202","Census Tract 3422.02; Middlesex County; Massachusetts","80641","20743",
"1400000US25017342301","Census Tract 3423.01; Middlesex County; Massachusetts","82255","51978",
"1400000US25017342302","Census Tract 3423.02; Middlesex County; Massachusetts","123214","18094",
"1400000US25017342401","Census Tract 3424.01; Middlesex County; Massachusetts","60115","21036",
"1400000US25017342402","Census Tract 3424.02; Middlesex County; Massachusetts","99539","25515",
"1400000US25017342501","Census Tract 3425.01; Middlesex County; Massachusetts","63500","27246",
"1400000US25017342502","Census Tract 3425.02; Middlesex County; Massachusetts","56098","31267",
"1400000US25017342600","Census Tract 3426; Middlesex County; Massachusetts","91575","15194",
"1400000US25017350105","Census Tract 3501.05; Middlesex County; Massachusetts","130909","16038",
"1400000US25017350106","Census Tract 3501.06; Middlesex County; Massachusetts","133125","35738",
"1400000US25017350107","Census Tract 3501.07; Middlesex County; Massachusetts","94535","52193",
"1400000US25017350108","Census Tract 3501.08; Middlesex County; Massachusetts","81198","49590",
"1400000US25017350109","Census Tract 3501.09; Middlesex County; Massachusetts","116028","38310",
"1400000US25017350201","Census Tract 3502.01; Middlesex County; Massachusetts","140972","23701",
"1400000US25017350202","Census Tract 3502.02; Middlesex County; Massachusetts","132159","10356",
"1400000US25017350300","Census Tract 3503; Middlesex County; Massachusetts","143889","37078",
"1400000US25017350400","Census Tract 3504; Middlesex County; Massachusetts","166831","35466",
"1400000US25017350500","Census Tract 3505; Middlesex County; Massachusetts","166293","20876",
"1400000US25017350600","Census Tract 3506; Middlesex County; Massachusetts","153305","27116",
"1400000US25017350701","Census Tract 3507.01; Middlesex County; Massachusetts","133233","39975",
"1400000US25017350702","Census Tract 3507.02; Middlesex County; Massachusetts","43451","33301",
"1400000US25017350800","Census Tract 3508; Middlesex County; Massachusetts","175962","18824",
"1400000US25017350900","Census Tract 3509; Middlesex County; Massachusetts","171433","39710",
"1400000US25017351001","Census Tract 3510.01; Middlesex County; Massachusetts","146229","12074",
"1400000US25017351002","Census Tract 3510.02; Middlesex County; Massachusetts","142589","19418",
"1400000US25017351101","Census Tract 3511.01; Middlesex County; Massachusetts","129594","17533",
"1400000US25017351102","Census Tract 3511.02; Middlesex County; Massachusetts","134375","47978",
"1400000US25017351203","Census Tract 3512.03; Middlesex County; Massachusetts","182758","23995",
"1400000US25017351204","Census Tract 3512.04; Middlesex County; Massachusetts","120875","24093",
"1400000US25017351300","Census Tract 3513; Middlesex County; Massachusetts","128571","41093",
"1400000US25017351403","Census Tract 3514.03; Middlesex County; Massachusetts","116500","18861",
"1400000US25017351404","Census Tract 3514.04; Middlesex County; Massachusetts","108358","14283",
"1400000US25017351500","Census Tract 3515; Middlesex County; Massachusetts","85274","26106",
"1400000US25017352101","Census Tract 3521.01; Middlesex County; Massachusetts","123077","40823",
"1400000US25017352102","Census Tract 3521.02; Middlesex County; Massachusetts","175110","38347",
"1400000US25017352200","Census Tract 3522; Middlesex County; Massachusetts","90556","22807",
"1400000US25017352300","Census Tract 3523; Middlesex County; Massachusetts","171633","24846",
"1400000US25017352400","Census Tract 3524; Middlesex County; Massachusetts","74432","16352",
"1400000US25017352500","Census Tract 3525; Middlesex County; Massachusetts","132500","27969",
"1400000US25017352600","Census Tract 3526; Middlesex County; Massachusetts","123050","41581",
"1400000US25017352700","Census Tract 3527; Middlesex County; Massachusetts","109402","39361",
"1400000US25017352800","Census Tract 3528; Middlesex County; Massachusetts","126652","11230",
"1400000US25017352900","Census Tract 3529; Middlesex County; Massachusetts","159761","45915",
"1400000US25017353000","Census Tract 3530; Middlesex County; Massachusetts","150221","31147",
"1400000US25017353101","Census Tract 3531.01; Middlesex County; Massachusetts","78542","53684",
"1400000US25017353102","Census Tract 3531.02; Middlesex County; Massachusetts","71302","22484",
"1400000US25017353200","Census Tract 3532; Middlesex County; Massachusetts","142083","12203",
"1400000US25017353300","Census Tract 3533; Middlesex County; Massachusetts","183750","30619",
"1400000US25017353600","Census Tract 3536; Middlesex County; Massachusetts","138429","22612",
"1400000US25017353700","Census Tract 3537; Middlesex County; Massachusetts","109514","46767",
"1400000US25017353800","Census Tract 3538; Middlesex County; Massachusetts","137833","22216",
"1400000US25017353900","Census Tract 3539; Middlesex County; Massachusetts","74076","15825",
"1400000US25017354000","Census Tract 3540; Middlesex County; Massachusetts","85592","12979",
"1400000US25017354100","Census Tract 3541; Middlesex County; Massachusetts","144479","46526",
"1400000US25017354200","Census Tract 3542; Middlesex County; Massachusetts","221250","84393",
"1400000US25017354300","Census Tract 3543; Middlesex County; Massachusetts","124625","33698",
"1400000US25017354400","Census Tract 3544; Middlesex County; Massachusetts","176705","21767",
"1400000US25017354500","Census Tract 3545; Middlesex County; Massachusetts","211471","54213",
"1400000US25017354601","Census Tract 3546.01; Middlesex County; Massachusetts","103165","12469",
"1400000US25017354602","Census Tract 3546.02; Middlesex County; Massachusetts","104155","19201",
"1400000US25017354700","Census Tract 3547; Middlesex County; Massachusetts","161699","23594",
"1400000US25017354800","Census Tract 3548; Middlesex County; Massachusetts","183056","21920",
"1400000US25017354901","Census Tract 3549.01; Middlesex County; Massachusetts","159786","15495",
"1400000US25017354902","Census Tract 3549.02; Middlesex County; Massachusetts","80417","30575",
"1400000US25017355000","Census Tract 3550; Middlesex County; Massachusetts","158542","49105",
"1400000US25017356100","Census Tract 3561; Middlesex County; Massachusetts","161860","32752",
"1400000US25017356300","Census Tract 3563; Middlesex County; Massachusetts","121194","18847",
"1400000US25017356400","Census Tract 3564; Middlesex County; Massachusetts","203000","23186",
"1400000US25017356500","Census Tract 3565; Middlesex County; Massachusetts","149844","29620",
"1400000US25017356601","Census Tract 3566.01; Middlesex County; Massachusetts","148506","10777",
"1400000US25017356602","Census Tract 3566.02; Middlesex County; Massachusetts","181117","19000",
"1400000US25017356701","Census Tract 3567.01; Middlesex County; Massachusetts","148363","20003",
"1400000US25017356703","Census Tract 3567.03; Middlesex County; Massachusetts","138816","40946",
"1400000US25017356704","Census Tract 3567.04; Middlesex County; Massachusetts","164453","44440",
"1400000US25017357100","Census Tract 3571; Middlesex County; Massachusetts","172404","40939",
"1400000US25017357200","Census Tract 3572; Middlesex County; Massachusetts","250,000+","***",
"1400000US25017357300","Census Tract 3573; Middlesex County; Massachusetts","167738","17590",
"1400000US25017357400","Census Tract 3574; Middlesex County; Massachusetts","220357","29494",
"1400000US25017357500","Census Tract 3575; Middlesex County; Massachusetts","167563","26540",
"1400000US25017357600","Census Tract 3576; Middlesex County; Massachusetts","193611","37397",
"1400000US25017357700","Census Tract 3577; Middlesex County; Massachusetts","138958","43879",
"1400000US25017357800","Census Tract 3578; Middlesex County; Massachusetts","235063","35597",
"1400000US25017358100","Census Tract 3581; Middlesex County; Massachusetts","233056","39449",
"1400000US25017358300","Census Tract 3583; Middlesex County; Massachusetts","250,000+","***",
"1400000US25017358400","Census Tract 3584; Middlesex County; Massachusetts","184299","10951",
"1400000US25017358500","Census Tract 3585; Middlesex County; Massachusetts","250,000+","***",
"1400000US25017358600","Census Tract 3586; Middlesex County; Massachusetts","238636","33218",
"1400000US25017358700","Census Tract 3587; Middlesex County; Massachusetts","250,000+","***",
"1400000US25017359100","Census Tract 3591; Middlesex County; Massachusetts","180404","32779",
"1400000US25017359301","Census Tract 3593.01; Middlesex County; Massachusetts","-","**",
"1400000US25017359302","Census Tract 3593.02; Middlesex County; Massachusetts","-","**",
"1400000US25017359303","Census Tract 3593.03; Middlesex County; Massachusetts","166583","39865",
"1400000US25017359400","Census Tract 3594; Middlesex County; Massachusetts","120307","15654",
"1400000US25017360300","Census Tract 3603; Middlesex County; Massachusetts","175117","43879",
"1400000US25017361100","Census Tract 3611; Middlesex County; Massachusetts","195590","42935",
"1400000US25017361200","Census Tract 3612; Middlesex County; Massachusetts","192279","37686",
"1400000US25017361300","Census Tract 3613; Middlesex County; Massachusetts","211161","48730",
"1400000US25017362100","Census Tract 3621; Middlesex County; Massachusetts","250,000+","***",
"1400000US25017363103","Census Tract 3631.03; Middlesex County; Massachusetts","139250","34560",
"1400000US25017363104","Census Tract 3631.04; Middlesex County; Massachusetts","155150","14158",
"1400000US25017363105","Census Tract 3631.05; Middlesex County; Massachusetts","125833","38250",
"1400000US25017363106","Census Tract 3631.06; Middlesex County; Massachusetts","107150","20156",
"1400000US25017363201","Census Tract 3632.01; Middlesex County; Massachusetts","232000","34954",
"1400000US25017363202","Census Tract 3632.02; Middlesex County; Massachusetts","200625","20937",
"1400000US25017364101","Census Tract 3641.01; Middlesex County; Massachusetts","126786","28522",
"1400000US25017364102","Census Tract 3641.02; Middlesex County; Massachusetts","122966","24150",
"1400000US25017365100","Census Tract 3651; Middlesex County; Massachusetts","250,000+","***",
"1400000US25017365201","Census Tract 3652.01; Middlesex County; Massachusetts","225853","15174",
"1400000US25017365202","Census Tract 3652.02; Middlesex County; Massachusetts","222614","46454",
"1400000US25017366100","Census Tract 3661; Middlesex County; Massachusetts","164355","38467",
"1400000US25017366201","Census Tract 3662.01; Middlesex County; Massachusetts","250,000+","***",
"1400000US25017366202","Census Tract 3662.02; Middlesex County; Massachusetts","217083","36194",
"1400000US25017367100","Census Tract 3671; Middlesex County; Massachusetts","250,000+","***",
"1400000US25017367200","Census Tract 3672; Middlesex County; Massachusetts","250,000+","***",
"1400000US25017368101","Census Tract 3681.01; Middlesex County; Massachusetts","140536","28001",
"1400000US25017368102","Census Tract 3681.02; Middlesex County; Massachusetts","157542","37098",
"1400000US25017368200","Census Tract 3682; Middlesex County; Massachusetts","143857","26918",
"1400000US25017368300","Census Tract 3683; Middlesex County; Massachusetts","91955","24171",
"1400000US25017368400","Census Tract 3684; Middlesex County; Massachusetts","131250","24602",
"1400000US25017368500","Census Tract 3685; Middlesex County; Massachusetts","93182","21738",
"1400000US25017368600","Census Tract 3686; Middlesex County; Massachusetts","125625","16661",
"1400000US25017368700","Census Tract 3687; Middlesex County; Massachusetts","84890","57454",
"1400000US25017368800","Census Tract 3688; Middlesex County; Massachusetts","104608","24622",
"1400000US25017368901","Census Tract 3689.01; Middlesex County; Massachusetts","129236","45036",
"1400000US25017368902","Census Tract 3689.02; Middlesex County; Massachusetts","58887","10109",
"1400000US25017369000","Census Tract 3690; Middlesex County; Massachusetts","-","**",
"1400000US25017369100","Census Tract 3691; Middlesex County; Massachusetts","133824","13988",
"1400000US25017370101","Census Tract 3701.01; Middlesex County; Massachusetts","123902","11301",
"1400000US25017370103","Census Tract 3701.03; Middlesex County; Massachusetts","106902","17864",
"1400000US25017370104","Census Tract 3701.04; Middlesex County; Massachusetts","127455","23968",
"1400000US25017370201","Census Tract 3702.01; Middlesex County; Massachusetts","144375","29144",
"1400000US25017370202","Census Tract 3702.02; Middlesex County; Massachusetts","144653","23182",
"1400000US25017370301","Census Tract 3703.01; Middlesex County; Massachusetts","128976","16607",
"1400000US25017370302","Census Tract 3703.02; Middlesex County; Massachusetts","87473","24235",
"1400000US25017370401","Census Tract 3704.01; Middlesex County; Massachusetts","114792","37654",
"1400000US25017370402","Census Tract 3704.02; Middlesex County; Massachusetts","147500","47733",
"1400000US25017370403","Census Tract 3704.03; Middlesex County; Massachusetts","122262","43572",
"1400000US25017373100","Census Tract 3731; Middlesex County; Massachusetts","162331","96949",
"1400000US25017373200","Census Tract 3732; Middlesex County; Massachusetts","117333","24997",
"1400000US25017373300","Census Tract 3733; Middlesex County; Massachusetts","152072","22323",
"1400000US25017373400","Census Tract 3734; Middlesex County; Massachusetts","142500","48532",
"1400000US25017373500","Census Tract 3735; Middlesex County; Massachusetts","250,000+","***",
"1400000US25017373600","Census Tract 3736; Middlesex County; Massachusetts","250,000+","***",
"1400000US25017373700","Census Tract 3737; Middlesex County; Massachusetts","250,000+","***",
"1400000US25017373800","Census Tract 3738; Middlesex County; Massachusetts","163940","15480",
"1400000US25017373901","Census Tract 3739.01; Middlesex County; Massachusetts","250,000+","***",
"1400000US25017373902","Census Tract 3739.02; Middlesex County; Massachusetts","167250","30810",
"1400000US25017374000","Census Tract 3740; Middlesex County; Massachusetts","225556","30232",
"1400000US25017374100","Census Tract 3741; Middlesex County; Massachusetts","106458","31406",
"1400000US25017374200","Census Tract 3742; Middlesex County; Massachusetts","249891","16852",
"1400000US25017374300","Census Tract 3743; Middlesex County; Massachusetts","250,000+","***",
"1400000US25017374400","Census Tract 3744; Middlesex County; Massachusetts","250,000+","***",
"1400000US25017374500","Census Tract 3745; Middlesex County; Massachusetts","141892","71863",
"1400000US25017374600","Census Tract 3746; Middlesex County; Massachusetts","174950","10944",
"1400000US25017374700","Census Tract 3747; Middlesex County; Massachusetts","179833","43857",
"1400000US25017374800","Census Tract 3748; Middlesex County; Massachusetts","201750","63449",
"1400000US25017382100","Census Tract 3821; Middlesex County; Massachusetts","148750","10638",
"1400000US25017382200","Census Tract 3822; Middlesex County; Massachusetts","193488","37531",
"1400000US25017382300","Census Tract 3823; Middlesex County; Massachusetts","214258","52682",
"1400000US25017382400","Census Tract 3824; Middlesex County; Massachusetts","110481","35301",
"1400000US25017382500","Census Tract 3825; Middlesex County; Massachusetts","123424","43219",
"1400000US25017382601","Census Tract 3826.01; Middlesex County; Massachusetts","119180","13292",
"1400000US25017382602","Census Tract 3826.02; Middlesex County; Massachusetts","123214","35743",
"1400000US25017383101","Census Tract 3831.01; Middlesex County; Massachusetts","71771","12970",
"1400000US25017383102","Census Tract 3831.02; Middlesex County; Massachusetts","56638","14513",
"1400000US25017383200","Census Tract 3832; Middlesex County; Massachusetts","99310","27811",
"1400000US25017383300","Census Tract 3833; Middlesex County; Massachusetts","89058","9646",
"1400000US25017383401","Census Tract 3834.01; Middlesex County; Massachusetts","85000","44065",
"1400000US25017383402","Census Tract 3834.02; Middlesex County; Massachusetts","67288","29491",
"1400000US25017383501","Census Tract 3835.01; Middlesex County; Massachusetts","62880","32353",
"1400000US25017383502","Census Tract 3835.02; Middlesex County; Massachusetts","97943","23176",
"1400000US25017383600","Census Tract 3836; Middlesex County; Massachusetts","118760","9705",
"1400000US25017383700","Census Tract 3837; Middlesex County; Massachusetts","111121","24165",
"1400000US25017383800","Census Tract 3838; Middlesex County; Massachusetts","144427","46982",
"1400000US25017383902","Census Tract 3839.02; Middlesex County; Massachusetts","172431","42895",
"1400000US25017383903","Census Tract 3839.03; Middlesex County; Massachusetts","170208","41501",
"1400000US25017383904","Census Tract 3839.04; Middlesex County; Massachusetts","146635","27598",
"1400000US25017384003","Census Tract 3840.03; Middlesex County; Massachusetts","104837","27147",
"1400000US25017384004","Census Tract 3840.04; Middlesex County; Massachusetts","132163","18836",
"1400000US25017385101","Census Tract 3851.01; Middlesex County; Massachusetts","183889","66399",
"1400000US25017385102","Census Tract 3851.02; Middlesex County; Massachusetts","142103","17752",
"1400000US25017385201","Census Tract 3852.01; Middlesex County; Massachusetts","100179","19821",
"1400000US25017385203","Census Tract 3852.03; Middlesex County; Massachusetts","117865","21543",
"1400000US25017385204","Census Tract 3852.04; Middlesex County; Massachusetts","167895","62898",
"1400000US25017386100","Census Tract 3861; Middlesex County; Massachusetts","250,000+","***",
"1400000US25017387100","Census Tract 3871; Middlesex County; Massachusetts","157929","14021",
"1400000US25017387201","Census Tract 3872.01; Middlesex County; Massachusetts","156875","22815",
"1400000US25017387202","Census Tract 3872.02; Middlesex County; Massachusetts","175638","28172",
"1400000US25017388100","Census Tract 3881; Middlesex County; Massachusetts","144611","35275",
"1400000US25017388200","Census Tract 3882; Middlesex County; Massachusetts","122365","16320",
"1400000US25017388300","Census Tract 3883; Middlesex County; Massachusetts","23500","4945",
"1400000US25017980000","Census Tract 9800; Middlesex County; Massachusetts","-","**",
"1400000US25019950100","Census Tract 9501; Nantucket County; Massachusetts","146429","31808",
"1400000US25019950201","Census Tract 9502.01; Nantucket County; Massachusetts","159659","37121",
"1400000US25019950202","Census Tract 9502.02; Nantucket County; Massachusetts","182344","142810",
"1400000US25019950307","Census Tract 9503.07; Nantucket County; Massachusetts","66957","33880",
"1400000US25019950400","Census Tract 9504; Nantucket County; Massachusetts","137121","8339",
"1400000US25019950500","Census Tract 9505; Nantucket County; Massachusetts","103990","76865",
"1400000US25019990000","Census Tract 9900; Nantucket County; Massachusetts","-","**",
"1400000US25021400100","Census Tract 4001; Norfolk County; Massachusetts","111392","17633",
"1400000US25021400201","Census Tract 4002.01; Norfolk County; Massachusetts","125658","54997",
"1400000US25021400202","Census Tract 4002.02; Norfolk County; Massachusetts","95592","22693",
"1400000US25021400300","Census Tract 4003; Norfolk County; Massachusetts","190667","32171",
"1400000US25021400401","Census Tract 4004.01; Norfolk County; Massachusetts","84928","16684",
"1400000US25021400402","Census Tract 4004.02; Norfolk County; Massachusetts","250,000+","***",
"1400000US25021400500","Census Tract 4005; Norfolk County; Massachusetts","154688","28918",
"1400000US25021400600","Census Tract 4006; Norfolk County; Massachusetts","157721","50108",
"1400000US25021400700","Census Tract 4007; Norfolk County; Massachusetts","175000","41039",
"1400000US25021400800","Census Tract 4008; Norfolk County; Massachusetts","143723","21782",
"1400000US25021400900","Census Tract 4009; Norfolk County; Massachusetts","82109","27737",
"1400000US25021401000","Census Tract 4010; Norfolk County; Massachusetts","138182","22369",
"1400000US25021401100","Census Tract 4011; Norfolk County; Massachusetts","202169","25889",
"1400000US25021401201","Census Tract 4012.01; Norfolk County; Massachusetts","250,000+","***",
"1400000US25021401202","Census Tract 4012.02; Norfolk County; Massachusetts","155250","106867",
"1400000US25021402101","Census Tract 4021.01; Norfolk County; Massachusetts","140972","17841",
"1400000US25021402102","Census Tract 4021.02; Norfolk County; Massachusetts","83766","8469",
"1400000US25021402200","Census Tract 4022; Norfolk County; Massachusetts","150603","36950",
"1400000US25021402300","Census Tract 4023; Norfolk County; Massachusetts","156354","24560",
"1400000US25021402400","Census Tract 4024; Norfolk County; Massachusetts","137125","35043",
"1400000US25021402500","Census Tract 4025; Norfolk County; Massachusetts","128900","42827",
"1400000US25021403100","Census Tract 4031; Norfolk County; Massachusetts","228359","39840",
"1400000US25021403300","Census Tract 4033; Norfolk County; Massachusetts","250,000+","***",
"1400000US25021403400","Census Tract 4034; Norfolk County; Massachusetts","206250","56116",
"1400000US25021403501","Census Tract 4035.01; Norfolk County; Massachusetts","129557","36050",
"1400000US25021403502","Census Tract 4035.02; Norfolk County; Massachusetts","231181","59384",
"1400000US25021404100","Census Tract 4041; Norfolk County; Massachusetts","207976","47928",
"1400000US25021404201","Census Tract 4042.01; Norfolk County; Massachusetts","250,000+","***",
"1400000US25021404202","Census Tract 4042.02; Norfolk County; Massachusetts","241875","49390",
"1400000US25021404301","Census Tract 4043.01; Norfolk County; Massachusetts","250,000+","***",
"1400000US25021404302","Census Tract 4043.02; Norfolk County; Massachusetts","171786","47827",
"1400000US25021404400","Census Tract 4044; Norfolk County; Massachusetts","250,000+","***",
"1400000US25021405100","Census Tract 4051; Norfolk County; Massachusetts","250,000+","***",
"1400000US25021406101","Census Tract 4061.01; Norfolk County; Massachusetts","189904","55310",
"1400000US25021406102","Census Tract 4061.02; Norfolk County; Massachusetts","250,000+","***",
"1400000US25021407101","Census Tract 4071.01; Norfolk County; Massachusetts","156286","10825",
"1400000US25021407102","Census Tract 4071.02; Norfolk County; Massachusetts","154310","17793",
"1400000US25021408102","Census Tract 4081.02; Norfolk County; Massachusetts","150165","16114",
"1400000US25021408103","Census Tract 4081.03; Norfolk County; Massachusetts","204015","44092",
"1400000US25021408104","Census Tract 4081.04; Norfolk County; Massachusetts","168365","34888",
"1400000US25021409101","Census Tract 4091.01; Norfolk County; Massachusetts","175577","48162",
"1400000US25021409102","Census Tract 4091.02; Norfolk County; Massachusetts","208504","17244",
"1400000US25021410100","Census Tract 4101; Norfolk County; Massachusetts","115880","31286",
"1400000US25021410300","Census Tract 4103; Norfolk County; Massachusetts","123063","11199",
"1400000US25021410400","Census Tract 4104; Norfolk County; Massachusetts","109327","8434",
"1400000US25021411101","Census Tract 4111.01; Norfolk County; Massachusetts","182656","34637",
"1400000US25021411102","Census Tract 4111.02; Norfolk County; Massachusetts","203269","34596",
"1400000US25021411200","Census Tract 4112; Norfolk County; Massachusetts","175370","29551",
"1400000US25021411301","Census Tract 4113.01; Norfolk County; Massachusetts","165197","33105",
"1400000US25021411302","Census Tract 4113.02; Norfolk County; Massachusetts","148571","22118",
"1400000US25021412100","Census Tract 4121; Norfolk County; Massachusetts","249583","22972",
"1400000US25021412200","Census Tract 4122; Norfolk County; Massachusetts","200921","58946",
"1400000US25021412300","Census Tract 4123; Norfolk County; Massachusetts","172798","30876",
"1400000US25021413100","Census Tract 4131; Norfolk County; Massachusetts","113310","17251",
"1400000US25021413201","Census Tract 4132.01; Norfolk County; Massachusetts","81140","21181",
"1400000US25021413202","Census Tract 4132.02; Norfolk County; Massachusetts","149107","19534",
"1400000US25021413300","Census Tract 4133; Norfolk County; Massachusetts","145481","34090",
"1400000US25021413401","Census Tract 4134.01; Norfolk County; Massachusetts","98508","8083",
"1400000US25021413402","Census Tract 4134.02; Norfolk County; Massachusetts","115284","24245",
"1400000US25021413500","Census Tract 4135; Norfolk County; Massachusetts","71465","16978",
"1400000US25021414100","Census Tract 4141; Norfolk County; Massachusetts","147583","42030",
"1400000US25021414200","Census Tract 4142; Norfolk County; Massachusetts","240388","35381",
"1400000US25021414300","Census Tract 4143; Norfolk County; Massachusetts","182904","16747",
"1400000US25021415101","Census Tract 4151.01; Norfolk County; Massachusetts","153194","40211",
"1400000US25021415103","Census Tract 4151.03; Norfolk County; Massachusetts","114299","9511",
"1400000US25021415104","Census Tract 4151.04; Norfolk County; Massachusetts","143342","37162",
"1400000US25021415201","Census Tract 4152.01; Norfolk County; Massachusetts","139353","46547",
"1400000US25021415202","Census Tract 4152.02; Norfolk County; Massachusetts","152267","40224",
"1400000US25021415300","Census Tract 4153; Norfolk County; Massachusetts","203068","41764",
"1400000US25021416101","Census Tract 4161.01; Norfolk County; Massachusetts","215938","72546",
"1400000US25021416102","Census Tract 4161.02; Norfolk County; Massachusetts","189929","46697",
"1400000US25021416200","Census Tract 4162; Norfolk County; Massachusetts","133056","37526",
"1400000US25021416300","Census Tract 4163; Norfolk County; Massachusetts","194957","34956",
"1400000US25021416400","Census Tract 4164; Norfolk County; Massachusetts","206304","13294",
"1400000US25021417100","Census Tract 4171; Norfolk County; Massachusetts","92320","25066",
"1400000US25021417201","Census Tract 4172.01; Norfolk County; Massachusetts","91099","14934",
"1400000US25021417202","Census Tract 4172.02; Norfolk County; Massachusetts","134135","25112",
"1400000US25021417300","Census Tract 4173; Norfolk County; Massachusetts","139594","24818",
"1400000US25021417400","Census Tract 4174; Norfolk County; Massachusetts","139886","25830",
"1400000US25021417501","Census Tract 4175.01; Norfolk County; Massachusetts","90491","40540",
"1400000US25021417502","Census Tract 4175.02; Norfolk County; Massachusetts","91984","30686",
"1400000US25021417601","Census Tract 4176.01; Norfolk County; Massachusetts","113181","18348",
"1400000US25021417602","Census Tract 4176.02; Norfolk County; Massachusetts","100443","18974",
"1400000US25021417702","Census Tract 4177.02; Norfolk County; Massachusetts","133304","11662",
"1400000US25021417703","Census Tract 4177.03; Norfolk County; Massachusetts","48381","15632",
"1400000US25021417704","Census Tract 4177.04; Norfolk County; Massachusetts","98347","16299",
"1400000US25021417801","Census Tract 4178.01; Norfolk County; Massachusetts","116763","11950",
"1400000US25021417802","Census Tract 4178.02; Norfolk County; Massachusetts","47950","8715",
"1400000US25021417901","Census Tract 4179.01; Norfolk County; Massachusetts","58392","6650",
"1400000US25021417902","Census Tract 4179.02; Norfolk County; Massachusetts","118250","14542",
"1400000US25021418002","Census Tract 4180.02; Norfolk County; Massachusetts","110216","15102",
"1400000US25021418003","Census Tract 4180.03; Norfolk County; Massachusetts","112889","14305",
"1400000US25021418004","Census Tract 4180.04; Norfolk County; Massachusetts","82271","23747",
"1400000US25021418101","Census Tract 4181.01; Norfolk County; Massachusetts","104254","24065",
"1400000US25021418102","Census Tract 4181.02; Norfolk County; Massachusetts","116250","45642",
"1400000US25021418201","Census Tract 4182.01; Norfolk County; Massachusetts","93344","18695",
"1400000US25021419100","Census Tract 4191; Norfolk County; Massachusetts","128183","24718",
"1400000US25021419200","Census Tract 4192; Norfolk County; Massachusetts","130347","37122",
"1400000US25021419300","Census Tract 4193; Norfolk County; Massachusetts","105991","17466",
"1400000US25021419400","Census Tract 4194; Norfolk County; Massachusetts","107731","40213",
"1400000US25021419500","Census Tract 4195; Norfolk County; Massachusetts","151793","47679",
"1400000US25021419601","Census Tract 4196.01; Norfolk County; Massachusetts","106237","9407",
"1400000US25021419602","Census Tract 4196.02; Norfolk County; Massachusetts","154879","31843",
"1400000US25021419700","Census Tract 4197; Norfolk County; Massachusetts","180375","33736",
"1400000US25021419800","Census Tract 4198; Norfolk County; Massachusetts","96736","23563",
"1400000US25021420101","Census Tract 4201.01; Norfolk County; Massachusetts","113878","26200",
"1400000US25021420102","Census Tract 4201.02; Norfolk County; Massachusetts","120374","10988",
"1400000US25021420201","Census Tract 4202.01; Norfolk County; Massachusetts","108268","14948",
"1400000US25021420202","Census Tract 4202.02; Norfolk County; Massachusetts","100043","29901",
"1400000US25021420301","Census Tract 4203.01; Norfolk County; Massachusetts","110254","23187",
"1400000US25021420302","Census Tract 4203.02; Norfolk County; Massachusetts","88589","27241",
"1400000US25021421100","Census Tract 4211; Norfolk County; Massachusetts","112773","25670",
"1400000US25021421200","Census Tract 4212; Norfolk County; Massachusetts","123561","23107",
"1400000US25021422100","Census Tract 4221; Norfolk County; Massachusetts","142278","55420",
"1400000US25021422201","Census Tract 4222.01; Norfolk County; Massachusetts","113056","48773",
"1400000US25021422202","Census Tract 4222.02; Norfolk County; Massachusetts","88989","13205",
"1400000US25021422301","Census Tract 4223.01; Norfolk County; Massachusetts","161972","20744",
"1400000US25021422303","Census Tract 4223.03; Norfolk County; Massachusetts","91484","9880",
"1400000US25021422304","Census Tract 4223.04; Norfolk County; Massachusetts","120929","31636",
"1400000US25021422401","Census Tract 4224.01; Norfolk County; Massachusetts","68871","33965",
"1400000US25021422402","Census Tract 4224.02; Norfolk County; Massachusetts","120799","24191",
"1400000US25021422501","Census Tract 4225.01; Norfolk County; Massachusetts","87614","24429",
"1400000US25021422502","Census Tract 4225.02; Norfolk County; Massachusetts","92995","19157",
"1400000US25021422600","Census Tract 4226; Norfolk County; Massachusetts","133988","22230",
"1400000US25021422700","Census Tract 4227; Norfolk County; Massachusetts","112292","17412",
"1400000US25021422800","Census Tract 4228; Norfolk County; Massachusetts","122050","20611",
"1400000US25021423101","Census Tract 4231.01; Norfolk County; Massachusetts","217792","72554",
"1400000US25021423102","Census Tract 4231.02; Norfolk County; Massachusetts","190441","64750",
"1400000US25021440101","Census Tract 4401.01; Norfolk County; Massachusetts","84631","26680",
"1400000US25021440102","Census Tract 4401.02; Norfolk County; Massachusetts","150714","24658",
"1400000US25021441202","Census Tract 4412.02; Norfolk County; Massachusetts","192941","21254",
"1400000US25021441203","Census Tract 4412.03; Norfolk County; Massachusetts","121221","16448",
"1400000US25021441204","Census Tract 4412.04; Norfolk County; Massachusetts","149297","30446",
"1400000US25021442101","Census Tract 4421.01; Norfolk County; Massachusetts","134427","19535",
"1400000US25021442103","Census Tract 4421.03; Norfolk County; Massachusetts","184620","34511",
"1400000US25021442104","Census Tract 4421.04; Norfolk County; Massachusetts","158672","26333",
"1400000US25021442105","Census Tract 4421.05; Norfolk County; Massachusetts","139091","48285",
"1400000US25021442201","Census Tract 4422.01; Norfolk County; Massachusetts","159439","23178",
"1400000US25021442203","Census Tract 4422.03; Norfolk County; Massachusetts","93871","25822",
"1400000US25021442204","Census Tract 4422.04; Norfolk County; Massachusetts","121522","37783",
"1400000US25021443103","Census Tract 4431.03; Norfolk County; Massachusetts","138019","23862",
"1400000US25021443104","Census Tract 4431.04; Norfolk County; Massachusetts","137917","26061",
"1400000US25021443105","Census Tract 4431.05; Norfolk County; Massachusetts","130208","18354",
"1400000US25021443106","Census Tract 4431.06; Norfolk County; Massachusetts","101921","34587",
"1400000US25021456101","Census Tract 4561.01; Norfolk County; Massachusetts","127500","29525",
"1400000US25021456102","Census Tract 4561.02; Norfolk County; Massachusetts","79894","5725",
"1400000US25021456200","Census Tract 4562; Norfolk County; Massachusetts","116239","6425",
"1400000US25021456301","Census Tract 4563.01; Norfolk County; Massachusetts","64688","27328",
"1400000US25021456302","Census Tract 4563.02; Norfolk County; Massachusetts","73011","45697",
"1400000US25021456401","Census Tract 4564.01; Norfolk County; Massachusetts","102909","23720",
"1400000US25021456402","Census Tract 4564.02; Norfolk County; Massachusetts","167744","36011",
"1400000US25021457100","Census Tract 4571; Norfolk County; Massachusetts","130625","33191",
"1400000US25021457200","Census Tract 4572; Norfolk County; Massachusetts","201167","45110",
"1400000US25021980000","Census Tract 9800; Norfolk County; Massachusetts","-","**",
"1400000US25023500101","Census Tract 5001.01; Plymouth County; Massachusetts","116101","26805",
"1400000US25023500103","Census Tract 5001.03; Plymouth County; Massachusetts","135391","39420",
"1400000US25023500104","Census Tract 5001.04; Plymouth County; Massachusetts","110149","19552",
"1400000US25023501101","Census Tract 5011.01; Plymouth County; Massachusetts","181071","58395",
"1400000US25023501102","Census Tract 5011.02; Plymouth County; Massachusetts","199257","52098",
"1400000US25023501201","Census Tract 5012.01; Plymouth County; Massachusetts","242768","69706",
"1400000US25023501203","Census Tract 5012.03; Plymouth County; Massachusetts","214792","79398",
"1400000US25023501204","Census Tract 5012.04; Plymouth County; Massachusetts","94922","44038",
"1400000US25023502101","Census Tract 5021.01; Plymouth County; Massachusetts","125997","14340",
"1400000US25023502102","Census Tract 5021.02; Plymouth County; Massachusetts","121976","24724",
"1400000US25023502200","Census Tract 5022; Plymouth County; Massachusetts","88472","11184",
"1400000US25023503101","Census Tract 5031.01; Plymouth County; Massachusetts","205804","16581",
"1400000US25023503102","Census Tract 5031.02; Plymouth County; Massachusetts","162303","33631",
"1400000US25023504101","Census Tract 5041.01; Plymouth County; Massachusetts","180369","28875",
"1400000US25023504102","Census Tract 5041.02; Plymouth County; Massachusetts","208485","25676",
"1400000US25023505102","Census Tract 5051.02; Plymouth County; Massachusetts","192863","23960",
"1400000US25023505103","Census Tract 5051.03; Plymouth County; Massachusetts","132761","26813",
"1400000US25023505104","Census Tract 5051.04; Plymouth County; Massachusetts","136743","45060",
"1400000US25023505201","Census Tract 5052.01; Plymouth County; Massachusetts","142950","33069",
"1400000US25023505202","Census Tract 5052.02; Plymouth County; Massachusetts","119938","32819",
"1400000US25023506102","Census Tract 5061.02; Plymouth County; Massachusetts","102128","19465",
"1400000US25023506103","Census Tract 5061.03; Plymouth County; Massachusetts","112083","47554",
"1400000US25023506104","Census Tract 5061.04; Plymouth County; Massachusetts","173281","40809",
"1400000US25023506202","Census Tract 5062.02; Plymouth County; Massachusetts","135000","21449",
"1400000US25023506203","Census Tract 5062.03; Plymouth County; Massachusetts","133946","30575",
"1400000US25023506205","Census Tract 5062.05; Plymouth County; Massachusetts","124773","22581",
"1400000US25023506206","Census Tract 5062.06; Plymouth County; Massachusetts","106250","35112",
"1400000US25023507101","Census Tract 5071.01; Plymouth County; Massachusetts","193413","31626",
"1400000US25023507103","Census Tract 5071.03; Plymouth County; Massachusetts","206500","18162",
"1400000US25023507104","Census Tract 5071.04; Plymouth County; Massachusetts","144552","27828",
"1400000US25023508101","Census Tract 5081.01; Plymouth County; Massachusetts","193313","52010",
"1400000US25023508102","Census Tract 5081.02; Plymouth County; Massachusetts","104826","12688",
"1400000US25023508200","Census Tract 5082; Plymouth County; Massachusetts","155345","28020",
"1400000US25023509101","Census Tract 5091.01; Plymouth County; Massachusetts","122025","44245",
"1400000US25023509102","Census Tract 5091.02; Plymouth County; Massachusetts","114844","25991",
"1400000US25023510100","Census Tract 5101; Plymouth County; Massachusetts","102303","35430",
"1400000US25023510200","Census Tract 5102; Plymouth County; Massachusetts","124556","30248",
"1400000US25023510300","Census Tract 5103; Plymouth County; Massachusetts","57190","16604",
"1400000US25023510400","Census Tract 5104; Plymouth County; Massachusetts","57639","18128",
"1400000US25023510501","Census Tract 5105.01; Plymouth County; Massachusetts","107784","35798",
"1400000US25023510503","Census Tract 5105.03; Plymouth County; Massachusetts","66000","15073",
"1400000US25023510504","Census Tract 5105.04; Plymouth County; Massachusetts","35500","18457",
"1400000US25023510505","Census Tract 5105.05; Plymouth County; Massachusetts","57938","16369",
"1400000US25023510600","Census Tract 5106; Plymouth County; Massachusetts","162083","44902",
"1400000US25023510700","Census Tract 5107; Plymouth County; Massachusetts","95395","36834",
"1400000US25023510800","Census Tract 5108; Plymouth County; Massachusetts","75099","14889",
"1400000US25023510900","Census Tract 5109; Plymouth County; Massachusetts","26109","11581",
"1400000US25023511000","Census Tract 5110; Plymouth County; Massachusetts","72846","28612",
"1400000US25023511100","Census Tract 5111; Plymouth County; Massachusetts","102042","19725",
"1400000US25023511200","Census Tract 5112; Plymouth County; Massachusetts","75437","14304",
"1400000US25023511301","Census Tract 5113.01; Plymouth County; Massachusetts","65333","26601",
"1400000US25023511302","Census Tract 5113.02; Plymouth County; Massachusetts","103021","46531",
"1400000US25023511400","Census Tract 5114; Plymouth County; Massachusetts","78077","12296",
"1400000US25023511500","Census Tract 5115; Plymouth County; Massachusetts","86513","23552",
"1400000US25023511601","Census Tract 5116.01; Plymouth County; Massachusetts","81157","20916",
"1400000US25023511602","Census Tract 5116.02; Plymouth County; Massachusetts","59497","33636",
"1400000US25023511701","Census Tract 5117.01; Plymouth County; Massachusetts","122860","8373",
"1400000US25023511702","Census Tract 5117.02; Plymouth County; Massachusetts","120660","18361",
"1400000US25023520100","Census Tract 5201; Plymouth County; Massachusetts","128064","13199",
"1400000US25023520201","Census Tract 5202.01; Plymouth County; Massachusetts","109435","20340",
"1400000US25023520202","Census Tract 5202.02; Plymouth County; Massachusetts","130539","22934",
"1400000US25023521101","Census Tract 5211.01; Plymouth County; Massachusetts","112083","20678",
"1400000US25023521102","Census Tract 5211.02; Plymouth County; Massachusetts","94922","41446",
"1400000US25023521201","Census Tract 5212.01; Plymouth County; Massachusetts","99405","33007",
"1400000US25023521202","Census Tract 5212.02; Plymouth County; Massachusetts","122083","30723",
"1400000US25023522101","Census Tract 5221.01; Plymouth County; Massachusetts","130929","16320",
"1400000US25023522102","Census Tract 5221.02; Plymouth County; Massachusetts","140208","29456",
"1400000US25023523100","Census Tract 5231; Plymouth County; Massachusetts","132600","17167",
"1400000US25023523201","Census Tract 5232.01; Plymouth County; Massachusetts","115938","24835",
"1400000US25023523203","Census Tract 5232.03; Plymouth County; Massachusetts","183016","43947",
"1400000US25023523204","Census Tract 5232.04; Plymouth County; Massachusetts","119135","30336",
"1400000US25023524101","Census Tract 5241.01; Plymouth County; Massachusetts","132171","37170",
"1400000US25023524102","Census Tract 5241.02; Plymouth County; Massachusetts","119375","29527",
"1400000US25023525101","Census Tract 5251.01; Plymouth County; Massachusetts","95188","10037",
"1400000US25023525104","Census Tract 5251.04; Plymouth County; Massachusetts","148386","12096",
"1400000US25023525204","Census Tract 5252.04; Plymouth County; Massachusetts","163125","34240",
"1400000US25023526100","Census Tract 5261; Plymouth County; Massachusetts","118556","11466",
"1400000US25023530100","Census Tract 5301; Plymouth County; Massachusetts","95750","33757",
"1400000US25023530200","Census Tract 5302; Plymouth County; Massachusetts","80745","18666",
"1400000US25023530300","Census Tract 5303; Plymouth County; Massachusetts","77163","20398",
"1400000US25023530400","Census Tract 5304; Plymouth County; Massachusetts","135114","31075",
"1400000US25023530500","Census Tract 5305; Plymouth County; Massachusetts","100038","25950",
"1400000US25023530600","Census Tract 5306; Plymouth County; Massachusetts","132024","8383",
"1400000US25023530700","Census Tract 5307; Plymouth County; Massachusetts","115755","10938",
"1400000US25023530801","Census Tract 5308.01; Plymouth County; Massachusetts","138750","8886",
"1400000US25023530802","Census Tract 5308.02; Plymouth County; Massachusetts","129473","12858",
"1400000US25023530902","Census Tract 5309.02; Plymouth County; Massachusetts","125425","16056",
"1400000US25023530903","Census Tract 5309.03; Plymouth County; Massachusetts","130625","25231",
"1400000US25023530904","Census Tract 5309.04; Plymouth County; Massachusetts","132083","31605",
"1400000US25023540101","Census Tract 5401.01; Plymouth County; Massachusetts","107500","23809",
"1400000US25023540102","Census Tract 5401.02; Plymouth County; Massachusetts","119141","29130",
"1400000US25023540103","Census Tract 5401.03; Plymouth County; Massachusetts","171140","21588",
"1400000US25023541100","Census Tract 5411; Plymouth County; Massachusetts","120273","11939",
"1400000US25023542101","Census Tract 5421.01; Plymouth County; Massachusetts","99256","11465",
"1400000US25023542102","Census Tract 5421.02; Plymouth County; Massachusetts","104567","15901",
"1400000US25023542200","Census Tract 5422; Plymouth County; Massachusetts","93431","10583",
"1400000US25023542301","Census Tract 5423.01; Plymouth County; Massachusetts","116577","25116",
"1400000US25023542302","Census Tract 5423.02; Plymouth County; Massachusetts","78301","11917",
"1400000US25023543100","Census Tract 5431; Plymouth County; Massachusetts","126736","19810",
"1400000US25023544100","Census Tract 5441; Plymouth County; Massachusetts","101295","17825",
"1400000US25023544200","Census Tract 5442; Plymouth County; Massachusetts","70660","15275",
"1400000US25023545100","Census Tract 5451; Plymouth County; Massachusetts","70511","17880",
"1400000US25023545200","Census Tract 5452; Plymouth County; Massachusetts","104653","27969",
"1400000US25023545300","Census Tract 5453; Plymouth County; Massachusetts","82802","18566",
"1400000US25023545400","Census Tract 5454; Plymouth County; Massachusetts","97210","14485",
"1400000US25023560100","Census Tract 5601; Plymouth County; Massachusetts","130241","23502",
"1400000US25023561100","Census Tract 5611; Plymouth County; Massachusetts","143092","30325",
"1400000US25023561400","Census Tract 5614; Plymouth County; Massachusetts","77697","27066",
"1400000US25023980200","Census Tract 9802; Plymouth County; Massachusetts","82841","55522",
"1400000US25023980300","Census Tract 9803; Plymouth County; Massachusetts","-","**",
"1400000US25023990003","Census Tract 9900.03; Plymouth County; Massachusetts","-","**",
"1400000US25025000101","Census Tract 1.01; Suffolk County; Massachusetts","165469","20983",
"1400000US25025000102","Census Tract 1.02; Suffolk County; Massachusetts","86875","23338",
"1400000US25025000201","Census Tract 2.01; Suffolk County; Massachusetts","123525","38493",
"1400000US25025000202","Census Tract 2.02; Suffolk County; Massachusetts","72098","35729",
"1400000US25025000301","Census Tract 3.01; Suffolk County; Massachusetts","132900","22829",
"1400000US25025000302","Census Tract 3.02; Suffolk County; Massachusetts","135188","35587",
"1400000US25025000401","Census Tract 4.01; Suffolk County; Massachusetts","77716","14415",
"1400000US25025000402","Census Tract 4.02; Suffolk County; Massachusetts","108235","25199",
"1400000US25025000502","Census Tract 5.02; Suffolk County; Massachusetts","75536","18038",
"1400000US25025000503","Census Tract 5.03; Suffolk County; Massachusetts","91047","11125",
"1400000US25025000505","Census Tract 5.05; Suffolk County; Massachusetts","84417","15408",
"1400000US25025000506","Census Tract 5.06; Suffolk County; Massachusetts","78221","27409",
"1400000US25025000601","Census Tract 6.01; Suffolk County; Massachusetts","106573","14439",
"1400000US25025000603","Census Tract 6.03; Suffolk County; Massachusetts","44688","31357",
"1400000US25025000604","Census Tract 6.04; Suffolk County; Massachusetts","51641","24933",
"1400000US25025000701","Census Tract 7.01; Suffolk County; Massachusetts","99679","20642",
"1400000US25025000703","Census Tract 7.03; Suffolk County; Massachusetts","43516","9999",
"1400000US25025000704","Census Tract 7.04; Suffolk County; Massachusetts","74948","16562",
"1400000US25025000804","Census Tract 8.04; Suffolk County; Massachusetts","98239","31837",
"1400000US25025000805","Census Tract 8.05; Suffolk County; Massachusetts","70020","26890",
"1400000US25025000806","Census Tract 8.06; Suffolk County; Massachusetts","90139","34030",
"1400000US25025000807","Census Tract 8.07; Suffolk County; Massachusetts","-","**",
"1400000US25025010103","Census Tract 101.03; Suffolk County; Massachusetts","-","**",
"1400000US25025010104","Census Tract 101.04; Suffolk County; Massachusetts","81875","25475",
"1400000US25025010204","Census Tract 102.04; Suffolk County; Massachusetts","41745","19571",
"1400000US25025010205","Census Tract 102.05; Suffolk County; Massachusetts","78008","40147",
"1400000US25025010206","Census Tract 102.06; Suffolk County; Massachusetts","81875","47133",
"1400000US25025010300","Census Tract 103; Suffolk County; Massachusetts","71328","12895",
"1400000US25025010403","Census Tract 104.03; Suffolk County; Massachusetts","44508","10610",
"1400000US25025010404","Census Tract 104.04; Suffolk County; Massachusetts","28958","11288",
"1400000US25025010405","Census Tract 104.05; Suffolk County; Massachusetts","28125","22962",
"1400000US25025010408","Census Tract 104.08; Suffolk County; Massachusetts","83417","12004",
"1400000US25025010500","Census Tract 105; Suffolk County; Massachusetts","56931","4061",
"1400000US25025010600","Census Tract 106; Suffolk County; Massachusetts","118710","34360",
"1400000US25025010701","Census Tract 107.01; Suffolk County; Massachusetts","151190","23931",
"1400000US25025010702","Census Tract 107.02; Suffolk County; Massachusetts","191406","83040",
"1400000US25025010801","Census Tract 108.01; Suffolk County; Massachusetts","135375","60469",
"1400000US25025010802","Census Tract 108.02; Suffolk County; Massachusetts","153618","35878",
"1400000US25025020101","Census Tract 201.01; Suffolk County; Massachusetts","230543","31106",
"1400000US25025020200","Census Tract 202; Suffolk County; Massachusetts","113618","24729",
"1400000US25025020301","Census Tract 203.01; Suffolk County; Massachusetts","133333","68638",
"1400000US25025020302","Census Tract 203.02; Suffolk County; Massachusetts","136944","48545",
"1400000US25025020304","Census Tract 203.04; Suffolk County; Massachusetts","153547","29415",
"1400000US25025020305","Census Tract 203.05; Suffolk County; Massachusetts","144591","28488",
"1400000US25025030100","Census Tract 301; Suffolk County; Massachusetts","95956","24151",
"1400000US25025030200","Census Tract 302; Suffolk County; Massachusetts","118750","8500",
"1400000US25025030301","Census Tract 303.01; Suffolk County; Massachusetts","137190","62669",
"1400000US25025030302","Census Tract 303.02; Suffolk County; Massachusetts","148542","32682",
"1400000US25025030400","Census Tract 304; Suffolk County; Massachusetts","115221","20468",
"1400000US25025030500","Census Tract 305; Suffolk County; Massachusetts","126786","19835",
"1400000US25025040100","Census Tract 401; Suffolk County; Massachusetts","202167","36774",
"1400000US25025040200","Census Tract 402; Suffolk County; Massachusetts","85438","59304",
"1400000US25025040300","Census Tract 403; Suffolk County; Massachusetts","208319","49898",
"1400000US25025040401","Census Tract 404.01; Suffolk County; Massachusetts","168883","45719",
"1400000US25025040600","Census Tract 406; Suffolk County; Massachusetts","142941","28710",
"1400000US25025040801","Census Tract 408.01; Suffolk County; Massachusetts","105580","36628",
"1400000US25025050101","Census Tract 501.01; Suffolk County; Massachusetts","50625","50120",
"1400000US25025050200","Census Tract 502; Suffolk County; Massachusetts","100636","14375",
"1400000US25025050300","Census Tract 503; Suffolk County; Massachusetts","67129","16030",
"1400000US25025050400","Census Tract 504; Suffolk County; Massachusetts","74023","13338",
"1400000US25025050500","Census Tract 505; Suffolk County; Massachusetts","103571","21397",
"1400000US25025050600","Census Tract 506; Suffolk County; Massachusetts","79981","21751",
"1400000US25025050700","Census Tract 507; Suffolk County; Massachusetts","83803","16428",
"1400000US25025050901","Census Tract 509.01; Suffolk County; Massachusetts","118167","48209",
"1400000US25025051000","Census Tract 510; Suffolk County; Massachusetts","110344","33444",
"1400000US25025051101","Census Tract 511.01; Suffolk County; Massachusetts","74390","25580",
"1400000US25025051200","Census Tract 512; Suffolk County; Massachusetts","149543","45147",
"1400000US25025060101","Census Tract 601.01; Suffolk County; Massachusetts","170054","34464",
"1400000US25025060200","Census Tract 602; Suffolk County; Massachusetts","182667","36614",
"1400000US25025060301","Census Tract 603.01; Suffolk County; Massachusetts","161750","51647",
"1400000US25025060400","Census Tract 604; Suffolk County; Massachusetts","207368","34444",
"1400000US25025060501","Census Tract 605.01; Suffolk County; Massachusetts","191469","32521",
"1400000US25025060601","Census Tract 606.01; Suffolk County; Massachusetts","190833","77567",
"1400000US25025060602","Census Tract 606.02; Suffolk County; Massachusetts","143382","61532",
"1400000US25025060603","Census Tract 606.03; Suffolk County; Massachusetts","176198","41402",
"1400000US25025060604","Census Tract 606.04; Suffolk County; Massachusetts","183313","31235",
"1400000US25025060700","Census Tract 607; Suffolk County; Massachusetts","23581","883",
"1400000US25025060800","Census Tract 608; Suffolk County; Massachusetts","177739","31078",
"1400000US25025061000","Census Tract 610; Suffolk County; Massachusetts","131923","80760",
"1400000US25025061101","Census Tract 611.01; Suffolk County; Massachusetts","27474","10909",
"1400000US25025061201","Census Tract 612.01; Suffolk County; Massachusetts","128125","67199",
"1400000US25025061202","Census Tract 612.02; Suffolk County; Massachusetts","-","**",
"1400000US25025061203","Census Tract 612.03; Suffolk County; Massachusetts","250,000+","***",
"1400000US25025061204","Census Tract 612.04; Suffolk County; Massachusetts","171365","5305",
"1400000US25025070102","Census Tract 701.02; Suffolk County; Massachusetts","123454","22075",
"1400000US25025070103","Census Tract 701.03; Suffolk County; Massachusetts","83750","31947",
"1400000US25025070104","Census Tract 701.04; Suffolk County; Massachusetts","235950","67684",
"1400000US25025070201","Census Tract 702.01; Suffolk County; Massachusetts","39178","11279",
"1400000US25025070202","Census Tract 702.02; Suffolk County; Massachusetts","43780","17810",
"1400000US25025070301","Census Tract 703.01; Suffolk County; Massachusetts","191346","72279",
"1400000US25025070302","Census Tract 703.02; Suffolk County; Massachusetts","121917","35994",
"1400000US25025070402","Census Tract 704.02; Suffolk County; Massachusetts","78625","27258",
"1400000US25025070501","Census Tract 705.01; Suffolk County; Massachusetts","225000","41786",
"1400000US25025070502","Census Tract 705.02; Suffolk County; Massachusetts","71736","68533",
"1400000US25025070600","Census Tract 706; Suffolk County; Massachusetts","243229","17771",
"1400000US25025070700","Census Tract 707; Suffolk County; Massachusetts","128570","51166",
"1400000US25025070801","Census Tract 708.01; Suffolk County; Massachusetts","46525","5424",
"1400000US25025070802","Census Tract 708.02; Suffolk County; Massachusetts","98250","31023",
"1400000US25025070901","Census Tract 709.01; Suffolk County; Massachusetts","39583","18823",
"1400000US25025070902","Census Tract 709.02; Suffolk County; Massachusetts","164289","67308",
"1400000US25025071101","Census Tract 711.01; Suffolk County; Massachusetts","101204","37288",
"1400000US25025071201","Census Tract 712.01; Suffolk County; Massachusetts","112222","27651",
"1400000US25025080100","Census Tract 801; Suffolk County; Massachusetts","73400","24294",
"1400000US25025080300","Census Tract 803; Suffolk County; Massachusetts","45962","19791",
"1400000US25025080401","Census Tract 804.01; Suffolk County; Massachusetts","29375","13912",
"1400000US25025080500","Census Tract 805; Suffolk County; Massachusetts","49375","12629",
"1400000US25025080601","Census Tract 806.01; Suffolk County; Massachusetts","21250","13559",
"1400000US25025080801","Census Tract 808.01; Suffolk County; Massachusetts","34773","30267",
"1400000US25025080900","Census Tract 809; Suffolk County; Massachusetts","74964","16937",
"1400000US25025081001","Census Tract 810.01; Suffolk County; Massachusetts","44360","15268",
"1400000US25025081101","Census Tract 811.01; Suffolk County; Massachusetts","85531","10251",
"1400000US25025081102","Census Tract 811.02; Suffolk County; Massachusetts","120092","52687",
"1400000US25025081200","Census Tract 812; Suffolk County; Massachusetts","48490","25079",
"1400000US25025081301","Census Tract 813.01; Suffolk County; Massachusetts","34346","8708",
"1400000US25025081302","Census Tract 813.02; Suffolk County; Massachusetts","32441","7517",
"1400000US25025081400","Census Tract 814; Suffolk County; Massachusetts","81447","44275",
"1400000US25025081500","Census Tract 815; Suffolk County; Massachusetts","72365","10222",
"1400000US25025081700","Census Tract 817; Suffolk County; Massachusetts","33892","18012",
"1400000US25025081800","Census Tract 818; Suffolk County; Massachusetts","70956","31792",
"1400000US25025081900","Census Tract 819; Suffolk County; Massachusetts","71767","39666",
"1400000US25025082000","Census Tract 820; Suffolk County; Massachusetts","58365","31519",
"1400000US25025082100","Census Tract 821; Suffolk County; Massachusetts","29719","9250",
"1400000US25025090100","Census Tract 901; Suffolk County; Massachusetts","32451","7425",
"1400000US25025090200","Census Tract 902; Suffolk County; Massachusetts","45575","12713",
"1400000US25025090300","Census Tract 903; Suffolk County; Massachusetts","55098","9595",
"1400000US25025090400","Census Tract 904; Suffolk County; Massachusetts","73263","20850",
"1400000US25025090600","Census Tract 906; Suffolk County; Massachusetts","64432","20731",
"1400000US25025090700","Census Tract 907; Suffolk County; Massachusetts","121053","54647",
"1400000US25025090901","Census Tract 909.01; Suffolk County; Massachusetts","58716","10585",
"1400000US25025091001","Census Tract 910.01; Suffolk County; Massachusetts","103676","24252",
"1400000US25025091100","Census Tract 911; Suffolk County; Massachusetts","133200","30652",
"1400000US25025091200","Census Tract 912; Suffolk County; Massachusetts","72270","28973",
"1400000US25025091300","Census Tract 913; Suffolk County; Massachusetts","67333","28116",
"1400000US25025091400","Census Tract 914; Suffolk County; Massachusetts","65093","26010",
"1400000US25025091500","Census Tract 915; Suffolk County; Massachusetts","66875","24169",
"1400000US25025091600","Census Tract 916; Suffolk County; Massachusetts","51029","30773",
"1400000US25025091700","Census Tract 917; Suffolk County; Massachusetts","74892","27995",
"1400000US25025091800","Census Tract 918; Suffolk County; Massachusetts","72597","25460",
"1400000US25025091900","Census Tract 919; Suffolk County; Massachusetts","81932","27960",
"1400000US25025092000","Census Tract 920; Suffolk County; Massachusetts","60090","15933",
"1400000US25025092101","Census Tract 921.01; Suffolk County; Massachusetts","66210","13392",
"1400000US25025092200","Census Tract 922; Suffolk County; Massachusetts","116818","36784",
"1400000US25025092300","Census Tract 923; Suffolk County; Massachusetts","58321","29958",
"1400000US25025092400","Census Tract 924; Suffolk County; Massachusetts","50758","25991",
"1400000US25025100100","Census Tract 1001; Suffolk County; Massachusetts","35179","16782",
"1400000US25025100200","Census Tract 1002; Suffolk County; Massachusetts","81004","18737",
"1400000US25025100300","Census Tract 1003; Suffolk County; Massachusetts","82176","11739",
"1400000US25025100400","Census Tract 1004; Suffolk County; Massachusetts","122347","27487",
"1400000US25025100500","Census Tract 1005; Suffolk County; Massachusetts","68858","44255",
"1400000US25025100601","Census Tract 1006.01; Suffolk County; Massachusetts","116907","16845",
"1400000US25025100603","Census Tract 1006.03; Suffolk County; Massachusetts","144177","28281",
"1400000US25025100700","Census Tract 1007; Suffolk County; Massachusetts","121122","20389",
"1400000US25025100800","Census Tract 1008; Suffolk County; Massachusetts","78533","34526",
"1400000US25025100900","Census Tract 1009; Suffolk County; Massachusetts","116250","16062",
"1400000US25025101001","Census Tract 1010.01; Suffolk County; Massachusetts","84583","35554",
"1400000US25025101002","Census Tract 1010.02; Suffolk County; Massachusetts","50104","6112",
"1400000US25025101101","Census Tract 1011.01; Suffolk County; Massachusetts","93750","49433",
"1400000US25025101102","Census Tract 1011.02; Suffolk County; Massachusetts","48889","9306",
"1400000US25025110104","Census Tract 1101.04; Suffolk County; Massachusetts","69675","27365",
"1400000US25025110105","Census Tract 1101.05; Suffolk County; Massachusetts","145647","51045",
"1400000US25025110106","Census Tract 1101.06; Suffolk County; Massachusetts","92083","91728",
"1400000US25025110201","Census Tract 1102.01; Suffolk County; Massachusetts","66607","24744",
"1400000US25025110301","Census Tract 1103.01; Suffolk County; Massachusetts","116858","13697",
"1400000US25025110401","Census Tract 1104.01; Suffolk County; Massachusetts","110904","15360",
"1400000US25025110403","Census Tract 1104.03; Suffolk County; Massachusetts","132069","25076",
"1400000US25025110501","Census Tract 1105.01; Suffolk County; Massachusetts","138125","33569",
"1400000US25025110502","Census Tract 1105.02; Suffolk County; Massachusetts","127788","32412",
"1400000US25025110601","Census Tract 1106.01; Suffolk County; Massachusetts","159397","15364",
"1400000US25025110607","Census Tract 1106.07; Suffolk County; Massachusetts","135481","20273",
"1400000US25025120103","Census Tract 1201.03; Suffolk County; Massachusetts","250,000+","***",
"1400000US25025120104","Census Tract 1201.04; Suffolk County; Massachusetts","131591","14802",
"1400000US25025120105","Census Tract 1201.05; Suffolk County; Massachusetts","198250","23961",
"1400000US25025120201","Census Tract 1202.01; Suffolk County; Massachusetts","105701","22200",
"1400000US25025120301","Census Tract 1203.01; Suffolk County; Massachusetts","129440","21627",
"1400000US25025120400","Census Tract 1204; Suffolk County; Massachusetts","179289","24702",
"1400000US25025120500","Census Tract 1205; Suffolk County; Massachusetts","185667","61575",
"1400000US25025120600","Census Tract 1206; Suffolk County; Massachusetts","152727","32397",
"1400000US25025120700","Census Tract 1207; Suffolk County; Massachusetts","161818","49967",
"1400000US25025130101","Census Tract 1301.01; Suffolk County; Massachusetts","141642","35582",
"1400000US25025130200","Census Tract 1302; Suffolk County; Massachusetts","151089","37527",
"1400000US25025130300","Census Tract 1303; Suffolk County; Massachusetts","187121","24358",
"1400000US25025130402","Census Tract 1304.02; Suffolk County; Massachusetts","108547","29912",
"1400000US25025130404","Census Tract 1304.04; Suffolk County; Massachusetts","95795","25112",
"1400000US25025130406","Census Tract 1304.06; Suffolk County; Massachusetts","46033","39081",
"1400000US25025140102","Census Tract 1401.02; Suffolk County; Massachusetts","130498","9761",
"1400000US25025140105","Census Tract 1401.05; Suffolk County; Massachusetts","89676","27683",
"1400000US25025140106","Census Tract 1401.06; Suffolk County; Massachusetts","69135","22309",
"1400000US25025140107","Census Tract 1401.07; Suffolk County; Massachusetts","107000","18989",
"1400000US25025140201","Census Tract 1402.01; Suffolk County; Massachusetts","112656","21821",
"1400000US25025140202","Census Tract 1402.02; Suffolk County; Massachusetts","109539","21625",
"1400000US25025140300","Census Tract 1403; Suffolk County; Massachusetts","80245","17958",
"1400000US25025140400","Census Tract 1404; Suffolk County; Massachusetts","110794","17633",
"1400000US25025160102","Census Tract 1601.02; Suffolk County; Massachusetts","78664","38911",
"1400000US25025160103","Census Tract 1601.03; Suffolk County; Massachusetts","75169","26927",
"1400000US25025160200","Census Tract 1602; Suffolk County; Massachusetts","76067","5304",
"1400000US25025160300","Census Tract 1603; Suffolk County; Massachusetts","77750","30294",
"1400000US25025160400","Census Tract 1604; Suffolk County; Massachusetts","72711","13912",
"1400000US25025160501","Census Tract 1605.01; Suffolk County; Massachusetts","53168","21018",
"1400000US25025160502","Census Tract 1605.02; Suffolk County; Massachusetts","64167","12338",
"1400000US25025160601","Census Tract 1606.01; Suffolk County; Massachusetts","100917","28576",
"1400000US25025160602","Census Tract 1606.02; Suffolk County; Massachusetts","70800","25525",
"1400000US25025170101","Census Tract 1701.01; Suffolk County; Massachusetts","97596","36548",
"1400000US25025170102","Census Tract 1701.02; Suffolk County; Massachusetts","118077","38938",
"1400000US25025170200","Census Tract 1702; Suffolk County; Massachusetts","54524","11453",
"1400000US25025170301","Census Tract 1703.01; Suffolk County; Massachusetts","108438","25974",
"1400000US25025170302","Census Tract 1703.02; Suffolk County; Massachusetts","110671","36152",
"1400000US25025170400","Census Tract 1704; Suffolk County; Massachusetts","72674","20167",
"1400000US25025170502","Census Tract 1705.02; Suffolk County; Massachusetts","74967","21773",
"1400000US25025170503","Census Tract 1705.03; Suffolk County; Massachusetts","62188","34740",
"1400000US25025170504","Census Tract 1705.04; Suffolk County; Massachusetts","119559","41432",
"1400000US25025170601","Census Tract 1706.01; Suffolk County; Massachusetts","97793","27132",
"1400000US25025170701","Census Tract 1707.01; Suffolk County; Massachusetts","80101","34540",
"1400000US25025170702","Census Tract 1707.02; Suffolk County; Massachusetts","76485","11169",
"1400000US25025170800","Census Tract 1708; Suffolk County; Massachusetts","73074","12423",
"1400000US25025180101","Census Tract 1801.01; Suffolk County; Massachusetts","107629","21456",
"1400000US25025180200","Census Tract 1802; Suffolk County; Massachusetts","99861","23820",
"1400000US25025180301","Census Tract 1803.01; Suffolk County; Massachusetts","155278","31285",
"1400000US25025180400","Census Tract 1804; Suffolk County; Massachusetts","119531","33336",
"1400000US25025180500","Census Tract 1805; Suffolk County; Massachusetts","115625","25927",
"1400000US25025980101","Census Tract 9801.01; Suffolk County; Massachusetts","-","**",
"1400000US25025980300","Census Tract 9803; Suffolk County; Massachusetts","-","**",
"1400000US25025980700","Census Tract 9807; Suffolk County; Massachusetts","-","**",
"1400000US25025980900","Census Tract 9809; Suffolk County; Massachusetts","-","**",
"1400000US25025981000","Census Tract 9810; Suffolk County; Massachusetts","-","**",
"1400000US25025981100","Census Tract 9811; Suffolk County; Massachusetts","-","**",
"1400000US25025981201","Census Tract 9812.01; Suffolk County; Massachusetts","-","**",
"1400000US25025981202","Census Tract 9812.02; Suffolk County; Massachusetts","-","**",
"1400000US25025981300","Census Tract 9813; Suffolk County; Massachusetts","250,000+","***",
"1400000US25025981501","Census Tract 9815.01; Suffolk County; Massachusetts","-","**",
"1400000US25025981502","Census Tract 9815.02; Suffolk County; Massachusetts","-","**",
"1400000US25025981600","Census Tract 9816; Suffolk County; Massachusetts","-","**",
"1400000US25025981700","Census Tract 9817; Suffolk County; Massachusetts","-","**",
"1400000US25025981800","Census Tract 9818; Suffolk County; Massachusetts","-","**",
"1400000US25025981900","Census Tract 9819; Suffolk County; Massachusetts","-","**",
"1400000US25025990101","Census Tract 9901.01; Suffolk County; Massachusetts","-","**",
"1400000US25027700100","Census Tract 7001; Worcester County; Massachusetts","118809","11330",
"1400000US25027701101","Census Tract 7011.01; Worcester County; Massachusetts","104507","26089",
"1400000US25027701102","Census Tract 7011.02; Worcester County; Massachusetts","64107","18578",
"1400000US25027702201","Census Tract 7022.01; Worcester County; Massachusetts","102109","7690",
"1400000US25027702202","Census Tract 7022.02; Worcester County; Massachusetts","71014","15940",
"1400000US25027703100","Census Tract 7031; Worcester County; Massachusetts","64413","7218",
"1400000US25027703200","Census Tract 7032; Worcester County; Massachusetts","77083","14522",
"1400000US25027703300","Census Tract 7033; Worcester County; Massachusetts","82589","32909",
"1400000US25027704201","Census Tract 7042.01; Worcester County; Massachusetts","94692","13697",
"1400000US25027704202","Census Tract 7042.02; Worcester County; Massachusetts","110750","20440",
"1400000US25027705101","Census Tract 7051.01; Worcester County; Massachusetts","117629","16849",
"1400000US25027705102","Census Tract 7051.02; Worcester County; Massachusetts","78170","31807",
"1400000US25027706100","Census Tract 7061; Worcester County; Massachusetts","123500","23524",
"1400000US25027707100","Census Tract 7071; Worcester County; Massachusetts","70484","21395",
"1400000US25027707200","Census Tract 7072; Worcester County; Massachusetts","60741","24678",
"1400000US25027707300","Census Tract 7073; Worcester County; Massachusetts","47167","11344",
"1400000US25027707400","Census Tract 7074; Worcester County; Massachusetts","73952","6202",
"1400000US25027707500","Census Tract 7075; Worcester County; Massachusetts","75583","41759",
"1400000US25027708100","Census Tract 7081; Worcester County; Massachusetts","106331","21852",
"1400000US25027709100","Census Tract 7091; Worcester County; Massachusetts","94271","13453",
"1400000US25027709201","Census Tract 7092.01; Worcester County; Massachusetts","91923","32124",
"1400000US25027709203","Census Tract 7092.03; Worcester County; Massachusetts","57448","12502",
"1400000US25027709204","Census Tract 7092.04; Worcester County; Massachusetts","98170","13071",
"1400000US25027709400","Census Tract 7094; Worcester County; Massachusetts","61266","11204",
"1400000US25027709501","Census Tract 7095.01; Worcester County; Massachusetts","151938","25847",
"1400000US25027709502","Census Tract 7095.02; Worcester County; Massachusetts","90592","35106",
"1400000US25027709600","Census Tract 7096; Worcester County; Massachusetts","72824","15452",
"1400000US25027709701","Census Tract 7097.01; Worcester County; Massachusetts","89315","12504",
"1400000US25027709702","Census Tract 7097.02; Worcester County; Massachusetts","79289","11616",
"1400000US25027710100","Census Tract 7101; Worcester County; Massachusetts","86397","8405",
"1400000US25027710200","Census Tract 7102; Worcester County; Massachusetts","96050","30862",
"1400000US25027710300","Census Tract 7103; Worcester County; Massachusetts","99216","24318",
"1400000US25027710400","Census Tract 7104; Worcester County; Massachusetts","87800","42213",
"1400000US25027710500","Census Tract 7105; Worcester County; Massachusetts","56563","17392",
"1400000US25027710601","Census Tract 7106.01; Worcester County; Massachusetts","68048","26062",
"1400000US25027710602","Census Tract 7106.02; Worcester County; Massachusetts","52857","22368",
"1400000US25027710700","Census Tract 7107; Worcester County; Massachusetts","23661","10967",
"1400000US25027710800","Census Tract 7108; Worcester County; Massachusetts","68472","24954",
"1400000US25027711000","Census Tract 7110; Worcester County; Massachusetts","64880","15069",
"1400000US25027711100","Census Tract 7111; Worcester County; Massachusetts","100243","21701",
"1400000US25027712101","Census Tract 7121.01; Worcester County; Massachusetts","104236","9110",
"1400000US25027712102","Census Tract 7121.02; Worcester County; Massachusetts","149063","14663",
"1400000US25027713100","Census Tract 7131; Worcester County; Massachusetts","134833","27224",
"1400000US25027715100","Census Tract 7151; Worcester County; Massachusetts","205449","30733",
"1400000US25027716101","Census Tract 7161.01; Worcester County; Massachusetts","98235","37678",
"1400000US25027716102","Census Tract 7161.02; Worcester County; Massachusetts","101419","11729",
"1400000US25027716200","Census Tract 7162; Worcester County; Massachusetts","79095","11379",
"1400000US25027716300","Census Tract 7163; Worcester County; Massachusetts","78636","9862",
"1400000US25027717100","Census Tract 7171; Worcester County; Massachusetts","121336","12039",
"1400000US25027718100","Census Tract 7181; Worcester County; Massachusetts","140962","28329",
"1400000US25027719100","Census Tract 7191; Worcester County; Massachusetts","129063","26765",
"1400000US25027720100","Census Tract 7201; Worcester County; Massachusetts","158750","46102",
"1400000US25027721101","Census Tract 7211.01; Worcester County; Massachusetts","102000","20083",
"1400000US25027721103","Census Tract 7211.03; Worcester County; Massachusetts","186731","32418",
"1400000US25027721104","Census Tract 7211.04; Worcester County; Massachusetts","89264","21669",
"1400000US25027722100","Census Tract 7221; Worcester County; Massachusetts","107727","12819",
"1400000US25027723100","Census Tract 7231; Worcester County; Massachusetts","86554","12397",
"1400000US25027724100","Census Tract 7241; Worcester County; Massachusetts","95613","11952",
"1400000US25027725100","Census Tract 7251; Worcester County; Massachusetts","79285","10660",
"1400000US25027726100","Census Tract 7261; Worcester County; Massachusetts","107292","20413",
"1400000US25027726200","Census Tract 7262; Worcester County; Massachusetts","59931","17393",
"1400000US25027727100","Census Tract 7271; Worcester County; Massachusetts","134083","8023",
"1400000US25027728100","Census Tract 7281; Worcester County; Massachusetts","167841","39403",
"1400000US25027728200","Census Tract 7282; Worcester County; Massachusetts","131607","26589",
"1400000US25027728300","Census Tract 7283; Worcester County; Massachusetts","148698","25979",
"1400000US25027728400","Census Tract 7284; Worcester County; Massachusetts","133125","20994",
"1400000US25027729100","Census Tract 7291; Worcester County; Massachusetts","106591","18387",
"1400000US25027729200","Census Tract 7292; Worcester County; Massachusetts","103359","17112",
"1400000US25027730100","Census Tract 7301; Worcester County; Massachusetts","135760","12090",
"1400000US25027730200","Census Tract 7302; Worcester County; Massachusetts","84407","8430",
"1400000US25027730300","Census Tract 7303; Worcester County; Massachusetts","105571","32129",
"1400000US25027730401","Census Tract 7304.01; Worcester County; Massachusetts","54632","7878",
"1400000US25027730402","Census Tract 7304.02; Worcester County; Massachusetts","71066","6283",
"1400000US25027730500","Census Tract 7305; Worcester County; Massachusetts","81949","15924",
"1400000US25027730600","Census Tract 7306; Worcester County; Massachusetts","112206","25340",
"1400000US25027730700","Census Tract 7307; Worcester County; Massachusetts","118839","28084",
"1400000US25027730801","Census Tract 7308.01; Worcester County; Massachusetts","139632","27811",
"1400000US25027730802","Census Tract 7308.02; Worcester County; Massachusetts","128452","28408",
"1400000US25027730901","Census Tract 7309.01; Worcester County; Massachusetts","102019","12838",
"1400000US25027730902","Census Tract 7309.02; Worcester County; Massachusetts","87466","16858",
"1400000US25027731001","Census Tract 7310.01; Worcester County; Massachusetts","82172","16715",
"1400000US25027731002","Census Tract 7310.02; Worcester County; Massachusetts","48262","24532",
"1400000US25027731101","Census Tract 7311.01; Worcester County; Massachusetts","61522","29516",
"1400000US25027731102","Census Tract 7311.02; Worcester County; Massachusetts","121154","17919",
"1400000US25027731202","Census Tract 7312.02; Worcester County; Massachusetts","-","**",
"1400000US25027731203","Census Tract 7312.03; Worcester County; Massachusetts","26054","5924",
"1400000US25027731204","Census Tract 7312.04; Worcester County; Massachusetts","54970","14595",
"1400000US25027731300","Census Tract 7313; Worcester County; Massachusetts","43025","5327",
"1400000US25027731400","Census Tract 7314; Worcester County; Massachusetts","41667","22240",
"1400000US25027731500","Census Tract 7315; Worcester County; Massachusetts","33101","6022",
"1400000US25027731601","Census Tract 7316.01; Worcester County; Massachusetts","39835","21349",
"1400000US25027731602","Census Tract 7316.02; Worcester County; Massachusetts","26458","19524",
"1400000US25027731700","Census Tract 7317; Worcester County; Massachusetts","51524","8084",
"1400000US25027731801","Census Tract 7318.01; Worcester County; Massachusetts","50602","14339",
"1400000US25027731802","Census Tract 7318.02; Worcester County; Massachusetts","36560","6701",
"1400000US25027731900","Census Tract 7319; Worcester County; Massachusetts","52011","2937",
"1400000US25027732001","Census Tract 7320.01; Worcester County; Massachusetts","29625","11569",
"1400000US25027732002","Census Tract 7320.02; Worcester County; Massachusetts","85905","16370",
"1400000US25027732201","Census Tract 7322.01; Worcester County; Massachusetts","77956","10400",
"1400000US25027732202","Census Tract 7322.02; Worcester County; Massachusetts","92961","23731",
"1400000US25027732203","Census Tract 7322.03; Worcester County; Massachusetts","75472","15672",
"1400000US25027732301","Census Tract 7323.01; Worcester County; Massachusetts","69474","30649",
"1400000US25027732302","Census Tract 7323.02; Worcester County; Massachusetts","67168","11786",
"1400000US25027732400","Census Tract 7324; Worcester County; Massachusetts","70947","5306",
"1400000US25027732500","Census Tract 7325; Worcester County; Massachusetts","47235","32796",
"1400000US25027732600","Census Tract 7326; Worcester County; Massachusetts","65533","19846",
"1400000US25027732700","Census Tract 7327; Worcester County; Massachusetts","64107","19423",
"1400000US25027732801","Census Tract 7328.01; Worcester County; Massachusetts","99932","16478",
"1400000US25027732802","Census Tract 7328.02; Worcester County; Massachusetts","88466","17900",
"1400000US25027732901","Census Tract 7329.01; Worcester County; Massachusetts","80197","20216",
"1400000US25027732902","Census Tract 7329.02; Worcester County; Massachusetts","-","**",
"1400000US25027733000","Census Tract 7330; Worcester County; Massachusetts","50608","8337",
"1400000US25027733101","Census Tract 7331.01; Worcester County; Massachusetts","90375","34953",
"1400000US25027733102","Census Tract 7331.02; Worcester County; Massachusetts","94167","30537",
"1400000US25027735100","Census Tract 7351; Worcester County; Massachusetts","102289","11300",
"1400000US25027735200","Census Tract 7352; Worcester County; Massachusetts","109211","13568",
"1400000US25027736100","Census Tract 7361; Worcester County; Massachusetts","123846","21420",
"1400000US25027736200","Census Tract 7362; Worcester County; Massachusetts","117548","21197",
"1400000US25027736300","Census Tract 7363; Worcester County; Massachusetts","108942","17208",
"1400000US25027736400","Census Tract 7364; Worcester County; Massachusetts","98661","35575",
"1400000US25027736500","Census Tract 7365; Worcester County; Massachusetts","118367","26327",
"1400000US25027737100","Census Tract 7371; Worcester County; Massachusetts","120375","7274",
"1400000US25027737200","Census Tract 7372; Worcester County; Massachusetts","67500","12454",
"1400000US25027737300","Census Tract 7373; Worcester County; Massachusetts","126111","25058",
"1400000US25027738100","Census Tract 7381; Worcester County; Massachusetts","104803","20974",
"1400000US25027738201","Census Tract 7382.01; Worcester County; Massachusetts","129755","26405",
"1400000US25027738202","Census Tract 7382.02; Worcester County; Massachusetts","152578","34177",
"1400000US25027739101","Census Tract 7391.01; Worcester County; Massachusetts","134200","28111",
"1400000US25027739102","Census Tract 7391.02; Worcester County; Massachusetts","134970","35250",
"1400000US25027739201","Census Tract 7392.01; Worcester County; Massachusetts","93571","29729",
"1400000US25027739202","Census Tract 7392.02; Worcester County; Massachusetts","112526","32625",
"1400000US25027739300","Census Tract 7393; Worcester County; Massachusetts","112341","18265",
"1400000US25027739401","Census Tract 7394.01; Worcester County; Massachusetts","172746","30330",
"1400000US25027739402","Census Tract 7394.02; Worcester County; Massachusetts","188125","41330",
"1400000US25027739500","Census Tract 7395; Worcester County; Massachusetts","178431","21495",
"1400000US25027740101","Census Tract 7401.01; Worcester County; Massachusetts","134453","28441",
"1400000US25027740102","Census Tract 7401.02; Worcester County; Massachusetts","199032","49543",
"1400000US25027740200","Census Tract 7402; Worcester County; Massachusetts","115590","17819",
"1400000US25027741101","Census Tract 7411.01; Worcester County; Massachusetts","186058","33493",
"1400000US25027741102","Census Tract 7411.02; Worcester County; Massachusetts","215000","34199",
"1400000US25027742300","Census Tract 7423; Worcester County; Massachusetts","106200","15613",
"1400000US25027742401","Census Tract 7424.01; Worcester County; Massachusetts","220406","24387",
"1400000US25027742402","Census Tract 7424.02; Worcester County; Massachusetts","153843","32639",
"1400000US25027743100","Census Tract 7431; Worcester County; Massachusetts","155508","33339",
"1400000US25027744102","Census Tract 7441.02; Worcester County; Massachusetts","122821","14288",
"1400000US25027744103","Census Tract 7441.03; Worcester County; Massachusetts","112877","20950",
"1400000US25027744104","Census Tract 7441.04; Worcester County; Massachusetts","108958","17880",
"1400000US25027744201","Census Tract 7442.01; Worcester County; Massachusetts","89648","12463",
"1400000US25027744202","Census Tract 7442.02; Worcester County; Massachusetts","87474","19018",
"1400000US25027744300","Census Tract 7443; Worcester County; Massachusetts","65714","10541",
"1400000US25027744400","Census Tract 7444; Worcester County; Massachusetts","86111","26545",
"1400000US25027745100","Census Tract 7451; Worcester County; Massachusetts","115722","19447",
"1400000US25027746100","Census Tract 7461; Worcester County; Massachusetts","132256","32533",
"1400000US25027747101","Census Tract 7471.01; Worcester County; Massachusetts","81630","21827",
"1400000US25027747102","Census Tract 7471.02; Worcester County; Massachusetts","112230","23854",
"1400000US25027748100","Census Tract 7481; Worcester County; Massachusetts","127188","32485",
"1400000US25027749100","Census Tract 7491; Worcester County; Massachusetts","124712","11773",
"1400000US25027749200","Census Tract 7492; Worcester County; Massachusetts","124734","8615",
"1400000US25027750100","Census Tract 7501; Worcester County; Massachusetts","89800","13730",
"1400000US25027750200","Census Tract 7502; Worcester County; Massachusetts","150793","23859",
"1400000US25027750300","Census Tract 7503; Worcester County; Massachusetts","111069","13126",
"1400000US25027751101","Census Tract 7511.01; Worcester County; Massachusetts","157896","31224",
"1400000US25027751102","Census Tract 7511.02; Worcester County; Massachusetts","136731","24662",
"1400000US25027752101","Census Tract 7521.01; Worcester County; Massachusetts","152317","12252",
"1400000US25027752102","Census Tract 7521.02; Worcester County; Massachusetts","149750","41370",
"1400000US25027753100","Census Tract 7531; Worcester County; Massachusetts","107039","20143",
"1400000US25027753200","Census Tract 7532; Worcester County; Massachusetts","89760","21978",
"1400000US25027754100","Census Tract 7541; Worcester County; Massachusetts","105538","10523",
"1400000US25027754200","Census Tract 7542; Worcester County; Massachusetts","55964","7019",
"1400000US25027754300","Census Tract 7543; Worcester County; Massachusetts","59010","15236",
"1400000US25027754400","Census Tract 7544; Worcester County; Massachusetts","67969","10013",
"1400000US25027755100","Census Tract 7551; Worcester County; Massachusetts","59198","11493",
"1400000US25027755201","Census Tract 7552.01; Worcester County; Massachusetts","106071","13009",
"1400000US25027755202","Census Tract 7552.02; Worcester County; Massachusetts","101179","9957",
"1400000US25027756101","Census Tract 7561.01; Worcester County; Massachusetts","111975","19083",
"1400000US25027756102","Census Tract 7561.02; Worcester County; Massachusetts","128682","18057",
"1400000US25027757100","Census Tract 7571; Worcester County; Massachusetts","95074","29283",
"1400000US25027757200","Census Tract 7572; Worcester County; Massachusetts","31111","6776",
"1400000US25027757300","Census Tract 7573; Worcester County; Massachusetts","52000","9204",
"1400000US25027757400","Census Tract 7574; Worcester County; Massachusetts","83819","18381",
"1400000US25027757500","Census Tract 7575; Worcester County; Massachusetts","76111","24139",
"1400000US25027758101","Census Tract 7581.01; Worcester County; Massachusetts","97857","15555",
"1400000US25027758103","Census Tract 7581.03; Worcester County; Massachusetts","136528","30887",
"1400000US25027758104","Census Tract 7581.04; Worcester County; Massachusetts","162731","33926",
"1400000US25027759100","Census Tract 7591; Worcester County; Massachusetts","81042","16163",
"1400000US25027760100","Census Tract 7601; Worcester County; Massachusetts","81250","37166",
"1400000US25027761100","Census Tract 7611; Worcester County; Massachusetts","66082","5763",
"1400000US25027761200","Census Tract 7612; Worcester County; Massachusetts","121053","27148",
"1400000US25027761300","Census Tract 7613; Worcester County; Massachusetts","126591","11054",
"1400000US25027761401","Census Tract 7614.01; Worcester County; Massachusetts","215000","42877",
"1400000US25027761402","Census Tract 7614.02; Worcester County; Massachusetts","212550","25828",
