req_ts,unique_id,railroad,origination_time,trip_id,train_no,route,direction,stop,scheduled_arrival_time,arrival_time,scheduled_departure_time,departure_time,schedule_relationship,trip_schedule_relationship,inferred_from_schedule
,MBTA|20260731|445|NorthBase-825787-445,MBTA,1785551400,NorthBase-825787-445,445,Fitchburg Line,Outbound,North Station,1785551400,1785551400,1785551400,1785551400,SCHEDULED,SCHEDULED,True
,MBTA|20260731|445|NorthBase-825787-445,MBTA,1785551400,NorthBase-825787-445,445,Fitchburg Line,Outbound,Porter,1785552000,1785552000,1785552000,1785552000,SCHEDULED,SCHEDULED,True
,MBTA|20260731|445|NorthBase-825787-445,MBTA,1785551400,NorthBase-825787-445,445,Fitchburg Line,Outbound,Belmont,1785552300,1785552300,1785552300,1785552300,SCHEDULED,SCHEDULED,True
,MBTA|20260731|445|NorthBase-825787-445,MBTA,1785551400,NorthBase-825787-445,445,Fitchburg Line,Outbound,Waverley,1785552420,1785552420,1785552420,1785552420,SCHEDULED,SCHEDULED,True
,MBTA|20260731|445|NorthBase-825787-445,MBTA,1785551400,NorthBase-825787-445,445,Fitchburg Line,Outbound,Waltham,1785552720,1785552720,1785552720,1785552720,SCHEDULED,SCHEDULED,True
,MBTA|20260731|445|NorthBase-825787-445,MBTA,1785551400,NorthBase-825787-445,445,Fitchburg Line,Outbound,Brandeis/Roberts,1785552900,1785552900,1785552900,1785552900,SCHEDULED,SCHEDULED,True
,MBTA|20260731|445|NorthBase-825787-445,MBTA,1785551400,NorthBase-825787-445,445,Fitchburg Line,Outbound,Kendal Green,1785553140,1785553140,1785553140,1785553140,SCHEDULED,SCHEDULED,True
,MBTA|20260731|445|NorthBase-825787-445,MBTA,1785551400,NorthBase-825787-445,445,Fitchburg Line,Outbound,Lincoln,1785553440,1785553440,1785553440,1785553440,SCHEDULED,SCHEDULED,True
,MBTA|20260731|445|NorthBase-825787-445,MBTA,1785551400,NorthBase-825787-445,445,Fitchburg Line,Outbound,Concord,1785553740,1785553740,1785553740,1785553740,SCHEDULED,SCHEDULED,True
,MBTA|20260731|445|NorthBase-825787-445,MBTA,1785551400,NorthBase-825787-445,445,Fitchburg Line,Outbound,West Concord,1785553980,1785553980,1785553980,1785553980,SCHEDULED,SCHEDULED,True
,MBTA|20260731|445|NorthBase-825787-445,MBTA,1785551400,NorthBase-825787-445,445,Fitchburg Line,Outbound,South Acton,1785554280,1785554280,1785554280,1785554280,SCHEDULED,SCHEDULED,True
,MBTA|20260731|445|NorthBase-825787-445,MBTA,1785551400,NorthBase-825787-445,445,Fitchburg Line,Outbound,Littleton/Route 495,1785554700,1785554700,1785554700,1785554700,SCHEDULED,SCHEDULED,True
,MBTA|20260731|445|NorthBase-825787-445,MBTA,1785551400,NorthBase-825787-445,445,Fitchburg Line,Outbound,Ayer,1785555180,1785555180,1785555180,1785555180,SCHEDULED,SCHEDULED,True
,MBTA|20260731|445|NorthBase-825787-445,MBTA,1785551400,NorthBase-825787-445,445,Fitchburg Line,Outbound,Shirley,1785555480,1785555480,1785555480,1785555480,SCHEDULED,SCHEDULED,True
,MBTA|20260731|445|NorthBase-825787-445,MBTA,1785551400,NorthBase-825787-445,445,Fitchburg Line,Outbound,North Leominster,1785556020,1785556020,1785556020,1785556020,SCHEDULED,SCHEDULED,True
1785556950,MBTA|20260731|445|NorthBase-825787-445,MBTA,1785551400,NorthBase-825787-445,445,Fitchburg Line,Outbound,Fitchburg,1785556500,1785556920,1785556500,1785556920,SCHEDULED,SCHEDULED,False
1785557490,MBTA|20260731|445|NorthBase-825787-445,MBTA,1785551400,NorthBase-825787-445,445,Fitchburg Line,Outbound,Wachusett,1785557160,1785557464,1785557160,,SCHEDULED,SCHEDULED,False
,MBTA|20260731|1945|WMLRailJob-841739-1945,MBTA,1785551700,WMLRailJob-841739-1945,1945,Fall River/New Bedford Line,Outbound,South Station,1785551700,1785551700,1785551700,1785551700,SCHEDULED,SCHEDULED,True
,MBTA|20260731|1945|WMLRailJob-841739-1945,MBTA,1785551700,WMLRailJob-841739-1945,1945,Fall River/New Bedford Line,Outbound,Quincy Center,1785552600,1785552600,1785552600,1785552600,SCHEDULED,SCHEDULED,True
,MBTA|20260731|1945|WMLRailJob-841739-1945,MBTA,1785551700,WMLRailJob-841739-1945,1945,Fall River/New Bedford Line,Outbound,Braintree,1785552960,1785552960,1785552960,1785552960,SCHEDULED,SCHEDULED,True
,MBTA|20260731|1945|WMLRailJob-841739-1945,MBTA,1785551700,WMLRailJob-841739-1945,1945,Fall River/New Bedford Line,Outbound,Holbrook/Randolph,1785553440,1785553440,1785553440,1785553440,SCHEDULED,SCHEDULED,True
,MBTA|20260731|1945|WMLRailJob-841739-1945,MBTA,1785551700,WMLRailJob-841739-1945,1945,Fall River/New Bedford Line,Outbound,Montello,1785553800,1785553800,1785553800,1785553800,SCHEDULED,SCHEDULED,True
,MBTA|20260731|1945|WMLRailJob-841739-1945,MBTA,1785551700,WMLRailJob-841739-1945,1945,Fall River/New Bedford Line,Outbound,Brockton,1785554040,1785554040,1785554040,1785554040,SCHEDULED,SCHEDULED,True
,MBTA|20260731|1945|WMLRailJob-841739-1945,MBTA,1785551700,WMLRailJob-841739-1945,1945,Fall River/New Bedford Line,Outbound,Campello,1785554280,1785554280,1785554280,1785554280,SCHEDULED,SCHEDULED,True
,MBTA|20260731|1945|WMLRailJob-841739-1945,MBTA,1785551700,WMLRailJob-841739-1945,1945,Fall River/New Bedford Line,Outbound,Bridgewater,1785554760,1785554760,1785554760,1785554760,SCHEDULED,SCHEDULED,True
,MBTA|20260731|1945|WMLRailJob-841739-1945,MBTA,1785551700,WMLRailJob-841739-1945,1945,Fall River/New Bedford Line,Outbound,Middleborough,1785555480,1785555480,1785555480,1785555480,SCHEDULED,SCHEDULED,True
,MBTA|20260731|1945|WMLRailJob-841739-1945,MBTA,1785551700,WMLRailJob-841739-1945,1945,Fall River/New Bedford Line,Outbound,East Taunton,1785556140,1785556140,1785556140,1785556140,SCHEDULED,SCHEDULED,True
1785556800,MBTA|20260731|1945|WMLRailJob-841739-1945,MBTA,1785551700,WMLRailJob-841739-1945,1945,Fall River/New Bedford Line,Outbound,Freetown,1785556800,1785556800,1785556800,1785556800,SCHEDULED,SCHEDULED,False
1785557640,MBTA|20260731|1945|WMLRailJob-841739-1945,MBTA,1785551700,WMLRailJob-841739-1945,1945,Fall River/New Bedford Line,Outbound,Fall River Depot,1785557640,1785557220,1785557640,,SCHEDULED,SCHEDULED,False
,MBTA|20260731|889|WMLRailJob-841863-889,MBTA,1785552300,WMLRailJob-841863-889,889,Providence/Stoughton Line,Outbound,South Station,1785552300,1785552300,1785552300,1785552300,SCHEDULED,SCHEDULED,True
,MBTA|20260731|889|WMLRailJob-841863-889,MBTA,1785552300,WMLRailJob-841863-889,889,Providence/Stoughton Line,Outbound,Back Bay,1785552600,1785552600,1785552600,1785552600,SCHEDULED,SCHEDULED,True
,MBTA|20260731|889|WMLRailJob-841863-889,MBTA,1785552300,WMLRailJob-841863-889,889,Providence/Stoughton Line,Outbound,Ruggles,1785552780,1785552780,1785552780,1785552780,SCHEDULED,SCHEDULED,True
,MBTA|20260731|889|WMLRailJob-841863-889,MBTA,1785552300,WMLRailJob-841863-889,889,Providence/Stoughton Line,Outbound,Forest Hills,1785553080,1785553080,1785553080,1785553080,SCHEDULED,SCHEDULED,True
,MBTA|20260731|889|WMLRailJob-841863-889,MBTA,1785552300,WMLRailJob-841863-889,889,Providence/Stoughton Line,Outbound,Hyde Park,1785553380,1785553380,1785553380,1785553380,SCHEDULED,SCHEDULED,True
,MBTA|20260731|889|WMLRailJob-841863-889,MBTA,1785552300,WMLRailJob-841863-889,889,Providence/Stoughton Line,Outbound,Route 128,1785553680,1785553680,1785553680,1785553680,SCHEDULED,SCHEDULED,True
,MBTA|20260731|889|WMLRailJob-841863-889,MBTA,1785552300,WMLRailJob-841863-889,889,Providence/Stoughton Line,Outbound,Canton Junction,1785554040,1785554040,1785554040,1785554040,SCHEDULED,SCHEDULED,True
,MBTA|20260731|889|WMLRailJob-841863-889,MBTA,1785552300,WMLRailJob-841863-889,889,Providence/Stoughton Line,Outbound,Sharon,1785554400,1785554400,1785554400,1785554400,SCHEDULED,SCHEDULED,True
,MBTA|20260731|889|WMLRailJob-841863-889,MBTA,1785552300,WMLRailJob-841863-889,889,Providence/Stoughton Line,Outbound,Mansfield,1785554880,1785554880,1785554880,1785554880,SCHEDULED,SCHEDULED,True
,MBTA|20260731|889|WMLRailJob-841863-889,MBTA,1785552300,WMLRailJob-841863-889,889,Providence/Stoughton Line,Outbound,Attleboro,1785555360,1785555360,1785555360,1785555360,SCHEDULED,SCHEDULED,True
,MBTA|20260731|889|WMLRailJob-841863-889,MBTA,1785552300,WMLRailJob-841863-889,889,Providence/Stoughton Line,Outbound,Pawtucket/Central Falls,1785555900,1785555900,1785555900,1785555900,SCHEDULED,SCHEDULED,True
1785556860,MBTA|20260731|889|WMLRailJob-841863-889,MBTA,1785552300,WMLRailJob-841863-889,889,Providence/Stoughton Line,Outbound,Providence,1785556860,1785556588,1785556860,,SCHEDULED,SCHEDULED,False
,MBTA|20260731|592|WMLRailJob-841822-592,MBTA,1785552600,WMLRailJob-841822-592,592,Framingham/Worcester Line,Inbound,Worcester,1785552600,1785552600,1785552600,1785552600,SCHEDULED,SCHEDULED,True
,MBTA|20260731|592|WMLRailJob-841822-592,MBTA,1785552600,WMLRailJob-841822-592,592,Framingham/Worcester Line,Inbound,Grafton,1785553320,1785553320,1785553320,1785553320,SCHEDULED,SCHEDULED,True
,MBTA|20260731|592|WMLRailJob-841822-592,MBTA,1785552600,WMLRailJob-841822-592,592,Framingham/Worcester Line,Inbound,Westborough,1785553560,1785553560,1785553560,1785553560,SCHEDULED,SCHEDULED,True
,MBTA|20260731|592|WMLRailJob-841822-592,MBTA,1785552600,WMLRailJob-841822-592,592,Framingham/Worcester Line,Inbound,Southborough,1785554100,1785554100,1785554100,1785554100,SCHEDULED,SCHEDULED,True
,MBTA|20260731|592|WMLRailJob-841822-592,MBTA,1785552600,WMLRailJob-841822-592,592,Framingham/Worcester Line,Inbound,Ashland,1785554400,1785554400,1785554400,1785554400,SCHEDULED,SCHEDULED,True
,MBTA|20260731|592|WMLRailJob-841822-592,MBTA,1785552600,WMLRailJob-841822-592,592,Framingham/Worcester Line,Inbound,Framingham,1785554940,1785554940,1785554940,1785554940,SCHEDULED,SCHEDULED,True
,MBTA|20260731|592|WMLRailJob-841822-592,MBTA,1785552600,WMLRailJob-841822-592,592,Framingham/Worcester Line,Inbound,West Natick,1785555300,1785555300,1785555300,1785555300,SCHEDULED,SCHEDULED,True
,MBTA|20260731|592|WMLRailJob-841822-592,MBTA,1785552600,WMLRailJob-841822-592,592,Framingham/Worcester Line,Inbound,Natick Center,1785555540,1785555540,1785555540,1785555540,SCHEDULED,SCHEDULED,True
,MBTA|20260731|592|WMLRailJob-841822-592,MBTA,1785552600,WMLRailJob-841822-592,592,Framingham/Worcester Line,Inbound,Wellesley Square,1785555840,1785555840,1785555840,1785555840,SCHEDULED,SCHEDULED,True
,MBTA|20260731|592|WMLRailJob-841822-592,MBTA,1785552600,WMLRailJob-841822-592,592,Framingham/Worcester Line,Inbound,Wellesley Hills,1785556080,1785556080,1785556080,1785556080,SCHEDULED,SCHEDULED,True
,MBTA|20260731|592|WMLRailJob-841822-592,MBTA,1785552600,WMLRailJob-841822-592,592,Framingham/Worcester Line,Inbound,Wellesley Farms,1785556200,1785556200,1785556200,1785556200,SCHEDULED,SCHEDULED,True
1785557160,MBTA|20260731|592|WMLRailJob-841822-592,MBTA,1785552600,WMLRailJob-841822-592,592,Framingham/Worcester Line,Inbound,Boston Landing,1785556860,1785557183,1785556860,1785557183,SCHEDULED,SCHEDULED,False
1785557460,MBTA|20260731|592|WMLRailJob-841822-592,MBTA,1785552600,WMLRailJob-841822-592,592,Framingham/Worcester Line,Inbound,Lansdowne,1785557160,1785557486,1785557160,1785557486,SCHEDULED,SCHEDULED,False
1785557790,MBTA|20260731|592|WMLRailJob-841822-592,MBTA,1785552600,WMLRailJob-841822-592,592,Framingham/Worcester Line,Inbound,Back Bay,1785557520,1785557701,1785557520,1785557701,SCHEDULED,SCHEDULED,False
1785558360,MBTA|20260731|592|WMLRailJob-841822-592,MBTA,1785552600,WMLRailJob-841822-592,592,Framingham/Worcester Line,Inbound,South Station,1785557880,1785558241,1785557880,,SCHEDULED,SCHEDULED,False
,MBTA|20260731|89|NorthBase-830285-89,MBTA,1785552600,NorthBase-830285-89,89,Newburyport/Rockport Line,Outbound,North Station,1785552600,1785552600,1785552600,1785552600,SCHEDULED,SCHEDULED,True
,MBTA|20260731|89|NorthBase-830285-89,MBTA,1785552600,NorthBase-830285-89,89,Newburyport/Rockport Line,Outbound,Chelsea,1785553260,1785553260,1785553260,1785553260,SCHEDULED,SCHEDULED,True
,MBTA|20260731|89|NorthBase-830285-89,MBTA,1785552600,NorthBase-830285-89,89,Newburyport/Rockport Line,Outbound,River Works,1785553680,1785553680,1785553680,1785553680,SCHEDULED,SCHEDULED,True
,MBTA|20260731|89|NorthBase-830285-89,MBTA,1785552600,NorthBase-830285-89,89,Newburyport/Rockport Line,Outbound,Lynn Interim,1785553920,1785553920,1785553920,1785553920,SCHEDULED,SCHEDULED,True
,MBTA|20260731|89|NorthBase-830285-89,MBTA,1785552600,NorthBase-830285-89,89,Newburyport/Rockport Line,Outbound,Swampscott,1785554100,1785554100,1785554100,1785554100,SCHEDULED,SCHEDULED,True
,MBTA|20260731|89|NorthBase-830285-89,MBTA,1785552600,NorthBase-830285-89,89,Newburyport/Rockport Line,Outbound,Salem,1785554520,1785554520,1785554520,1785554520,SCHEDULED,SCHEDULED,True
,MBTA|20260731|89|NorthBase-830285-89,MBTA,1785552600,NorthBase-830285-89,89,Newburyport/Rockport Line,Outbound,Beverly,1785554760,1785554760,1785554760,1785554760,SCHEDULED,SCHEDULED,True
,MBTA|20260731|89|NorthBase-830285-89,MBTA,1785552600,NorthBase-830285-89,89,Newburyport/Rockport Line,Outbound,Montserrat,1785555000,1785555000,1785555000,1785555000,SCHEDULED,SCHEDULED,True
,MBTA|20260731|89|NorthBase-830285-89,MBTA,1785552600,NorthBase-830285-89,89,Newburyport/Rockport Line,Outbound,Beverly Farms,1785555300,1785555300,1785555300,1785555300,SCHEDULED,SCHEDULED,True
,MBTA|20260731|89|NorthBase-830285-89,MBTA,1785552600,NorthBase-830285-89,89,Newburyport/Rockport Line,Outbound,Manchester,1785555660,1785555660,1785555660,1785555660,SCHEDULED,SCHEDULED,True
,MBTA|20260731|89|NorthBase-830285-89,MBTA,1785552600,NorthBase-830285-89,89,Newburyport/Rockport Line,Outbound,West Gloucester,1785556020,1785556020,1785556020,1785556020,SCHEDULED,SCHEDULED,True
,MBTA|20260731|89|NorthBase-830285-89,MBTA,1785552600,NorthBase-830285-89,89,Newburyport/Rockport Line,Outbound,Gloucester,1785556320,1785556320,1785556320,1785556320,SCHEDULED,SCHEDULED,True
1785557250,MBTA|20260731|89|NorthBase-830285-89,MBTA,1785552600,NorthBase-830285-89,89,Newburyport/Rockport Line,Outbound,Rockport,1785557160,1785557260,1785557160,,SCHEDULED,SCHEDULED,False
,MBTA|20260731|448|NorthBase-825790-448,MBTA,1785552900,NorthBase-825790-448,448,Fitchburg Line,Inbound,Wachusett,1785552900,1785552900,1785552900,1785552900,SCHEDULED,SCHEDULED,True
,MBTA|20260731|448|NorthBase-825790-448,MBTA,1785552900,NorthBase-825790-448,448,Fitchburg Line,Inbound,Fitchburg,1785553380,1785553380,1785553380,1785553380,SCHEDULED,SCHEDULED,True
,MBTA|20260731|448|NorthBase-825790-448,MBTA,1785552900,NorthBase-825790-448,448,Fitchburg Line,Inbound,North Leominster,1785553800,1785553800,1785553800,1785553800,SCHEDULED,SCHEDULED,True
,MBTA|20260731|448|NorthBase-825790-448,MBTA,1785552900,NorthBase-825790-448,448,Fitchburg Line,Inbound,Shirley,1785554280,1785554280,1785554280,1785554280,SCHEDULED,SCHEDULED,True
,MBTA|20260731|448|NorthBase-825790-448,MBTA,1785552900,NorthBase-825790-448,448,Fitchburg Line,Inbound,Ayer,1785554580,1785554580,1785554580,1785554580,SCHEDULED,SCHEDULED,True
,MBTA|20260731|448|NorthBase-825790-448,MBTA,1785552900,NorthBase-825790-448,448,Fitchburg Line,Inbound,Littleton/Route 495,1785555060,1785555060,1785555060,1785555060,SCHEDULED,SCHEDULED,True
,MBTA|20260731|448|NorthBase-825790-448,MBTA,1785552900,NorthBase-825790-448,448,Fitchburg Line,Inbound,South Acton,1785555420,1785555420,1785555420,1785555420,SCHEDULED,SCHEDULED,True
,MBTA|20260731|448|NorthBase-825790-448,MBTA,1785552900,NorthBase-825790-448,448,Fitchburg Line,Inbound,West Concord,1785555660,1785555660,1785555660,1785555660,SCHEDULED,SCHEDULED,True
,MBTA|20260731|448|NorthBase-825790-448,MBTA,1785552900,NorthBase-825790-448,448,Fitchburg Line,Inbound,Concord,1785555900,1785555900,1785555900,1785555900,SCHEDULED,SCHEDULED,True
,MBTA|20260731|448|NorthBase-825790-448,MBTA,1785552900,NorthBase-825790-448,448,Fitchburg Line,Inbound,Lincoln,1785556260,1785556260,1785556260,1785556260,SCHEDULED,SCHEDULED,True
,MBTA|20260731|448|NorthBase-825790-448,MBTA,1785552900,NorthBase-825790-448,448,Fitchburg Line,Inbound,Kendal Green,1785556620,1785556620,1785556620,1785556620,SCHEDULED,SCHEDULED,True
1785556980,MBTA|20260731|448|NorthBase-825790-448,MBTA,1785552900,NorthBase-825790-448,448,Fitchburg Line,Inbound,Brandeis/Roberts,1785556800,1785556969,1785556800,1785556969,SCHEDULED,SCHEDULED,False
1785557190,MBTA|20260731|448|NorthBase-825790-448,MBTA,1785552900,NorthBase-825790-448,448,Fitchburg Line,Inbound,Waltham,1785557040,1785557176,1785557040,1785557176,SCHEDULED,SCHEDULED,False
1785557400,MBTA|20260731|448|NorthBase-825790-448,MBTA,1785552900,NorthBase-825790-448,448,Fitchburg Line,Inbound,Waverley,1785557340,1785557412,1785557340,1785557412,SCHEDULED,SCHEDULED,False
1785557550,MBTA|20260731|448|NorthBase-825790-448,MBTA,1785552900,NorthBase-825790-448,448,Fitchburg Line,Inbound,Belmont,1785557460,1785557537,1785557460,1785557537,SCHEDULED,SCHEDULED,False
1785557760,MBTA|20260731|448|NorthBase-825790-448,MBTA,1785552900,NorthBase-825790-448,448,Fitchburg Line,Inbound,Porter,1785557820,1785557746,1785557820,1785557820,SCHEDULED,SCHEDULED,False
1785558420,MBTA|20260731|448|NorthBase-825790-448,MBTA,1785552900,NorthBase-825790-448,448,Fitchburg Line,Inbound,North Station,1785558660,1785558440,1785558660,,SCHEDULED,SCHEDULED,False
,MBTA|20260731|892|WMLRailJob-841864-892,MBTA,1785554700,WMLRailJob-841864-892,892,Providence/Stoughton Line,Inbound,Providence,1785554700,1785554700,1785554700,1785554700,SCHEDULED,SCHEDULED,True
,MBTA|20260731|892|WMLRailJob-841864-892,MBTA,1785554700,WMLRailJob-841864-892,892,Providence/Stoughton Line,Inbound,Pawtucket/Central Falls,1785555060,1785555060,1785555060,1785555060,SCHEDULED,SCHEDULED,True
,MBTA|20260731|892|WMLRailJob-841864-892,MBTA,1785554700,WMLRailJob-841864-892,892,Providence/Stoughton Line,Inbound,Attleboro,1785555840,1785555840,1785555840,1785555840,SCHEDULED,SCHEDULED,True
1785556860,MBTA|20260731|892|WMLRailJob-841864-892,MBTA,1785554700,WMLRailJob-841864-892,892,Providence/Stoughton Line,Inbound,Mansfield,1785556620,1785556823,1785556620,1785556823,SCHEDULED,SCHEDULED,False
1785557250,MBTA|20260731|892|WMLRailJob-841864-892,MBTA,1785554700,WMLRailJob-841864-892,892,Providence/Stoughton Line,Inbound,Sharon,1785557160,1785557236,1785557160,1785557236,SCHEDULED,SCHEDULED,False
1785557610,MBTA|20260731|892|WMLRailJob-841864-892,MBTA,1785554700,WMLRailJob-841864-892,892,Providence/Stoughton Line,Inbound,Canton Junction,1785557460,1785557583,1785557460,1785557583,SCHEDULED,SCHEDULED,False
1785557880,MBTA|20260731|892|WMLRailJob-841864-892,MBTA,1785554700,WMLRailJob-841864-892,892,Providence/Stoughton Line,Inbound,Route 128,1785557760,1785557846,1785557760,1785557846,SCHEDULED,SCHEDULED,False
1785558150,MBTA|20260731|892|WMLRailJob-841864-892,MBTA,1785554700,WMLRailJob-841864-892,892,Providence/Stoughton Line,Inbound,Readville,1785558000,1785558107,1785558000,1785558107,SCHEDULED,SCHEDULED,False
1785558360,MBTA|20260731|892|WMLRailJob-841864-892,MBTA,1785554700,WMLRailJob-841864-892,892,Providence/Stoughton Line,Inbound,Hyde Park,1785558120,1785558311,1785558120,1785558311,SCHEDULED,SCHEDULED,False
1785558840,MBTA|20260731|892|WMLRailJob-841864-892,MBTA,1785554700,WMLRailJob-841864-892,892,Providence/Stoughton Line,Inbound,Ruggles,1785558840,1785558645,1785558840,1785558645,SCHEDULED,SCHEDULED,False
1785559080,MBTA|20260731|892|WMLRailJob-841864-892,MBTA,1785554700,WMLRailJob-841864-892,892,Providence/Stoughton Line,Inbound,Back Bay,1785559080,1785558809,1785559080,1785558809,SCHEDULED,SCHEDULED,False
1785559380,MBTA|20260731|892|WMLRailJob-841864-892,MBTA,1785554700,WMLRailJob-841864-892,892,Providence/Stoughton Line,Inbound,South Station,1785559380,1785559379,1785559380,,SCHEDULED,SCHEDULED,False
,MBTA|20260731|792|WMLRailJob-842140-792,MBTA,1785554880,WMLRailJob-842140-792,792,Franklin/Foxboro Line,Inbound,Forge Park/495,1785554880,1785554880,1785554880,1785554880,SCHEDULED,SCHEDULED,True
,MBTA|20260731|792|WMLRailJob-842140-792,MBTA,1785554880,WMLRailJob-842140-792,792,Franklin/Foxboro Line,Inbound,Franklin,1785555300,1785555300,1785555300,1785555300,SCHEDULED,SCHEDULED,True
,MBTA|20260731|792|WMLRailJob-842140-792,MBTA,1785554880,WMLRailJob-842140-792,792,Franklin/Foxboro Line,Inbound,Norfolk,1785555720,1785555720,1785555720,1785555720,SCHEDULED,SCHEDULED,True
,MBTA|20260731|792|WMLRailJob-842140-792,MBTA,1785554880,WMLRailJob-842140-792,792,Franklin/Foxboro Line,Inbound,Walpole,1785556140,1785556140,1785556140,1785556140,SCHEDULED,SCHEDULED,True
,MBTA|20260731|792|WMLRailJob-842140-792,MBTA,1785554880,WMLRailJob-842140-792,792,Franklin/Foxboro Line,Inbound,Windsor Gardens,1785556320,1785556320,1785556320,1785556320,SCHEDULED,SCHEDULED,True
,MBTA|20260731|792|WMLRailJob-842140-792,MBTA,1785554880,WMLRailJob-842140-792,792,Franklin/Foxboro Line,Inbound,Norwood Central,1785556500,1785556500,1785556500,1785556500,SCHEDULED,SCHEDULED,True
,MBTA|20260731|792|WMLRailJob-842140-792,MBTA,1785554880,WMLRailJob-842140-792,792,Franklin/Foxboro Line,Inbound,Norwood Depot,1785556620,1785556620,1785556620,1785556620,SCHEDULED,SCHEDULED,True
1785556890,MBTA|20260731|792|WMLRailJob-842140-792,MBTA,1785554880,WMLRailJob-842140-792,792,Franklin/Foxboro Line,Inbound,Islington,1785556800,1785556860,1785556800,1785556860,SCHEDULED,SCHEDULED,False
1785557040,MBTA|20260731|792|WMLRailJob-842140-792,MBTA,1785554880,WMLRailJob-842140-792,792,Franklin/Foxboro Line,Inbound,Dedham Corporate Center,1785556980,1785557002,1785556980,1785557002,SCHEDULED,SCHEDULED,False
1785557100,MBTA|20260731|792|WMLRailJob-842140-792,MBTA,1785554880,WMLRailJob-842140-792,792,Franklin/Foxboro Line,Inbound,Endicott,1785557160,1785557091,1785557160,1785557160,SCHEDULED,SCHEDULED,False
1785557520,MBTA|20260731|792|WMLRailJob-842140-792,MBTA,1785554880,WMLRailJob-842140-792,792,Franklin/Foxboro Line,Inbound,Readville,1785557520,1785557315,1785557520,,SCHEDULED,SCHEDULED,False
,MBTA|20260731|293|NorthBase-825712-293,MBTA,1785555600,NorthBase-825712-293,293,Haverhill Line,Outbound,North Station,1785555600,1785555600,1785555600,1785555600,SCHEDULED,SCHEDULED,True
,MBTA|20260731|293|NorthBase-825712-293,MBTA,1785555600,NorthBase-825712-293,293,Haverhill Line,Outbound,Malden Center,1785556260,1785556260,1785556260,1785556260,SCHEDULED,SCHEDULED,True
,MBTA|20260731|293|NorthBase-825712-293,MBTA,1785555600,NorthBase-825712-293,293,Haverhill Line,Outbound,Oak Grove,1785556380,1785556380,1785556380,1785556380,SCHEDULED,SCHEDULED,True
,MBTA|20260731|293|NorthBase-825712-293,MBTA,1785555600,NorthBase-825712-293,293,Haverhill Line,Outbound,Wyoming Hill,1785556500,1785556500,1785556500,1785556500,SCHEDULED,SCHEDULED,True
,MBTA|20260731|293|NorthBase-825712-293,MBTA,1785555600,NorthBase-825712-293,293,Haverhill Line,Outbound,Melrose/Cedar Park,1785556620,1785556620,1785556620,1785556620,SCHEDULED,SCHEDULED,True
1785556920,MBTA|20260731|293|NorthBase-825712-293,MBTA,1785555600,NorthBase-825712-293,293,Haverhill Line,Outbound,Melrose Highlands,1785556800,1785556885,1785556800,1785556885,SCHEDULED,SCHEDULED,False
1785557100,MBTA|20260731|293|NorthBase-825712-293,MBTA,1785555600,NorthBase-825712-293,293,Haverhill Line,Outbound,Greenwood,1785556980,1785557090,1785556980,1785557090,SCHEDULED,SCHEDULED,False
1785557370,MBTA|20260731|293|NorthBase-825712-293,MBTA,1785555600,NorthBase-825712-293,293,Haverhill Line,Outbound,Wakefield,1785557220,1785557338,1785557220,1785557338,SCHEDULED,SCHEDULED,False
1785557700,MBTA|20260731|293|NorthBase-825712-293,MBTA,1785555600,NorthBase-825712-293,293,Haverhill Line,Outbound,Reading,1785557580,1785557683,1785557580,1785557733,SCHEDULED,SCHEDULED,False
1785558090,MBTA|20260731|293|NorthBase-825712-293,MBTA,1785555600,NorthBase-825712-293,293,Haverhill Line,Outbound,North Wilmington,1785557940,1785558051,1785557940,1785558051,SCHEDULED,SCHEDULED,False
1785558480,MBTA|20260731|293|NorthBase-825712-293,MBTA,1785555600,NorthBase-825712-293,293,Haverhill Line,Outbound,Ballardvale,1785558360,1785558454,1785558360,1785558454,SCHEDULED,SCHEDULED,False
1785558780,MBTA|20260731|293|NorthBase-825712-293,MBTA,1785555600,NorthBase-825712-293,293,Haverhill Line,Outbound,Andover,1785558660,1785558732,1785558660,1785558732,SCHEDULED,SCHEDULED,False
1785559170,MBTA|20260731|293|NorthBase-825712-293,MBTA,1785555600,NorthBase-825712-293,293,Haverhill Line,Outbound,Lawrence,1785559080,1785559174,1785559080,1785559174,SCHEDULED,SCHEDULED,False
1785559710,MBTA|20260731|293|NorthBase-825712-293,MBTA,1785555600,NorthBase-825712-293,293,Haverhill Line,Outbound,Bradford,1785559560,1785559726,1785559560,1785559726,SCHEDULED,SCHEDULED,False
1785559980,MBTA|20260731|293|NorthBase-825712-293,MBTA,1785555600,NorthBase-825712-293,293,Haverhill Line,Outbound,Haverhill,1785559980,1785559780,1785559980,,SCHEDULED,SCHEDULED,False
,MBTA|20260731|393|NorthBase-825761-393,MBTA,1785555900,NorthBase-825761-393,393,Lowell Line,Outbound,North Station,1785555900,1785555900,1785555900,1785555900,SCHEDULED,SCHEDULED,True
,MBTA|20260731|393|NorthBase-825761-393,MBTA,1785555900,NorthBase-825761-393,393,Lowell Line,Outbound,West Medford,1785556560,1785556560,1785556560,1785556560,SCHEDULED,SCHEDULED,True
1785556950,MBTA|20260731|393|NorthBase-825761-393,MBTA,1785555900,NorthBase-825761-393,393,Lowell Line,Outbound,Wedgemere,1785556740,1785556908,1785556740,1785556908,SCHEDULED,SCHEDULED,False
1785557070,MBTA|20260731|393|NorthBase-825761-393,MBTA,1785555900,NorthBase-825761-393,393,Lowell Line,Outbound,Winchester Center,1785556860,1785557035,1785556860,1785557035,SCHEDULED,SCHEDULED,False
1785557490,MBTA|20260731|393|NorthBase-825761-393,MBTA,1785555900,NorthBase-825761-393,393,Lowell Line,Outbound,Anderson/Woburn,1785557280,1785557455,1785557280,1785557455,SCHEDULED,SCHEDULED,False
1785557790,MBTA|20260731|393|NorthBase-825761-393,MBTA,1785555900,NorthBase-825761-393,393,Lowell Line,Outbound,Wilmington,1785557460,1785557767,1785557460,1785557767,SCHEDULED,SCHEDULED,False
1785558270,MBTA|20260731|393|NorthBase-825761-393,MBTA,1785555900,NorthBase-825761-393,393,Lowell Line,Outbound,North Billerica,1785558000,1785558230,1785558000,1785558230,SCHEDULED,SCHEDULED,False
1785558870,MBTA|20260731|393|NorthBase-825761-393,MBTA,1785555900,NorthBase-825761-393,393,Lowell Line,Outbound,Lowell,1785558720,1785558877,1785558720,,SCHEDULED,SCHEDULED,False
,MBTA|20260731|593|WMLRailJob-841823-593,MBTA,1785555900,WMLRailJob-841823-593,593,Framingham/Worcester Line,Outbound,South Station,1785555900,1785555900,1785555900,1785555900,SCHEDULED,SCHEDULED,True
,MBTA|20260731|593|WMLRailJob-841823-593,MBTA,1785555900,WMLRailJob-841823-593,593,Framingham/Worcester Line,Outbound,Back Bay,1785556260,1785556260,1785556260,1785556260,SCHEDULED,SCHEDULED,True
,MBTA|20260731|593|WMLRailJob-841823-593,MBTA,1785555900,WMLRailJob-841823-593,593,Framingham/Worcester Line,Outbound,Lansdowne,1785556560,1785556560,1785556560,1785556560,SCHEDULED,SCHEDULED,True
1785557160,MBTA|20260731|593|WMLRailJob-841823-593,MBTA,1785555900,WMLRailJob-841823-593,593,Framingham/Worcester Line,Outbound,Boston Landing,1785556920,1785557123,1785556920,1785557123,SCHEDULED,SCHEDULED,False
1785557550,MBTA|20260731|593|WMLRailJob-841823-593,MBTA,1785555900,WMLRailJob-841823-593,593,Framingham/Worcester Line,Outbound,Newtonville,1785557220,1785557495,1785557220,1785557495,SCHEDULED,SCHEDULED,False
1785557730,MBTA|20260731|593|WMLRailJob-841823-593,MBTA,1785555900,WMLRailJob-841823-593,593,Framingham/Worcester Line,Outbound,West Newton,1785557400,1785557681,1785557400,1785557681,SCHEDULED,SCHEDULED,False
1785557910,MBTA|20260731|593|WMLRailJob-841823-593,MBTA,1785555900,WMLRailJob-841823-593,593,Framingham/Worcester Line,Outbound,Auburndale,1785557520,1785557867,1785557520,1785557867,SCHEDULED,SCHEDULED,False
1785558300,MBTA|20260731|593|WMLRailJob-841823-593,MBTA,1785555900,WMLRailJob-841823-593,593,Framingham/Worcester Line,Outbound,Wellesley Farms,1785557760,1785558270,1785557760,1785558270,SCHEDULED,SCHEDULED,False
1785558480,MBTA|20260731|593|WMLRailJob-841823-593,MBTA,1785555900,WMLRailJob-841823-593,593,Framingham/Worcester Line,Outbound,Wellesley Hills,1785557940,1785558446,1785557940,1785558496,SCHEDULED,SCHEDULED,False
1785558720,MBTA|20260731|593|WMLRailJob-841823-593,MBTA,1785555900,WMLRailJob-841823-593,593,Framingham/Worcester Line,Outbound,Wellesley Square,1785558120,1785558673,1785558120,1785558673,SCHEDULED,SCHEDULED,False
1785558840,MBTA|20260731|593|WMLRailJob-841823-593,MBTA,1785555900,WMLRailJob-841823-593,593,Framingham/Worcester Line,Outbound,Natick Center,1785558420,1785558890,1785558420,1785558940,SCHEDULED,SCHEDULED,False
1785558840,MBTA|20260731|593|WMLRailJob-841823-593,MBTA,1785555900,WMLRailJob-841823-593,593,Framingham/Worcester Line,Outbound,West Natick,1785558660,1785559102,1785558660,1785559152,SCHEDULED,SCHEDULED,False
1785558840,MBTA|20260731|593|WMLRailJob-841823-593,MBTA,1785555900,WMLRailJob-841823-593,593,Framingham/Worcester Line,Outbound,Framingham,1785558900,1785559329,1785558900,1785559379,SCHEDULED,SCHEDULED,False
1785558840,MBTA|20260731|593|WMLRailJob-841823-593,MBTA,1785555900,WMLRailJob-841823-593,593,Framingham/Worcester Line,Outbound,Ashland,1785559260,1785559664,1785559260,1785559714,SCHEDULED,SCHEDULED,False
1785558840,MBTA|20260731|593|WMLRailJob-841823-593,MBTA,1785555900,WMLRailJob-841823-593,593,Framingham/Worcester Line,Outbound,Southborough,1785559500,1785559890,1785559500,1785559940,SCHEDULED,SCHEDULED,False
1785558840,MBTA|20260731|593|WMLRailJob-841823-593,MBTA,1785555900,WMLRailJob-841823-593,593,Framingham/Worcester Line,Outbound,Westborough,1785560040,1785560351,1785560040,1785560401,SCHEDULED,SCHEDULED,False
1785558840,MBTA|20260731|593|WMLRailJob-841823-593,MBTA,1785555900,WMLRailJob-841823-593,593,Framingham/Worcester Line,Outbound,Grafton,1785560340,1785560586,1785560340,1785560636,SCHEDULED,SCHEDULED,False
1785561720,MBTA|20260731|593|WMLRailJob-841823-593,MBTA,1785555900,WMLRailJob-841823-593,593,Framingham/Worcester Line,Outbound,Worcester,1785561360,1785561961,1785561360,,SCHEDULED,SCHEDULED,False
,MBTA|20260731|91|NorthBase-830286-91,MBTA,1785555900,NorthBase-830286-91,91,Newburyport/Rockport Line,Outbound,North Station,1785555900,1785555900,1785555900,1785555900,SCHEDULED,SCHEDULED,True
,MBTA|20260731|91|NorthBase-830286-91,MBTA,1785555900,NorthBase-830286-91,91,Newburyport/Rockport Line,Outbound,Chelsea,1785556560,1785556560,1785556560,1785556560,SCHEDULED,SCHEDULED,True
1785557160,MBTA|20260731|91|NorthBase-830286-91,MBTA,1785555900,NorthBase-830286-91,91,Newburyport/Rockport Line,Outbound,River Works,1785556980,1785557178,1785556980,1785557178,SCHEDULED,SCHEDULED,False
1785557430,MBTA|20260731|91|NorthBase-830286-91,MBTA,1785555900,NorthBase-830286-91,91,Newburyport/Rockport Line,Outbound,Lynn Interim,1785557220,1785557411,1785557220,1785557411,SCHEDULED,SCHEDULED,False
1785557640,MBTA|20260731|91|NorthBase-830286-91,MBTA,1785555900,NorthBase-830286-91,91,Newburyport/Rockport Line,Outbound,Swampscott,1785557400,1785557621,1785557400,1785557621,SCHEDULED,SCHEDULED,False
1785558090,MBTA|20260731|91|NorthBase-830286-91,MBTA,1785555900,NorthBase-830286-91,91,Newburyport/Rockport Line,Outbound,Salem,1785557820,1785558071,1785557820,1785558071,SCHEDULED,SCHEDULED,False
1785558360,MBTA|20260731|91|NorthBase-830286-91,MBTA,1785555900,NorthBase-830286-91,91,Newburyport/Rockport Line,Outbound,Beverly,1785558060,1785558340,1785558060,1785558340,SCHEDULED,SCHEDULED,False
1785558600,MBTA|20260731|91|NorthBase-830286-91,MBTA,1785555900,NorthBase-830286-91,91,Newburyport/Rockport Line,Outbound,Montserrat,1785558300,1785558595,1785558300,1785558595,SCHEDULED,SCHEDULED,False
1785558900,MBTA|20260731|91|NorthBase-830286-91,MBTA,1785555900,NorthBase-830286-91,91,Newburyport/Rockport Line,Outbound,Beverly Farms,1785558600,1785558881,1785558600,1785558881,SCHEDULED,SCHEDULED,False
1785559230,MBTA|20260731|91|NorthBase-830286-91,MBTA,1785555900,NorthBase-830286-91,91,Newburyport/Rockport Line,Outbound,Manchester,1785558960,1785559211,1785558960,1785559211,SCHEDULED,SCHEDULED,False
1785559590,MBTA|20260731|91|NorthBase-830286-91,MBTA,1785555900,NorthBase-830286-91,91,Newburyport/Rockport Line,Outbound,West Gloucester,1785559320,1785559574,1785559320,1785559574,SCHEDULED,SCHEDULED,False
1785559920,MBTA|20260731|91|NorthBase-830286-91,MBTA,1785555900,NorthBase-830286-91,91,Newburyport/Rockport Line,Outbound,Gloucester,1785559620,1785559900,1785559620,1785559900,SCHEDULED,SCHEDULED,False
1785560430,MBTA|20260731|91|NorthBase-830286-91,MBTA,1785555900,NorthBase-830286-91,91,Newburyport/Rockport Line,Outbound,Rockport,1785560460,1785560451,1785560460,,SCHEDULED,SCHEDULED,False
,MBTA|20260731|1097|WMLRailJob-841713-1097,MBTA,1785556200,WMLRailJob-841713-1097,1097,Greenbush Line,Outbound,South Station,1785556200,1785556200,1785556200,1785556200,SCHEDULED,SCHEDULED,True
1785557190,MBTA|20260731|1097|WMLRailJob-841713-1097,MBTA,1785556200,WMLRailJob-841713-1097,1097,Greenbush Line,Outbound,Quincy Center,1785557100,1785557140,1785557100,1785557140,SCHEDULED,SCHEDULED,False
1785557700,MBTA|20260731|1097|WMLRailJob-841713-1097,MBTA,1785556200,WMLRailJob-841713-1097,1097,Greenbush Line,Outbound,Weymouth Landing/East Braintree,1785557640,1785557673,1785557640,1785557673,SCHEDULED,SCHEDULED,False
1785558090,MBTA|20260731|1097|WMLRailJob-841713-1097,MBTA,1785556200,WMLRailJob-841713-1097,1097,Greenbush Line,Outbound,East Weymouth,1785557940,1785558085,1785557940,1785558085,SCHEDULED,SCHEDULED,False
1785558300,MBTA|20260731|1097|WMLRailJob-841713-1097,MBTA,1785556200,WMLRailJob-841713-1097,1097,Greenbush Line,Outbound,West Hingham,1785558120,1785558256,1785558120,1785558256,SCHEDULED,SCHEDULED,False
1785558540,MBTA|20260731|1097|WMLRailJob-841713-1097,MBTA,1785556200,WMLRailJob-841713-1097,1097,Greenbush Line,Outbound,Nantasket Junction,1785558360,1785558512,1785558360,1785558512,SCHEDULED,SCHEDULED,False
1785558750,MBTA|20260731|1097|WMLRailJob-841713-1097,MBTA,1785556200,WMLRailJob-841713-1097,1097,Greenbush Line,Outbound,Cohasset,1785558540,1785558721,1785558540,1785558721,SCHEDULED,SCHEDULED,False
1785559200,MBTA|20260731|1097|WMLRailJob-841713-1097,MBTA,1785556200,WMLRailJob-841713-1097,1097,Greenbush Line,Outbound,North Scituate,1785558960,1785559172,1785558960,1785559172,SCHEDULED,SCHEDULED,False
1785559530,MBTA|20260731|1097|WMLRailJob-841713-1097,MBTA,1785556200,WMLRailJob-841713-1097,1097,Greenbush Line,Outbound,Greenbush,1785559620,1785559554,1785559620,,SCHEDULED,SCHEDULED,False
,MBTA|20260731|390|NorthBase-825760-390,MBTA,1785556200,NorthBase-825760-390,390,Lowell Line,Inbound,Lowell,1785556200,1785556200,1785556200,1785556200,SCHEDULED,SCHEDULED,True
,MBTA|20260731|390|NorthBase-825760-390,MBTA,1785556200,NorthBase-825760-390,390,Lowell Line,Inbound,North Billerica,1785556680,1785556680,1785556680,1785556680,SCHEDULED,SCHEDULED,True
1785557220,MBTA|20260731|390|NorthBase-825760-390,MBTA,1785556200,NorthBase-825760-390,390,Lowell Line,Inbound,Wilmington,1785557100,1785557219,1785557100,1785557219,SCHEDULED,SCHEDULED,False
1785557430,MBTA|20260731|390|NorthBase-825760-390,MBTA,1785556200,NorthBase-825760-390,390,Lowell Line,Inbound,Anderson/Woburn,1785557340,1785557398,1785557340,1785557398,SCHEDULED,SCHEDULED,False
1785557790,MBTA|20260731|390|NorthBase-825760-390,MBTA,1785556200,NorthBase-825760-390,390,Lowell Line,Inbound,Winchester Center,1785557700,1785557749,1785557700,1785557749,SCHEDULED,SCHEDULED,False
1785557880,MBTA|20260731|390|NorthBase-825760-390,MBTA,1785556200,NorthBase-825760-390,390,Lowell Line,Inbound,Wedgemere,1785557820,1785557854,1785557820,1785557854,SCHEDULED,SCHEDULED,False
1785558030,MBTA|20260731|390|NorthBase-825760-390,MBTA,1785556200,NorthBase-825760-390,390,Lowell Line,Inbound,West Medford,1785558000,1785558006,1785558000,1785558056,SCHEDULED,SCHEDULED,False
1785558630,MBTA|20260731|390|NorthBase-825760-390,MBTA,1785556200,NorthBase-825760-390,390,Lowell Line,Inbound,North Station,1785558840,1785558661,1785558840,,SCHEDULED,SCHEDULED,False
,MBTA|20260731|447|NorthBase-825789-447,MBTA,1785556200,NorthBase-825789-447,447,Fitchburg Line,Outbound,North Station,1785556200,1785556200,1785556200,1785556200,SCHEDULED,SCHEDULED,True
1785556860,MBTA|20260731|447|NorthBase-825789-447,MBTA,1785556200,NorthBase-825789-447,447,Fitchburg Line,Outbound,Porter,1785556800,1785556807,1785556800,1785556807,SCHEDULED,SCHEDULED,False
1785557160,MBTA|20260731|447|NorthBase-825789-447,MBTA,1785556200,NorthBase-825789-447,447,Fitchburg Line,Outbound,Belmont,1785557100,1785557117,1785557100,1785557117,SCHEDULED,SCHEDULED,False
1785557340,MBTA|20260731|447|NorthBase-825789-447,MBTA,1785556200,NorthBase-825789-447,447,Fitchburg Line,Outbound,Waverley,1785557220,1785557303,1785557220,1785557303,SCHEDULED,SCHEDULED,False
1785557670,MBTA|20260731|447|NorthBase-825789-447,MBTA,1785556200,NorthBase-825789-447,447,Fitchburg Line,Outbound,Waltham,1785557520,1785557644,1785557520,1785557644,SCHEDULED,SCHEDULED,False
1785557880,MBTA|20260731|447|NorthBase-825789-447,MBTA,1785556200,NorthBase-825789-447,447,Fitchburg Line,Outbound,Brandeis/Roberts,1785557700,1785557830,1785557700,1785557830,SCHEDULED,SCHEDULED,False
1785558060,MBTA|20260731|447|NorthBase-825789-447,MBTA,1785556200,NorthBase-825789-447,447,Fitchburg Line,Outbound,Kendal Green,1785557940,1785558024,1785557940,1785558024,SCHEDULED,SCHEDULED,False
1785558390,MBTA|20260731|447|NorthBase-825789-447,MBTA,1785556200,NorthBase-825789-447,447,Fitchburg Line,Outbound,Lincoln,1785558240,1785558357,1785558240,1785558357,SCHEDULED,SCHEDULED,False
1785558660,MBTA|20260731|447|NorthBase-825789-447,MBTA,1785556200,NorthBase-825789-447,447,Fitchburg Line,Outbound,Concord,1785558540,1785558636,1785558540,1785558636,SCHEDULED,SCHEDULED,False
1785558900,MBTA|20260731|447|NorthBase-825789-447,MBTA,1785556200,NorthBase-825789-447,447,Fitchburg Line,Outbound,West Concord,1785558780,1785558853,1785558780,1785558853,SCHEDULED,SCHEDULED,False
1785559200,MBTA|20260731|447|NorthBase-825789-447,MBTA,1785556200,NorthBase-825789-447,447,Fitchburg Line,Outbound,South Acton,1785559080,1785559163,1785559080,1785559163,SCHEDULED,SCHEDULED,False
1785559500,MBTA|20260731|447|NorthBase-825789-447,MBTA,1785556200,NorthBase-825789-447,447,Fitchburg Line,Outbound,Littleton/Route 495,1785559500,1785559448,1785559500,1785559481,SCHEDULED,SCHEDULED,False
1785560010,MBTA|20260731|447|NorthBase-825789-447,MBTA,1785556200,NorthBase-825789-447,447,Fitchburg Line,Outbound,Ayer,1785559980,1785559980,1785559980,1785559980,SCHEDULED,SCHEDULED,False
1785560280,MBTA|20260731|447|NorthBase-825789-447,MBTA,1785556200,NorthBase-825789-447,447,Fitchburg Line,Outbound,Shirley,1785560280,1785560280,1785560280,1785560280,SCHEDULED,SCHEDULED,False
1785560880,MBTA|20260731|447|NorthBase-825789-447,MBTA,1785556200,NorthBase-825789-447,447,Fitchburg Line,Outbound,North Leominster,1785560820,1785560837,1785560820,1785560837,SCHEDULED,SCHEDULED,False
1785561330,MBTA|20260731|447|NorthBase-825789-447,MBTA,1785556200,NorthBase-825789-447,447,Fitchburg Line,Outbound,Fitchburg,1785561300,1785561300,1785561300,1785561300,SCHEDULED,SCHEDULED,False
1785561990,MBTA|20260731|447|NorthBase-825789-447,MBTA,1785556200,NorthBase-825789-447,447,Fitchburg Line,Outbound,Wachusett,1785561960,1785561859,1785561960,,SCHEDULED,SCHEDULED,False
,MBTA|20260731|193|NorthBase-830300-193,MBTA,1785556500,NorthBase-830300-193,193,Newburyport/Rockport Line,Outbound,North Station,1785556500,1785556500,1785556500,1785556500,SCHEDULED,SCHEDULED,True
1785557280,MBTA|20260731|193|NorthBase-830300-193,MBTA,1785556500,NorthBase-830300-193,193,Newburyport/Rockport Line,Outbound,Chelsea,1785557160,1785557255,1785557160,1785557255,SCHEDULED,SCHEDULED,False
1785557790,MBTA|20260731|193|NorthBase-830300-193,MBTA,1785556500,NorthBase-830300-193,193,Newburyport/Rockport Line,Outbound,River Works,1785557580,1785557765,1785557580,1785557815,SCHEDULED,SCHEDULED,False
1785558060,MBTA|20260731|193|NorthBase-830300-193,MBTA,1785556500,NorthBase-830300-193,193,Newburyport/Rockport Line,Outbound,Lynn Interim,1785557820,1785558034,1785557820,1785558084,SCHEDULED,SCHEDULED,False
1785558240,MBTA|20260731|193|NorthBase-830300-193,MBTA,1785556500,NorthBase-830300-193,193,Newburyport/Rockport Line,Outbound,Swampscott,1785558000,1785558213,1785558000,1785558213,SCHEDULED,SCHEDULED,False
1785558810,MBTA|20260731|193|NorthBase-830300-193,MBTA,1785556500,NorthBase-830300-193,193,Newburyport/Rockport Line,Outbound,Salem,1785558420,1785558781,1785558420,1785558781,SCHEDULED,SCHEDULED,False
1785559080,MBTA|20260731|193|NorthBase-830300-193,MBTA,1785556500,NorthBase-830300-193,193,Newburyport/Rockport Line,Outbound,Beverly,1785558660,1785559050,1785558660,1785559050,SCHEDULED,SCHEDULED,False
1785559440,MBTA|20260731|193|NorthBase-830300-193,MBTA,1785556500,NorthBase-830300-193,193,Newburyport/Rockport Line,Outbound,North Beverly,1785558960,1785559394,1785558960,1785559394,SCHEDULED,SCHEDULED,False
1785559680,MBTA|20260731|193|NorthBase-830300-193,MBTA,1785556500,NorthBase-830300-193,193,Newburyport/Rockport Line,Outbound,Hamilton/Wenham,1785559200,1785559639,1785559200,1785559639,SCHEDULED,SCHEDULED,False
1785560070,MBTA|20260731|193|NorthBase-830300-193,MBTA,1785556500,NorthBase-830300-193,193,Newburyport/Rockport Line,Outbound,Ipswich,1785559560,1785560046,1785559560,1785560046,SCHEDULED,SCHEDULED,False
1785560460,MBTA|20260731|193|NorthBase-830300-193,MBTA,1785556500,NorthBase-830300-193,193,Newburyport/Rockport Line,Outbound,Rowley,1785559860,1785560407,1785559860,1785560407,SCHEDULED,SCHEDULED,False
1785560850,MBTA|20260731|193|NorthBase-830300-193,MBTA,1785556500,NorthBase-830300-193,193,Newburyport/Rockport Line,Outbound,Newburyport,1785560580,1785560852,1785560580,,SCHEDULED,SCHEDULED,False
,MBTA|20260731|793|WMLRailJob-842141-793,MBTA,1785556500,WMLRailJob-842141-793,793,Franklin/Foxboro Line,Outbound,South Station,1785556500,1785556500,1785556500,1785556500,SCHEDULED,SCHEDULED,True
1785557190,MBTA|20260731|793|WMLRailJob-842141-793,MBTA,1785556500,WMLRailJob-842141-793,793,Franklin/Foxboro Line,Outbound,Newmarket,1785556980,1785557139,1785556980,1785557139,SCHEDULED,SCHEDULED,False
1785557310,MBTA|20260731|793|WMLRailJob-842141-793,MBTA,1785556500,WMLRailJob-842141-793,793,Franklin/Foxboro Line,Outbound,Uphams Corner,1785557100,1785557268,1785557100,1785557268,SCHEDULED,SCHEDULED,False
1785557490,MBTA|20260731|793|WMLRailJob-842141-793,MBTA,1785556500,WMLRailJob-842141-793,793,Franklin/Foxboro Line,Outbound,Four Corners/Geneva,1785557280,1785557449,1785557280,1785557449,SCHEDULED,SCHEDULED,False
1785557640,MBTA|20260731|793|WMLRailJob-842141-793,MBTA,1785556500,WMLRailJob-842141-793,793,Franklin/Foxboro Line,Outbound,Talbot Avenue,1785557460,1785557626,1785557460,1785557676,SCHEDULED,SCHEDULED,False
1785557790,MBTA|20260731|793|WMLRailJob-842141-793,MBTA,1785556500,WMLRailJob-842141-793,793,Franklin/Foxboro Line,Outbound,Morton Street,1785557640,1785557759,1785557640,1785557759,SCHEDULED,SCHEDULED,False
1785557940,MBTA|20260731|793|WMLRailJob-842141-793,MBTA,1785556500,WMLRailJob-842141-793,793,Franklin/Foxboro Line,Outbound,Blue Hill Avenue,1785557760,1785557914,1785557760,1785557914,SCHEDULED,SCHEDULED,False
1785558180,MBTA|20260731|793|WMLRailJob-842141-793,MBTA,1785556500,WMLRailJob-842141-793,793,Franklin/Foxboro Line,Outbound,Fairmount,1785557940,1785558131,1785557940,1785558131,SCHEDULED,SCHEDULED,False
1785558420,MBTA|20260731|793|WMLRailJob-842141-793,MBTA,1785556500,WMLRailJob-842141-793,793,Franklin/Foxboro Line,Outbound,Readville,1785558180,1785558395,1785558180,1785558395,SCHEDULED,SCHEDULED,False
1785558630,MBTA|20260731|793|WMLRailJob-842141-793,MBTA,1785556500,WMLRailJob-842141-793,793,Franklin/Foxboro Line,Outbound,Endicott,1785558540,1785558611,1785558540,1785558611,SCHEDULED,SCHEDULED,False
1785558780,MBTA|20260731|793|WMLRailJob-842141-793,MBTA,1785556500,WMLRailJob-842141-793,793,Franklin/Foxboro Line,Outbound,Dedham Corporate Center,1785558660,1785558751,1785558660,1785558751,SCHEDULED,SCHEDULED,False
1785558900,MBTA|20260731|793|WMLRailJob-842141-793,MBTA,1785556500,WMLRailJob-842141-793,793,Franklin/Foxboro Line,Outbound,Islington,1785558840,1785558880,1785558840,1785558880,SCHEDULED,SCHEDULED,False
1785559140,MBTA|20260731|793|WMLRailJob-842141-793,MBTA,1785556500,WMLRailJob-842141-793,793,Franklin/Foxboro Line,Outbound,Norwood Depot,1785559020,1785559092,1785559020,1785559092,SCHEDULED,SCHEDULED,False
1785559230,MBTA|20260731|793|WMLRailJob-842141-793,MBTA,1785556500,WMLRailJob-842141-793,793,Franklin/Foxboro Line,Outbound,Norwood Central,1785559140,1785559210,1785559140,1785559210,SCHEDULED,SCHEDULED,False
1785559470,MBTA|20260731|793|WMLRailJob-842141-793,MBTA,1785556500,WMLRailJob-842141-793,793,Franklin/Foxboro Line,Outbound,Windsor Gardens,1785559320,1785559433,1785559320,1785559433,SCHEDULED,SCHEDULED,False
1785559710,MBTA|20260731|793|WMLRailJob-842141-793,MBTA,1785556500,WMLRailJob-842141-793,793,Franklin/Foxboro Line,Outbound,Walpole,1785559620,1785559681,1785559620,1785559681,SCHEDULED,SCHEDULED,False
1785560040,MBTA|20260731|793|WMLRailJob-842141-793,MBTA,1785556500,WMLRailJob-842141-793,793,Franklin/Foxboro Line,Outbound,Norfolk,1785560040,1785559991,1785560040,1785559991,SCHEDULED,SCHEDULED,False
1785560610,MBTA|20260731|793|WMLRailJob-842141-793,MBTA,1785556500,WMLRailJob-842141-793,793,Franklin/Foxboro Line,Outbound,Franklin,1785560460,1785560580,1785560460,1785560580,SCHEDULED,SCHEDULED,False
1785561090,MBTA|20260731|793|WMLRailJob-842141-793,MBTA,1785556500,WMLRailJob-842141-793,793,Franklin/Foxboro Line,Outbound,Forge Park/495,1785561060,1785560982,1785561060,,SCHEDULED,SCHEDULED,False
,MBTA|20260731|893|WMLRailJob-841865-893,MBTA,1785556500,WMLRailJob-841865-893,893,Providence/Stoughton Line,Outbound,South Station,1785556500,1785556500,1785556500,1785556500,SCHEDULED,SCHEDULED,True
1785556980,MBTA|20260731|893|WMLRailJob-841865-893,MBTA,1785556500,WMLRailJob-841865-893,893,Providence/Stoughton Line,Outbound,Back Bay,1785556800,1785556952,1785556800,1785557002,SCHEDULED,SCHEDULED,False
1785557220,MBTA|20260731|893|WMLRailJob-841865-893,MBTA,1785556500,WMLRailJob-841865-893,893,Providence/Stoughton Line,Outbound,Ruggles,1785556980,1785557196,1785556980,1785557196,SCHEDULED,SCHEDULED,False
1785557490,MBTA|20260731|893|WMLRailJob-841865-893,MBTA,1785556500,WMLRailJob-841865-893,893,Providence/Stoughton Line,Outbound,Forest Hills,1785557280,1785557495,1785557280,1785557495,SCHEDULED,SCHEDULED,False
1785557820,MBTA|20260731|893|WMLRailJob-841865-893,MBTA,1785556500,WMLRailJob-841865-893,893,Providence/Stoughton Line,Outbound,Hyde Park,1785557580,1785557788,1785557580,1785557788,SCHEDULED,SCHEDULED,False
1785558030,MBTA|20260731|893|WMLRailJob-841865-893,MBTA,1785556500,WMLRailJob-841865-893,893,Providence/Stoughton Line,Outbound,Readville,1785557700,1785558001,1785557700,1785558001,SCHEDULED,SCHEDULED,False
1785558330,MBTA|20260731|893|WMLRailJob-841865-893,MBTA,1785556500,WMLRailJob-841865-893,893,Providence/Stoughton Line,Outbound,Route 128,1785557940,1785558284,1785557940,1785558284,SCHEDULED,SCHEDULED,False
1785558690,MBTA|20260731|893|WMLRailJob-841865-893,MBTA,1785556500,WMLRailJob-841865-893,893,Providence/Stoughton Line,Outbound,Canton Junction,1785558300,1785558656,1785558300,1785558656,SCHEDULED,SCHEDULED,False
1785559020,MBTA|20260731|893|WMLRailJob-841865-893,MBTA,1785556500,WMLRailJob-841865-893,893,Providence/Stoughton Line,Outbound,Sharon,1785558660,1785558997,1785558660,1785558997,SCHEDULED,SCHEDULED,False
1785559530,MBTA|20260731|893|WMLRailJob-841865-893,MBTA,1785556500,WMLRailJob-841865-893,893,Providence/Stoughton Line,Outbound,Mansfield,1785559140,1785559493,1785559140,1785559493,SCHEDULED,SCHEDULED,False
1785560100,MBTA|20260731|893|WMLRailJob-841865-893,MBTA,1785556500,WMLRailJob-841865-893,893,Providence/Stoughton Line,Outbound,Attleboro,1785559620,1785560051,1785559620,1785560051,SCHEDULED,SCHEDULED,False
1785560640,MBTA|20260731|893|WMLRailJob-841865-893,MBTA,1785556500,WMLRailJob-841865-893,893,Providence/Stoughton Line,Outbound,Pawtucket/Central Falls,1785560160,1785560609,1785560160,1785560609,SCHEDULED,SCHEDULED,False
1785561120,MBTA|20260731|893|WMLRailJob-841865-893,MBTA,1785556500,WMLRailJob-841865-893,893,Providence/Stoughton Line,Outbound,Providence,1785561120,1785560957,1785561120,,SCHEDULED,SCHEDULED,False
,MBTA|20260731|2047|WMLRailJob-841770-2047,MBTA,1785556740,WMLRailJob-841770-2047,2047,Fall River/New Bedford Line,Outbound,South Station,1785556740,1785556740,1785556740,1785556740,SCHEDULED,SCHEDULED,True
1785557700,MBTA|20260731|2047|WMLRailJob-841770-2047,MBTA,1785556740,WMLRailJob-841770-2047,2047,Fall River/New Bedford Line,Outbound,Quincy Center,1785557640,1785557656,1785557640,1785557656,SCHEDULED,SCHEDULED,False
1785558120,MBTA|20260731|2047|WMLRailJob-841770-2047,MBTA,1785556740,WMLRailJob-841770-2047,2047,Fall River/New Bedford Line,Outbound,Braintree,1785558000,1785558091,1785558000,1785558091,SCHEDULED,SCHEDULED,False
1785558600,MBTA|20260731|2047|WMLRailJob-841770-2047,MBTA,1785556740,WMLRailJob-841770-2047,2047,Fall River/New Bedford Line,Outbound,Holbrook/Randolph,1785558480,1785558593,1785558480,1785558643,SCHEDULED,SCHEDULED,False
1785558930,MBTA|20260731|2047|WMLRailJob-841770-2047,MBTA,1785556740,WMLRailJob-841770-2047,2047,Fall River/New Bedford Line,Outbound,Montello,1785558840,1785558897,1785558840,1785558897,SCHEDULED,SCHEDULED,False
1785559170,MBTA|20260731|2047|WMLRailJob-841770-2047,MBTA,1785556740,WMLRailJob-841770-2047,2047,Fall River/New Bedford Line,Outbound,Brockton,1785559080,1785559114,1785559080,1785559114,SCHEDULED,SCHEDULED,False
1785559380,MBTA|20260731|2047|WMLRailJob-841770-2047,MBTA,1785556740,WMLRailJob-841770-2047,2047,Fall River/New Bedford Line,Outbound,Campello,1785559320,1785559331,1785559320,1785559331,SCHEDULED,SCHEDULED,False
1785559890,MBTA|20260731|2047|WMLRailJob-841770-2047,MBTA,1785556740,WMLRailJob-841770-2047,2047,Fall River/New Bedford Line,Outbound,Bridgewater,1785559800,1785559858,1785559800,1785559858,SCHEDULED,SCHEDULED,False
1785560580,MBTA|20260731|2047|WMLRailJob-841770-2047,MBTA,1785556740,WMLRailJob-841770-2047,2047,Fall River/New Bedford Line,Outbound,Middleborough,1785560520,1785560540,1785560520,1785560540,SCHEDULED,SCHEDULED,False
1785561300,MBTA|20260731|2047|WMLRailJob-841770-2047,MBTA,1785556740,WMLRailJob-841770-2047,2047,Fall River/New Bedford Line,Outbound,East Taunton,1785561180,1785561253,1785561180,1785561253,SCHEDULED,SCHEDULED,False
1785562170,MBTA|20260731|2047|WMLRailJob-841770-2047,MBTA,1785556740,WMLRailJob-841770-2047,2047,Fall River/New Bedford Line,Outbound,Church Street,1785562080,1785562121,1785562080,1785562121,SCHEDULED,SCHEDULED,False
1785562680,MBTA|20260731|2047|WMLRailJob-841770-2047,MBTA,1785556740,WMLRailJob-841770-2047,2047,Fall River/New Bedford Line,Outbound,New Bedford,1785562680,1785562402,1785562680,,SCHEDULED,SCHEDULED,False
1785557640,MBTA|20260731|693|WMLRailJob-842132-693,MBTA,1785557580,WMLRailJob-842132-693,693,Needham Line,Outbound,Forest Hills,1785557580,,1785557580,1785557620,SCHEDULED,SCHEDULED,False
1785557940,MBTA|20260731|693|WMLRailJob-842132-693,MBTA,1785557580,WMLRailJob-842132-693,693,Needham Line,Outbound,Roslindale Village,1785557760,1785557838,1785557760,1785557888,SCHEDULED,SCHEDULED,False
1785558060,MBTA|20260731|693|WMLRailJob-842132-693,MBTA,1785557580,WMLRailJob-842132-693,693,Needham Line,Outbound,Bellevue,1785557940,1785558024,1785557940,1785558024,SCHEDULED,SCHEDULED,False
1785558180,MBTA|20260731|693|WMLRailJob-842132-693,MBTA,1785557580,WMLRailJob-842132-693,693,Needham Line,Outbound,Highland,1785558060,1785558143,1785558060,1785558143,SCHEDULED,SCHEDULED,False
1785558270,MBTA|20260731|693|WMLRailJob-842132-693,MBTA,1785557580,WMLRailJob-842132-693,693,Needham Line,Outbound,West Roxbury,1785558180,1785558243,1785558180,1785558243,SCHEDULED,SCHEDULED,False
1785558540,MBTA|20260731|693|WMLRailJob-842132-693,MBTA,1785557580,WMLRailJob-842132-693,693,Needham Line,Outbound,Hersey,1785558480,1785558515,1785558480,1785558515,SCHEDULED,SCHEDULED,False
1785558750,MBTA|20260731|693|WMLRailJob-842132-693,MBTA,1785557580,WMLRailJob-842132-693,693,Needham Line,Outbound,Needham Junction,1785558660,1785558701,1785558660,1785558701,SCHEDULED,SCHEDULED,False
1785558870,MBTA|20260731|693|WMLRailJob-842132-693,MBTA,1785557580,WMLRailJob-842132-693,693,Needham Line,Outbound,Needham Center,1785558840,1785558834,1785558840,1785558884,SCHEDULED,SCHEDULED,False
1785559170,MBTA|20260731|693|WMLRailJob-842132-693,MBTA,1785557580,WMLRailJob-842132-693,693,Needham Line,Outbound,Needham Heights,1785559140,1785559058,1785559140,,SCHEDULED,SCHEDULED,False
,MBTA|20260801|7004|SouthBase-793170-7004,MBTA,1785574020,SouthBase-793170-7004,7004,Fall River/New Bedford Line,Inbound,New Bedford,1785574020,1785574020,1785574020,1785574020,SCHEDULED,SCHEDULED,True
1785574950,MBTA|20260801|7004|SouthBase-793170-7004,MBTA,1785574020,SouthBase-793170-7004,7004,Fall River/New Bedford Line,Inbound,Church Street,1785574380,1785574930,1785574380,1785574930,SCHEDULED,SCHEDULED,False
1785575910,MBTA|20260801|7004|SouthBase-793170-7004,MBTA,1785574020,SouthBase-793170-7004,7004,Fall River/New Bedford Line,Inbound,East Taunton,1785575460,1785575889,1785575460,1785575889,SCHEDULED,SCHEDULED,False
1785576600,MBTA|20260801|7004|SouthBase-793170-7004,MBTA,1785574020,SouthBase-793170-7004,7004,Fall River/New Bedford Line,Inbound,Middleborough,1785576120,1785576579,1785576120,1785576579,SCHEDULED,SCHEDULED,False
1785577230,MBTA|20260801|7004|SouthBase-793170-7004,MBTA,1785574020,SouthBase-793170-7004,7004,Fall River/New Bedford Line,Inbound,Bridgewater,1785576720,1785577210,1785576720,1785577210,SCHEDULED,SCHEDULED,False
1785577710,MBTA|20260801|7004|SouthBase-793170-7004,MBTA,1785574020,SouthBase-793170-7004,7004,Fall River/New Bedford Line,Inbound,Campello,1785577200,1785577691,1785577200,1785577691,SCHEDULED,SCHEDULED,False
1785577950,MBTA|20260801|7004|SouthBase-793170-7004,MBTA,1785574020,SouthBase-793170-7004,7004,Fall River/New Bedford Line,Inbound,Brockton,1785577440,1785577929,1785577440,1785577929,SCHEDULED,SCHEDULED,False
1785578190,MBTA|20260801|7004|SouthBase-793170-7004,MBTA,1785574020,SouthBase-793170-7004,7004,Fall River/New Bedford Line,Inbound,Montello,1785577620,1785578170,1785577620,1785578170,SCHEDULED,SCHEDULED,False
1785578430,MBTA|20260801|7004|SouthBase-793170-7004,MBTA,1785574020,SouthBase-793170-7004,7004,Fall River/New Bedford Line,Inbound,Holbrook/Randolph,1785577920,1785578451,1785577920,1785578451,SCHEDULED,SCHEDULED,False
1785578790,MBTA|20260801|7004|SouthBase-793170-7004,MBTA,1785574020,SouthBase-793170-7004,7004,Fall River/New Bedford Line,Inbound,Braintree,1785578340,1785578784,1785578340,1785578784,SCHEDULED,SCHEDULED,False
1785579240,MBTA|20260801|7004|SouthBase-793170-7004,MBTA,1785574020,SouthBase-793170-7004,7004,Fall River/New Bedford Line,Inbound,Quincy Center,1785578700,1785579144,1785578700,1785579144,SCHEDULED,SCHEDULED,False
1785580320,MBTA|20260801|7004|SouthBase-793170-7004,MBTA,1785574020,SouthBase-793170-7004,7004,Fall River/New Bedford Line,Inbound,South Station,1785579840,1785580301,1785579840,,SCHEDULED,SCHEDULED,False
,MBTA|20260801|5102|NorthBase-825514-5102,MBTA,1785574620,NorthBase-825514-5102,5102,Newburyport/Rockport Line,Inbound,Newburyport,1785574620,1785574620,1785574620,1785574620,SCHEDULED,SCHEDULED,True
1785575100,MBTA|20260801|5102|NorthBase-825514-5102,MBTA,1785574620,NorthBase-825514-5102,5102,Newburyport/Rockport Line,Inbound,Rowley,1785575040,1785575086,1785575040,1785575086,SCHEDULED,SCHEDULED,False
1785575490,MBTA|20260801|5102|NorthBase-825514-5102,MBTA,1785574620,NorthBase-825514-5102,5102,Newburyport/Rockport Line,Inbound,Ipswich,1785575400,1785575470,1785575400,1785575470,SCHEDULED,SCHEDULED,False
1785575850,MBTA|20260801|5102|NorthBase-825514-5102,MBTA,1785574620,NorthBase-825514-5102,5102,Newburyport/Rockport Line,Inbound,Hamilton/Wenham,1785575760,1785575843,1785575760,1785575843,SCHEDULED,SCHEDULED,False
1785576090,MBTA|20260801|5102|NorthBase-825514-5102,MBTA,1785574620,NorthBase-825514-5102,5102,Newburyport/Rockport Line,Inbound,North Beverly,1785576000,1785576082,1785576000,1785576082,SCHEDULED,SCHEDULED,False
1785576420,MBTA|20260801|5102|NorthBase-825514-5102,MBTA,1785574620,NorthBase-825514-5102,5102,Newburyport/Rockport Line,Inbound,Beverly,1785576360,1785576401,1785576360,1785576401,SCHEDULED,SCHEDULED,False
1785576720,MBTA|20260801|5102|NorthBase-825514-5102,MBTA,1785574620,NorthBase-825514-5102,5102,Newburyport/Rockport Line,Inbound,Salem,1785576600,1785576656,1785576600,1785576656,SCHEDULED,SCHEDULED,False
1785577050,MBTA|20260801|5102|NorthBase-825514-5102,MBTA,1785574620,NorthBase-825514-5102,5102,Newburyport/Rockport Line,Inbound,Swampscott,1785577020,1785577031,1785577020,1785577031,SCHEDULED,SCHEDULED,False
1785577230,MBTA|20260801|5102|NorthBase-825514-5102,MBTA,1785574620,NorthBase-825514-5102,5102,Newburyport/Rockport Line,Inbound,Lynn Interim,1785577200,1785577209,1785577200,1785577209,SCHEDULED,SCHEDULED,False
1785577830,MBTA|20260801|5102|NorthBase-825514-5102,MBTA,1785574620,NorthBase-825514-5102,5102,Newburyport/Rockport Line,Inbound,Chelsea,1785577800,1785577838,1785577800,1785577888,SCHEDULED,SCHEDULED,False
1785578430,MBTA|20260801|5102|NorthBase-825514-5102,MBTA,1785574620,NorthBase-825514-5102,5102,Newburyport/Rockport Line,Inbound,North Station,1785578760,1785578445,1785578760,,SCHEDULED,SCHEDULED,False
,MBTA|20260801|5402|NorthBase-825565-5402,MBTA,1785574800,NorthBase-825565-5402,5402,Fitchburg Line,Inbound,Wachusett,1785574800,1785574800,1785574800,1785574800,SCHEDULED,SCHEDULED,True
1785575490,MBTA|20260801|5402|NorthBase-825565-5402,MBTA,1785574800,NorthBase-825565-5402,5402,Fitchburg Line,Inbound,Fitchburg,1785575280,1785575449,1785575280,1785575449,SCHEDULED,SCHEDULED,False
1785575880,MBTA|20260801|5402|NorthBase-825565-5402,MBTA,1785574800,NorthBase-825565-5402,5402,Fitchburg Line,Inbound,North Leominster,1785575700,1785575866,1785575700,1785575866,SCHEDULED,SCHEDULED,False
1785576390,MBTA|20260801|5402|NorthBase-825565-5402,MBTA,1785574800,NorthBase-825565-5402,5402,Fitchburg Line,Inbound,Shirley,1785576180,1785576348,1785576180,1785576348,SCHEDULED,SCHEDULED,False
1785576690,MBTA|20260801|5402|NorthBase-825565-5402,MBTA,1785574800,NorthBase-825565-5402,5402,Fitchburg Line,Inbound,Ayer,1785576480,1785576658,1785576480,1785576658,SCHEDULED,SCHEDULED,False
1785577170,MBTA|20260801|5402|NorthBase-825565-5402,MBTA,1785574800,NorthBase-825565-5402,5402,Fitchburg Line,Inbound,Littleton/Route 495,1785576960,1785577130,1785576960,1785577180,SCHEDULED,SCHEDULED,False
1785577470,MBTA|20260801|5402|NorthBase-825565-5402,MBTA,1785574800,NorthBase-825565-5402,5402,Fitchburg Line,Inbound,South Acton,1785577320,1785577454,1785577320,1785577454,SCHEDULED,SCHEDULED,False
1785577740,MBTA|20260801|5402|NorthBase-825565-5402,MBTA,1785574800,NorthBase-825565-5402,5402,Fitchburg Line,Inbound,West Concord,1785577560,1785577726,1785577560,1785577726,SCHEDULED,SCHEDULED,False
1785577920,MBTA|20260801|5402|NorthBase-825565-5402,MBTA,1785574800,NorthBase-825565-5402,5402,Fitchburg Line,Inbound,Concord,1785577800,1785577926,1785577800,1785577926,SCHEDULED,SCHEDULED,False
1785578250,MBTA|20260801|5402|NorthBase-825565-5402,MBTA,1785574800,NorthBase-825565-5402,5402,Fitchburg Line,Inbound,Lincoln,1785578160,1785578208,1785578160,1785578208,SCHEDULED,SCHEDULED,False
1785578520,MBTA|20260801|5402|NorthBase-825565-5402,MBTA,1785574800,NorthBase-825565-5402,5402,Fitchburg Line,Inbound,Kendal Green,1785578460,1785578497,1785578460,1785578497,SCHEDULED,SCHEDULED,False
1785578730,MBTA|20260801|5402|NorthBase-825565-5402,MBTA,1785574800,NorthBase-825565-5402,5402,Fitchburg Line,Inbound,Brandeis/Roberts,1785578700,1785578704,1785578700,1785578704,SCHEDULED,SCHEDULED,False
1785579000,MBTA|20260801|5402|NorthBase-825565-5402,MBTA,1785574800,NorthBase-825565-5402,5402,Fitchburg Line,Inbound,Waltham,1785578940,1785578952,1785578940,1785578952,SCHEDULED,SCHEDULED,False
1785579300,MBTA|20260801|5402|NorthBase-825565-5402,MBTA,1785574800,NorthBase-825565-5402,5402,Fitchburg Line,Inbound,Waverley,1785579240,1785579262,1785579240,1785579262,SCHEDULED,SCHEDULED,False
1785579450,MBTA|20260801|5402|NorthBase-825565-5402,MBTA,1785574800,NorthBase-825565-5402,5402,Fitchburg Line,Inbound,Belmont,1785579360,1785579417,1785579360,1785579417,SCHEDULED,SCHEDULED,False
1785579630,MBTA|20260801|5402|NorthBase-825565-5402,MBTA,1785574800,NorthBase-825565-5402,5402,Fitchburg Line,Inbound,Porter,1785579720,1785579610,1785579720,1785579720,SCHEDULED,SCHEDULED,False
1785580560,MBTA|20260801|5402|NorthBase-825565-5402,MBTA,1785574800,NorthBase-825565-5402,5402,Fitchburg Line,Inbound,North Station,1785580560,1785580355,1785580560,,SCHEDULED,SCHEDULED,False
1785575010,MBTA|20260801|5503|SouthBase-824343-5503,MBTA,1785574800,SouthBase-824343-5503,5503,Framingham/Worcester Line,Outbound,South Station,1785574800,,1785574800,1785574985,SCHEDULED,SCHEDULED,False
1785575340,MBTA|20260801|5503|SouthBase-824343-5503,MBTA,1785574800,SouthBase-824343-5503,5503,Framingham/Worcester Line,Outbound,Back Bay,1785575160,1785575307,1785575160,1785575307,SCHEDULED,SCHEDULED,False
1785575550,MBTA|20260801|5503|SouthBase-824343-5503,MBTA,1785574800,SouthBase-824343-5503,5503,Framingham/Worcester Line,Outbound,Lansdowne,1785575400,1785575528,1785575400,1785575528,SCHEDULED,SCHEDULED,False
1785575880,MBTA|20260801|5503|SouthBase-824343-5503,MBTA,1785574800,SouthBase-824343-5503,5503,Framingham/Worcester Line,Outbound,Boston Landing,1785575700,1785575848,1785575700,1785575898,SCHEDULED,SCHEDULED,False
1785576240,MBTA|20260801|5503|SouthBase-824343-5503,MBTA,1785574800,SouthBase-824343-5503,5503,Framingham/Worcester Line,Outbound,Newtonville,1785576060,1785576246,1785576060,1785576246,SCHEDULED,SCHEDULED,False
1785576390,MBTA|20260801|5503|SouthBase-824343-5503,MBTA,1785574800,SouthBase-824343-5503,5503,Framingham/Worcester Line,Outbound,West Newton,1785576240,1785576370,1785576240,1785576370,SCHEDULED,SCHEDULED,False
1785576570,MBTA|20260801|5503|SouthBase-824343-5503,MBTA,1785574800,SouthBase-824343-5503,5503,Framingham/Worcester Line,Outbound,Auburndale,1785576420,1785576516,1785576420,1785576516,SCHEDULED,SCHEDULED,False
1785577020,MBTA|20260801|5503|SouthBase-824343-5503,MBTA,1785574800,SouthBase-824343-5503,5503,Framingham/Worcester Line,Outbound,Wellesley Farms,1785576660,1785576987,1785576660,1785576987,SCHEDULED,SCHEDULED,False
1785577170,MBTA|20260801|5503|SouthBase-824343-5503,MBTA,1785574800,SouthBase-824343-5503,5503,Framingham/Worcester Line,Outbound,Wellesley Hills,1785576840,1785577150,1785576840,1785577150,SCHEDULED,SCHEDULED,False
1785577320,MBTA|20260801|5503|SouthBase-824343-5503,MBTA,1785574800,SouthBase-824343-5503,5503,Framingham/Worcester Line,Outbound,Wellesley Square,1785577020,1785577309,1785577020,1785577309,SCHEDULED,SCHEDULED,False
1785577590,MBTA|20260801|5503|SouthBase-824343-5503,MBTA,1785574800,SouthBase-824343-5503,5503,Framingham/Worcester Line,Outbound,Natick Center,1785577320,1785577548,1785577320,1785577548,SCHEDULED,SCHEDULED,False
1785577770,MBTA|20260801|5503|SouthBase-824343-5503,MBTA,1785574800,SouthBase-824343-5503,5503,Framingham/Worcester Line,Outbound,West Natick,1785577620,1785577759,1785577620,1785577759,SCHEDULED,SCHEDULED,False
1785578010,MBTA|20260801|5503|SouthBase-824343-5503,MBTA,1785574800,SouthBase-824343-5503,5503,Framingham/Worcester Line,Outbound,Framingham,1785577860,1785577973,1785577860,1785577973,SCHEDULED,SCHEDULED,False
1785578310,MBTA|20260801|5503|SouthBase-824343-5503,MBTA,1785574800,SouthBase-824343-5503,5503,Framingham/Worcester Line,Outbound,Ashland,1785578220,1785578308,1785578220,1785578308,SCHEDULED,SCHEDULED,False
1785578550,MBTA|20260801|5503|SouthBase-824343-5503,MBTA,1785574800,SouthBase-824343-5503,5503,Framingham/Worcester Line,Outbound,Southborough,1785578460,1785578512,1785578460,1785578512,SCHEDULED,SCHEDULED,False
1785579030,MBTA|20260801|5503|SouthBase-824343-5503,MBTA,1785574800,SouthBase-824343-5503,5503,Framingham/Worcester Line,Outbound,Westborough,1785578940,1785578996,1785578940,1785578996,SCHEDULED,SCHEDULED,False
1785579300,MBTA|20260801|5503|SouthBase-824343-5503,MBTA,1785574800,SouthBase-824343-5503,5503,Framingham/Worcester Line,Outbound,Grafton,1785579240,1785579244,1785579240,1785579244,SCHEDULED,SCHEDULED,False
1785580920,MBTA|20260801|5503|SouthBase-824343-5503,MBTA,1785574800,SouthBase-824343-5503,5503,Framingham/Worcester Line,Outbound,Worcester,1785580200,1785580920,1785580200,,SCHEDULED,SCHEDULED,False
,MBTA|20260801|5508|SouthBase-825444-5508,MBTA,1785575400,SouthBase-825444-5508,5508,Framingham/Worcester Line,Inbound,Worcester,1785575400,1785575400,1785575400,1785575400,SCHEDULED,SCHEDULED,True
1785576360,MBTA|20260801|5508|SouthBase-825444-5508,MBTA,1785575400,SouthBase-825444-5508,5508,Framingham/Worcester Line,Inbound,Grafton,1785576120,1785576340,1785576120,1785576340,SCHEDULED,SCHEDULED,False
1785576600,MBTA|20260801|5508|SouthBase-825444-5508,MBTA,1785575400,SouthBase-825444-5508,5508,Framingham/Worcester Line,Inbound,Westborough,1785576360,1785576580,1785576360,1785576580,SCHEDULED,SCHEDULED,False
1785577080,MBTA|20260801|5508|SouthBase-825444-5508,MBTA,1785575400,SouthBase-825444-5508,5508,Framingham/Worcester Line,Inbound,Southborough,1785576900,1785577061,1785576900,1785577061,SCHEDULED,SCHEDULED,False
1785577320,MBTA|20260801|5508|SouthBase-825444-5508,MBTA,1785575400,SouthBase-825444-5508,5508,Framingham/Worcester Line,Inbound,Ashland,1785577140,1785577300,1785577140,1785577300,SCHEDULED,SCHEDULED,False
1785578040,MBTA|20260801|5508|SouthBase-825444-5508,MBTA,1785575400,SouthBase-825444-5508,5508,Framingham/Worcester Line,Inbound,Framingham,1785577680,1785578036,1785577680,1785578036,SCHEDULED,SCHEDULED,False
1785578430,MBTA|20260801|5508|SouthBase-825444-5508,MBTA,1785575400,SouthBase-825444-5508,5508,Framingham/Worcester Line,Inbound,West Natick,1785578040,1785578410,1785578040,1785578410,SCHEDULED,SCHEDULED,False
1785578700,MBTA|20260801|5508|SouthBase-825444-5508,MBTA,1785575400,SouthBase-825444-5508,5508,Framingham/Worcester Line,Inbound,Natick Center,1785578340,1785578680,1785578340,1785578680,SCHEDULED,SCHEDULED,False
1785578910,MBTA|20260801|5508|SouthBase-825444-5508,MBTA,1785575400,SouthBase-825444-5508,5508,Framingham/Worcester Line,Inbound,Wellesley Square,1785578640,1785578895,1785578640,1785578945,SCHEDULED,SCHEDULED,False
1785579390,MBTA|20260801|5508|SouthBase-825444-5508,MBTA,1785575400,SouthBase-825444-5508,5508,Framingham/Worcester Line,Inbound,Wellesley Hills,1785578820,1785579371,1785578820,1785579371,SCHEDULED,SCHEDULED,False
1785579630,MBTA|20260801|5508|SouthBase-825444-5508,MBTA,1785575400,SouthBase-825444-5508,5508,Framingham/Worcester Line,Inbound,Wellesley Farms,1785578940,1785579611,1785578940,1785579611,SCHEDULED,SCHEDULED,False
1785579870,MBTA|20260801|5508|SouthBase-825444-5508,MBTA,1785575400,SouthBase-825444-5508,5508,Framingham/Worcester Line,Inbound,Auburndale,1785579180,1785579850,1785579180,1785579850,SCHEDULED,SCHEDULED,False
1785579990,MBTA|20260801|5508|SouthBase-825444-5508,MBTA,1785575400,SouthBase-825444-5508,5508,Framingham/Worcester Line,Inbound,West Newton,1785579360,1785579987,1785579360,1785579987,SCHEDULED,SCHEDULED,False
1785580170,MBTA|20260801|5508|SouthBase-825444-5508,MBTA,1785575400,SouthBase-825444-5508,5508,Framingham/Worcester Line,Inbound,Newtonville,1785579540,1785580151,1785579540,1785580151,SCHEDULED,SCHEDULED,False
1785580440,MBTA|20260801|5508|SouthBase-825444-5508,MBTA,1785575400,SouthBase-825444-5508,5508,Framingham/Worcester Line,Inbound,Boston Landing,1785579840,1785580434,1785579840,1785580434,SCHEDULED,SCHEDULED,False
1785580830,MBTA|20260801|5508|SouthBase-825444-5508,MBTA,1785575400,SouthBase-825444-5508,5508,Framingham/Worcester Line,Inbound,Lansdowne,1785580140,1785580811,1785580140,1785580811,SCHEDULED,SCHEDULED,False
1785581070,MBTA|20260801|5508|SouthBase-825444-5508,MBTA,1785575400,SouthBase-825444-5508,5508,Framingham/Worcester Line,Inbound,Back Bay,1785580620,1785580976,1785580620,1785580976,SCHEDULED,SCHEDULED,False
1785581520,MBTA|20260801|5508|SouthBase-825444-5508,MBTA,1785575400,SouthBase-825444-5508,5508,Framingham/Worcester Line,Inbound,South Station,1785580980,1785581387,1785580980,,SCHEDULED,SCHEDULED,False
1785575760,MBTA|20260801|5806|SouthBase-793087-5806,MBTA,1785575700,SouthBase-793087-5806,5806,Providence/Stoughton Line,Inbound,Providence,1785575700,,1785575700,1785575732,SCHEDULED,SCHEDULED,False
1785576120,MBTA|20260801|5806|SouthBase-793087-5806,MBTA,1785575700,SouthBase-793087-5806,5806,Providence/Stoughton Line,Inbound,Pawtucket/Central Falls,1785576060,1785576136,1785576060,1785576136,SCHEDULED,SCHEDULED,False
1785577080,MBTA|20260801|5806|SouthBase-793087-5806,MBTA,1785575700,SouthBase-793087-5806,5806,Providence/Stoughton Line,Inbound,Attleboro,1785576780,1785577040,1785576780,1785577040,SCHEDULED,SCHEDULED,False
1785577620,MBTA|20260801|5806|SouthBase-793087-5806,MBTA,1785575700,SouthBase-793087-5806,5806,Providence/Stoughton Line,Inbound,Mansfield,1785577380,1785577587,1785577380,1785577587,SCHEDULED,SCHEDULED,False
1785578100,MBTA|20260801|5806|SouthBase-793087-5806,MBTA,1785575700,SouthBase-793087-5806,5806,Providence/Stoughton Line,Inbound,Sharon,1785577920,1785578053,1785577920,1785578053,SCHEDULED,SCHEDULED,False
1785578340,MBTA|20260801|5806|SouthBase-793087-5806,MBTA,1785575700,SouthBase-793087-5806,5806,Providence/Stoughton Line,Inbound,Canton Junction,1785578220,1785578301,1785578220,1785578301,SCHEDULED,SCHEDULED,False
1785578610,MBTA|20260801|5806|SouthBase-793087-5806,MBTA,1785575700,SouthBase-793087-5806,5806,Providence/Stoughton Line,Inbound,Route 128,1785578580,1785578580,1785578580,1785578580,SCHEDULED,SCHEDULED,False
1785578880,MBTA|20260801|5806|SouthBase-793087-5806,MBTA,1785575700,SouthBase-793087-5806,5806,Providence/Stoughton Line,Inbound,Readville,1785578820,1785578828,1785578820,1785578828,SCHEDULED,SCHEDULED,False
1785579060,MBTA|20260801|5806|SouthBase-793087-5806,MBTA,1785575700,SouthBase-793087-5806,5806,Providence/Stoughton Line,Inbound,Hyde Park,1785579000,1785579010,1785579000,1785579010,SCHEDULED,SCHEDULED,False
1785579540,MBTA|20260801|5806|SouthBase-793087-5806,MBTA,1785575700,SouthBase-793087-5806,5806,Providence/Stoughton Line,Inbound,Ruggles,1785579660,1785579355,1785579660,1785579355,SCHEDULED,SCHEDULED,False
1785579900,MBTA|20260801|5806|SouthBase-793087-5806,MBTA,1785575700,SouthBase-793087-5806,5806,Providence/Stoughton Line,Inbound,Back Bay,1785579900,1785579523,1785579900,1785579523,SCHEDULED,SCHEDULED,False
1785580200,MBTA|20260801|5806|SouthBase-793087-5806,MBTA,1785575700,SouthBase-793087-5806,5806,Providence/Stoughton Line,Inbound,South Station,1785580200,1785579889,1785580200,,SCHEDULED,SCHEDULED,False
,MBTA|20260801|5706|SouthBase-830375-5706,MBTA,1785575820,SouthBase-830375-5706,5706,Franklin/Foxboro Line,Inbound,Forge Park/495,1785575820,1785575820,1785575820,1785575820,SCHEDULED,SCHEDULED,True
1785576330,MBTA|20260801|5706|SouthBase-830375-5706,MBTA,1785575820,SouthBase-830375-5706,5706,Franklin/Foxboro Line,Inbound,Franklin,1785576240,1785576297,1785576240,1785576297,SCHEDULED,SCHEDULED,False
1785576900,MBTA|20260801|5706|SouthBase-830375-5706,MBTA,1785575820,SouthBase-830375-5706,5706,Franklin/Foxboro Line,Inbound,Norfolk,1785576660,1785576855,1785576660,1785576905,SCHEDULED,SCHEDULED,False
1785577200,MBTA|20260801|5706|SouthBase-830375-5706,MBTA,1785575820,SouthBase-830375-5706,5706,Franklin/Foxboro Line,Inbound,Walpole,1785577080,1785577170,1785577080,1785577170,SCHEDULED,SCHEDULED,False
1785577470,MBTA|20260801|5706|SouthBase-830375-5706,MBTA,1785575820,SouthBase-830375-5706,5706,Franklin/Foxboro Line,Inbound,Windsor Gardens,1785577260,1785577441,1785577260,1785577441,SCHEDULED,SCHEDULED,False
1785577650,MBTA|20260801|5706|SouthBase-830375-5706,MBTA,1785575820,SouthBase-830375-5706,5706,Franklin/Foxboro Line,Inbound,Norwood Central,1785577500,1785577627,1785577500,1785577627,SCHEDULED,SCHEDULED,False
1785577800,MBTA|20260801|5706|SouthBase-830375-5706,MBTA,1785575820,SouthBase-830375-5706,5706,Franklin/Foxboro Line,Inbound,Norwood Depot,1785577620,1785577755,1785577620,1785577755,SCHEDULED,SCHEDULED,False
1785578010,MBTA|20260801|5706|SouthBase-830375-5706,MBTA,1785575820,SouthBase-830375-5706,5706,Franklin/Foxboro Line,Inbound,Islington,1785577800,1785577968,1785577800,1785577968,SCHEDULED,SCHEDULED,False
1785578130,MBTA|20260801|5706|SouthBase-830375-5706,MBTA,1785575820,SouthBase-830375-5706,5706,Franklin/Foxboro Line,Inbound,Dedham Corporate Center,1785577920,1785578099,1785577920,1785578099,SCHEDULED,SCHEDULED,False
1785578340,MBTA|20260801|5706|SouthBase-830375-5706,MBTA,1785575820,SouthBase-830375-5706,5706,Franklin/Foxboro Line,Inbound,Endicott,1785578100,1785578309,1785578100,1785578309,SCHEDULED,SCHEDULED,False
1785578580,MBTA|20260801|5706|SouthBase-830375-5706,MBTA,1785575820,SouthBase-830375-5706,5706,Franklin/Foxboro Line,Inbound,Readville,1785578400,1785578526,1785578400,1785578526,SCHEDULED,SCHEDULED,False
1785578850,MBTA|20260801|5706|SouthBase-830375-5706,MBTA,1785575820,SouthBase-830375-5706,5706,Franklin/Foxboro Line,Inbound,Fairmount,1785578580,1785578805,1785578580,1785578805,SCHEDULED,SCHEDULED,False
1785579030,MBTA|20260801|5706|SouthBase-830375-5706,MBTA,1785575820,SouthBase-830375-5706,5706,Franklin/Foxboro Line,Inbound,Blue Hill Avenue,1785578760,1785578991,1785578760,1785578991,SCHEDULED,SCHEDULED,False
1785579270,MBTA|20260801|5706|SouthBase-830375-5706,MBTA,1785575820,SouthBase-830375-5706,5706,Franklin/Foxboro Line,Inbound,Morton Street,1785578880,1785579239,1785578880,1785579239,SCHEDULED,SCHEDULED,False
1785579450,MBTA|20260801|5706|SouthBase-830375-5706,MBTA,1785575820,SouthBase-830375-5706,5706,Franklin/Foxboro Line,Inbound,Talbot Avenue,1785579060,1785579425,1785579060,1785579425,SCHEDULED,SCHEDULED,False
1785579750,MBTA|20260801|5706|SouthBase-830375-5706,MBTA,1785575820,SouthBase-830375-5706,5706,Franklin/Foxboro Line,Inbound,Four Corners/Geneva,1785579240,1785579704,1785579240,1785579704,SCHEDULED,SCHEDULED,False
1785579930,MBTA|20260801|5706|SouthBase-830375-5706,MBTA,1785575820,SouthBase-830375-5706,5706,Franklin/Foxboro Line,Inbound,Uphams Corner,1785579420,1785579890,1785579420,1785579890,SCHEDULED,SCHEDULED,False
1785579960,MBTA|20260801|5706|SouthBase-830375-5706,MBTA,1785575820,SouthBase-830375-5706,5706,Franklin/Foxboro Line,Inbound,Newmarket,1785579540,1785579946,1785579540,1785579996,SCHEDULED,SCHEDULED,False
1785580530,MBTA|20260801|5706|SouthBase-830375-5706,MBTA,1785575820,SouthBase-830375-5706,5706,Franklin/Foxboro Line,Inbound,South Station,1785580200,1785580514,1785580200,,SCHEDULED,SCHEDULED,False
,MBTA|20260801|5306|NorthBase-825547-5306,MBTA,1785576120,NorthBase-825547-5306,5306,Lowell Line,Inbound,Lowell,1785576120,1785576120,1785576120,1785576120,SCHEDULED,SCHEDULED,True
1785576750,MBTA|20260801|5306|NorthBase-825547-5306,MBTA,1785576120,NorthBase-825547-5306,5306,Lowell Line,Inbound,North Billerica,1785576600,1785576638,1785576600,1785576638,SCHEDULED,SCHEDULED,False
1785577290,MBTA|20260801|5306|NorthBase-825547-5306,MBTA,1785576120,NorthBase-825547-5306,5306,Lowell Line,Inbound,Wilmington,1785577020,1785577308,1785577020,1785577308,SCHEDULED,SCHEDULED,False
1785577470,MBTA|20260801|5306|NorthBase-825547-5306,MBTA,1785576120,NorthBase-825547-5306,5306,Lowell Line,Inbound,Anderson/Woburn,1785577260,1785577474,1785577260,1785577474,SCHEDULED,SCHEDULED,False
1785577950,MBTA|20260801|5306|NorthBase-825547-5306,MBTA,1785576120,NorthBase-825547-5306,5306,Lowell Line,Inbound,Winchester Center,1785577620,1785577828,1785577620,1785577828,SCHEDULED,SCHEDULED,False
1785578190,MBTA|20260801|5306|NorthBase-825547-5306,MBTA,1785576120,NorthBase-825547-5306,5306,Lowell Line,Inbound,Wedgemere,1785577740,1785578027,1785577740,1785578077,SCHEDULED,SCHEDULED,False
1785578190,MBTA|20260801|5306|NorthBase-825547-5306,MBTA,1785576120,NorthBase-825547-5306,5306,Lowell Line,Inbound,West Medford,1785577980,1785578243,1785577980,1785578293,SCHEDULED,SCHEDULED,False
1785578820,MBTA|20260801|5306|NorthBase-825547-5306,MBTA,1785576120,NorthBase-825547-5306,5306,Lowell Line,Inbound,North Station,1785578820,1785578714,1785578820,,SCHEDULED,SCHEDULED,False
1785576960,MBTA|20260801|6004|SouthBase-793107-6004,MBTA,1785576900,SouthBase-793107-6004,6004,Kingston Line,Inbound,Kingston,1785576900,,1785576900,1785576918,SCHEDULED,SCHEDULED,False
1785577530,MBTA|20260801|6004|SouthBase-793107-6004,MBTA,1785576900,SouthBase-793107-6004,6004,Kingston Line,Inbound,Halifax,1785577440,1785577503,1785577440,1785577503,SCHEDULED,SCHEDULED,False
1785577920,MBTA|20260801|6004|SouthBase-793107-6004,MBTA,1785576900,SouthBase-793107-6004,6004,Kingston Line,Inbound,Hanson,1785577740,1785577876,1785577740,1785577876,SCHEDULED,SCHEDULED,False
1785578220,MBTA|20260801|6004|SouthBase-793107-6004,MBTA,1785576900,SouthBase-793107-6004,6004,Kingston Line,Inbound,Whitman,1785578040,1785578186,1785578040,1785578186,SCHEDULED,SCHEDULED,False
1785578460,MBTA|20260801|6004|SouthBase-793107-6004,MBTA,1785576900,SouthBase-793107-6004,6004,Kingston Line,Inbound,Abington,1785578280,1785578434,1785578280,1785578434,SCHEDULED,SCHEDULED,False
1785578790,MBTA|20260801|6004|SouthBase-793107-6004,MBTA,1785576900,SouthBase-793107-6004,6004,Kingston Line,Inbound,South Weymouth,1785578580,1785578744,1785578580,1785578744,SCHEDULED,SCHEDULED,False
1785579180,MBTA|20260801|6004|SouthBase-793107-6004,MBTA,1785576900,SouthBase-793107-6004,6004,Kingston Line,Inbound,Braintree,1785579000,1785579147,1785579000,1785579147,SCHEDULED,SCHEDULED,False
1785579630,MBTA|20260801|6004|SouthBase-793107-6004,MBTA,1785576900,SouthBase-793107-6004,6004,Kingston Line,Inbound,Quincy Center,1785579360,1785579521,1785579360,1785579521,SCHEDULED,SCHEDULED,False
1785580800,MBTA|20260801|6004|SouthBase-793107-6004,MBTA,1785576900,SouthBase-793107-6004,6004,Kingston Line,Inbound,South Station,1785580380,1785580815,1785580380,,SCHEDULED,SCHEDULED,False
1785578010,MBTA|20260801|6056|SouthBase-793235-6056,MBTA,1785577920,SouthBase-793235-6056,6056,Greenbush Line,Inbound,Greenbush,1785577920,,1785577920,1785577965,SCHEDULED,SCHEDULED,False
1785578401,MBTA|20260801|6056|SouthBase-793235-6056,MBTA,1785577920,SouthBase-793235-6056,6056,Greenbush Line,Inbound,North Scituate,1785578340,1785578379,1785578340,1785578379,SCHEDULED,SCHEDULED,False
1785578790,MBTA|20260801|6056|SouthBase-793235-6056,MBTA,1785577920,SouthBase-793235-6056,6056,Greenbush Line,Inbound,Cohasset,1785578700,1785578766,1785578700,1785578766,SCHEDULED,SCHEDULED,False
1785579030,MBTA|20260801|6056|SouthBase-793235-6056,MBTA,1785577920,SouthBase-793235-6056,6056,Greenbush Line,Inbound,Nantasket Junction,1785578880,1785578983,1785578880,1785578983,SCHEDULED,SCHEDULED,False
1785579300,MBTA|20260801|6056|SouthBase-793235-6056,MBTA,1785577920,SouthBase-793235-6056,6056,Greenbush Line,Inbound,West Hingham,1785579240,1785579264,1785579240,1785579264,SCHEDULED,SCHEDULED,False
1785579450,MBTA|20260801|6056|SouthBase-793235-6056,MBTA,1785577920,SouthBase-793235-6056,6056,Greenbush Line,Inbound,East Weymouth,1785579420,1785579427,1785579420,1785579477,SCHEDULED,SCHEDULED,False
1785579870,MBTA|20260801|6056|SouthBase-793235-6056,MBTA,1785577920,SouthBase-793235-6056,6056,Greenbush Line,Inbound,Weymouth Landing/East Braintree,1785579720,1785579820,1785579720,1785579820,SCHEDULED,SCHEDULED,False
1785580380,MBTA|20260801|6056|SouthBase-793235-6056,MBTA,1785577920,SouthBase-793235-6056,6056,Greenbush Line,Inbound,Quincy Center,1785580260,1785580294,1785580260,1785580294,SCHEDULED,SCHEDULED,False
1785581610,MBTA|20260801|6056|SouthBase-793235-6056,MBTA,1785577920,SouthBase-793235-6056,6056,Greenbush Line,Inbound,South Station,1785581400,1785581620,1785581400,,SCHEDULED,SCHEDULED,False
,MBTA|20260801|5010|NorthBase-825496-5010,MBTA,1785578400,NorthBase-825496-5010,5010,Newburyport/Rockport Line,Inbound,Rockport,1785578400,1785578400,1785578400,1785578400,SCHEDULED,SCHEDULED,True
1785579030,MBTA|20260801|5010|NorthBase-825496-5010,MBTA,1785578400,NorthBase-825496-5010,5010,Newburyport/Rockport Line,Inbound,Gloucester,1785578880,1785578998,1785578880,1785578998,SCHEDULED,SCHEDULED,False
1785579330,MBTA|20260801|5010|NorthBase-825496-5010,MBTA,1785578400,NorthBase-825496-5010,5010,Newburyport/Rockport Line,Inbound,West Gloucester,1785579180,1785579308,1785579180,1785579308,SCHEDULED,SCHEDULED,False
1785579720,MBTA|20260801|5010|NorthBase-825496-5010,MBTA,1785578400,NorthBase-825496-5010,5010,Newburyport/Rockport Line,Inbound,Manchester,1785579540,1785579680,1785579540,1785579680,SCHEDULED,SCHEDULED,False
1785580050,MBTA|20260801|5010|NorthBase-825496-5010,MBTA,1785578400,NorthBase-825496-5010,5010,Newburyport/Rockport Line,Inbound,Beverly Farms,1785579840,1785580021,1785579840,1785580021,SCHEDULED,SCHEDULED,False
1785580380,MBTA|20260801|5010|NorthBase-825496-5010,MBTA,1785578400,NorthBase-825496-5010,5010,Newburyport/Rockport Line,Inbound,Montserrat,1785580200,1785580355,1785580200,1785580355,SCHEDULED,SCHEDULED,False
1785580650,MBTA|20260801|5010|NorthBase-825496-5010,MBTA,1785578400,NorthBase-825496-5010,5010,Newburyport/Rockport Line,Inbound,Beverly,1785580560,1785580610,1785580560,1785580610,SCHEDULED,SCHEDULED,False
1785580920,MBTA|20260801|5010|NorthBase-825496-5010,MBTA,1785578400,NorthBase-825496-5010,5010,Newburyport/Rockport Line,Inbound,Salem,1785580800,1785580894,1785580800,1785580894,SCHEDULED,SCHEDULED,False
1785581340,MBTA|20260801|5010|NorthBase-825496-5010,MBTA,1785578400,NorthBase-825496-5010,5010,Newburyport/Rockport Line,Inbound,Swampscott,1785581220,1785581292,1785581220,1785581292,SCHEDULED,SCHEDULED,False
1785581550,MBTA|20260801|5010|NorthBase-825496-5010,MBTA,1785578400,NorthBase-825496-5010,5010,Newburyport/Rockport Line,Inbound,Lynn Interim,1785581400,1785581524,1785581400,1785581524,SCHEDULED,SCHEDULED,False
1785582210,MBTA|20260801|5010|NorthBase-825496-5010,MBTA,1785578400,NorthBase-825496-5010,5010,Newburyport/Rockport Line,Inbound,Chelsea,1785582000,1785582190,1785582000,1785582240,SCHEDULED,SCHEDULED,False
1785582810,MBTA|20260801|5010|NorthBase-825496-5010,MBTA,1785578400,NorthBase-825496-5010,5010,Newburyport/Rockport Line,Inbound,North Station,1785582960,1785582824,1785582960,,SCHEDULED,SCHEDULED,False
1785579090,MBTA|20260801|5608|SouthBase-830400-5608,MBTA,1785579000,SouthBase-830400-5608,5608,Needham Line,Inbound,Needham Heights,1785579000,,1785579000,1785579052,SCHEDULED,SCHEDULED,False
1785579330,MBTA|20260801|5608|SouthBase-830400-5608,MBTA,1785579000,SouthBase-830400-5608,5608,Needham Line,Inbound,Needham Center,1785579240,1785579294,1785579240,1785579294,SCHEDULED,SCHEDULED,False
1785579510,MBTA|20260801|5608|SouthBase-830400-5608,MBTA,1785579000,SouthBase-830400-5608,5608,Needham Line,Inbound,Needham Junction,1785579480,1785579487,1785579480,1785579487,SCHEDULED,SCHEDULED,False
1785579690,MBTA|20260801|5608|SouthBase-830400-5608,MBTA,1785579000,SouthBase-830400-5608,5608,Needham Line,Inbound,Hersey,1785579660,1785579666,1785579660,1785579666,SCHEDULED,SCHEDULED,False
1785580050,MBTA|20260801|5608|SouthBase-830400-5608,MBTA,1785579000,SouthBase-830400-5608,5608,Needham Line,Inbound,West Roxbury,1785579960,1785580007,1785579960,1785580007,SCHEDULED,SCHEDULED,False
1785580140,MBTA|20260801|5608|SouthBase-830400-5608,MBTA,1785579000,SouthBase-830400-5608,5608,Needham Line,Inbound,Highland,1785580080,1785580100,1785580080,1785580100,SCHEDULED,SCHEDULED,False
1785580260,MBTA|20260801|5608|SouthBase-830400-5608,MBTA,1785579000,SouthBase-830400-5608,5608,Needham Line,Inbound,Bellevue,1785580200,1785580224,1785580200,1785580224,SCHEDULED,SCHEDULED,False
1785580410,MBTA|20260801|5608|SouthBase-830400-5608,MBTA,1785579000,SouthBase-830400-5608,5608,Needham Line,Inbound,Roslindale Village,1785580380,1785580380,1785580380,1785580380,SCHEDULED,SCHEDULED,False
1785580560,MBTA|20260801|5608|SouthBase-830400-5608,MBTA,1785579000,SouthBase-830400-5608,5608,Needham Line,Inbound,Forest Hills,1785580560,1785580565,1785580560,1785580565,SCHEDULED,SCHEDULED,False
1785580860,MBTA|20260801|5608|SouthBase-830400-5608,MBTA,1785579000,SouthBase-830400-5608,5608,Needham Line,Inbound,Ruggles,1785580860,1785580799,1785580860,1785580799,SCHEDULED,SCHEDULED,False
1785581100,MBTA|20260801|5608|SouthBase-830400-5608,MBTA,1785579000,SouthBase-830400-5608,5608,Needham Line,Inbound,Back Bay,1785581100,1785580971,1785581100,1785580971,SCHEDULED,SCHEDULED,False
1785581460,MBTA|20260801|5608|SouthBase-830400-5608,MBTA,1785579000,SouthBase-830400-5608,5608,Needham Line,Inbound,South Station,1785581400,1785581479,1785581400,,SCHEDULED,SCHEDULED,False
,MBTA|20260801|5315|NorthBase-825548-5315,MBTA,1785579600,NorthBase-825548-5315,5315,Lowell Line,Outbound,North Station,1785579600,1785579600,1785579600,1785579600,SCHEDULED,SCHEDULED,True
1785580380,MBTA|20260801|5315|NorthBase-825548-5315,MBTA,1785579600,NorthBase-825548-5315,5315,Lowell Line,Outbound,West Medford,1785580260,1785580361,1785580260,1785580361,SCHEDULED,SCHEDULED,False
1785580560,MBTA|20260801|5315|NorthBase-825548-5315,MBTA,1785579600,NorthBase-825548-5315,5315,Lowell Line,Outbound,Wedgemere,1785580440,1785580553,1785580440,1785580553,SCHEDULED,SCHEDULED,False
1785580680,MBTA|20260801|5315|NorthBase-825548-5315,MBTA,1785579600,NorthBase-825548-5315,5315,Lowell Line,Outbound,Winchester Center,1785580560,1785580661,1785580560,1785580661,SCHEDULED,SCHEDULED,False
1785581040,MBTA|20260801|5315|NorthBase-825548-5315,MBTA,1785579600,NorthBase-825548-5315,5315,Lowell Line,Outbound,Anderson/Woburn,1785580980,1785581021,1785580980,1785581021,SCHEDULED,SCHEDULED,False
1785581310,MBTA|20260801|5315|NorthBase-825548-5315,MBTA,1785579600,NorthBase-825548-5315,5315,Lowell Line,Outbound,Wilmington,1785581160,1785581291,1785581160,1785581291,SCHEDULED,SCHEDULED,False
1785581760,MBTA|20260801|5315|NorthBase-825548-5315,MBTA,1785579600,NorthBase-825548-5315,5315,Lowell Line,Outbound,North Billerica,1785581700,1785581711,1785581700,1785581711,SCHEDULED,SCHEDULED,False
1785582270,MBTA|20260801|5315|NorthBase-825548-5315,MBTA,1785579600,NorthBase-825548-5315,5315,Lowell Line,Outbound,Lowell,1785582420,1785582299,1785582420,,SCHEDULED,SCHEDULED,False
1785579810,MBTA|20260801|6912|SouthBase-793159-6912,MBTA,1785579780,SouthBase-793159-6912,6912,Fall River/New Bedford Line,Inbound,Fall River Depot,1785579780,,1785579780,1785579799,SCHEDULED,SCHEDULED,False
1785580320,MBTA|20260801|6912|SouthBase-793159-6912,MBTA,1785579780,SouthBase-793159-6912,6912,Fall River/New Bedford Line,Inbound,Freetown,1785580200,1785580279,1785580200,1785580279,SCHEDULED,SCHEDULED,False
1785581040,MBTA|20260801|6912|SouthBase-793159-6912,MBTA,1785579780,SouthBase-793159-6912,6912,Fall River/New Bedford Line,Inbound,East Taunton,1785580980,1785580995,1785580980,1785580995,SCHEDULED,SCHEDULED,False
1785581730,MBTA|20260801|6912|SouthBase-793159-6912,MBTA,1785579780,SouthBase-793159-6912,6912,Fall River/New Bedford Line,Inbound,Middleborough,1785581640,1785581706,1785581640,1785581706,SCHEDULED,SCHEDULED,False
1785582360,MBTA|20260801|6912|SouthBase-793159-6912,MBTA,1785579780,SouthBase-793159-6912,6912,Fall River/New Bedford Line,Inbound,Bridgewater,1785582240,1785582326,1785582240,1785582326,SCHEDULED,SCHEDULED,False
1785582990,MBTA|20260801|6912|SouthBase-793159-6912,MBTA,1785579780,SouthBase-793159-6912,6912,Fall River/New Bedford Line,Inbound,Campello,1785582900,1785582956,1785582900,1785582956,SCHEDULED,SCHEDULED,False
1785583140,MBTA|20260801|6912|SouthBase-793159-6912,MBTA,1785579780,SouthBase-793159-6912,6912,Fall River/New Bedford Line,Inbound,Brockton,1785583140,1785583142,1785583140,1785583142,SCHEDULED,SCHEDULED,False
1785583410,MBTA|20260801|6912|SouthBase-793159-6912,MBTA,1785579780,SouthBase-793159-6912,6912,Fall River/New Bedford Line,Inbound,Montello,1785583320,1785583381,1785583320,1785583381,SCHEDULED,SCHEDULED,False
1785583680,MBTA|20260801|6912|SouthBase-793159-6912,MBTA,1785579780,SouthBase-793159-6912,6912,Fall River/New Bedford Line,Inbound,Holbrook/Randolph,1785583620,1785583662,1785583620,1785583662,SCHEDULED,SCHEDULED,False
1785584100,MBTA|20260801|6912|SouthBase-793159-6912,MBTA,1785579780,SouthBase-793159-6912,6912,Fall River/New Bedford Line,Inbound,Braintree,1785584100,1785583993,1785584100,1785583993,SCHEDULED,SCHEDULED,False
1785584610,MBTA|20260801|6912|SouthBase-793159-6912,MBTA,1785579780,SouthBase-793159-6912,6912,Fall River/New Bedford Line,Inbound,Quincy Center,1785584460,1785584492,1785584460,1785584492,SCHEDULED,SCHEDULED,False
1785585810,MBTA|20260801|6912|SouthBase-793159-6912,MBTA,1785579780,SouthBase-793159-6912,6912,Fall River/New Bedford Line,Inbound,South Station,1785585600,1785585826,1785585600,,SCHEDULED,SCHEDULED,False
1785579990,MBTA|20260801|7005|SouthBase-793171-7005,MBTA,1785579900,SouthBase-793171-7005,7005,Fall River/New Bedford Line,Outbound,South Station,1785579900,,1785579900,1785579958,SCHEDULED,SCHEDULED,False
1785580860,MBTA|20260801|7005|SouthBase-793171-7005,MBTA,1785579900,SouthBase-793171-7005,7005,Fall River/New Bedford Line,Outbound,Quincy Center,1785580800,1785580838,1785580800,1785580838,SCHEDULED,SCHEDULED,False
1785581220,MBTA|20260801|7005|SouthBase-793171-7005,MBTA,1785579900,SouthBase-793171-7005,7005,Fall River/New Bedford Line,Outbound,Braintree,1785581160,1785581179,1785581160,1785581179,SCHEDULED,SCHEDULED,False
1785581790,MBTA|20260801|7005|SouthBase-793171-7005,MBTA,1785579900,SouthBase-793171-7005,7005,Fall River/New Bedford Line,Outbound,Holbrook/Randolph,1785581640,1785581752,1785581640,1785581802,SCHEDULED,SCHEDULED,False
1785582090,MBTA|20260801|7005|SouthBase-793171-7005,MBTA,1785579900,SouthBase-793171-7005,7005,Fall River/New Bedford Line,Outbound,Montello,1785581940,1785582047,1785581940,1785582047,SCHEDULED,SCHEDULED,False
1785582300,MBTA|20260801|7005|SouthBase-793171-7005,MBTA,1785579900,SouthBase-793171-7005,7005,Fall River/New Bedford Line,Outbound,Brockton,1785582180,1785582264,1785582180,1785582264,SCHEDULED,SCHEDULED,False
1785582480,MBTA|20260801|7005|SouthBase-793171-7005,MBTA,1785579900,SouthBase-793171-7005,7005,Fall River/New Bedford Line,Outbound,Campello,1785582420,1785582450,1785582420,1785582450,SCHEDULED,SCHEDULED,False
1785582990,MBTA|20260801|7005|SouthBase-793171-7005,MBTA,1785579900,SouthBase-793171-7005,7005,Fall River/New Bedford Line,Outbound,Bridgewater,1785582900,1785582946,1785582900,1785582946,SCHEDULED,SCHEDULED,False
1785583710,MBTA|20260801|7005|SouthBase-793171-7005,MBTA,1785579900,SouthBase-793171-7005,7005,Fall River/New Bedford Line,Outbound,Middleborough,1785583620,1785583659,1785583620,1785583659,SCHEDULED,SCHEDULED,False
1785584340,MBTA|20260801|7005|SouthBase-793171-7005,MBTA,1785579900,SouthBase-793171-7005,7005,Fall River/New Bedford Line,Outbound,East Taunton,1785584280,1785584310,1785584280,1785584310,SCHEDULED,SCHEDULED,False
1785585240,MBTA|20260801|7005|SouthBase-793171-7005,MBTA,1785579900,SouthBase-793171-7005,7005,Fall River/New Bedford Line,Outbound,Church Street,1785585180,1785585209,1785585180,1785585209,SCHEDULED,SCHEDULED,False
1785585480,MBTA|20260801|7005|SouthBase-793171-7005,MBTA,1785579900,SouthBase-793171-7005,7005,Fall River/New Bedford Line,Outbound,New Bedford,1785585840,1785585497,1785585840,,SCHEDULED,SCHEDULED,False
,MBTA|20260801|5013|NorthBase-825497-5013,MBTA,1785580200,NorthBase-825497-5013,5013,Newburyport/Rockport Line,Outbound,North Station,1785580200,1785580200,1785580200,1785580200,SCHEDULED,SCHEDULED,True
1785580920,MBTA|20260801|5013|NorthBase-825497-5013,MBTA,1785580200,NorthBase-825497-5013,5013,Newburyport/Rockport Line,Outbound,Chelsea,1785580860,1785580901,1785580860,1785580901,SCHEDULED,SCHEDULED,False
1785581760,MBTA|20260801|5013|NorthBase-825497-5013,MBTA,1785580200,NorthBase-825497-5013,5013,Newburyport/Rockport Line,Outbound,Lynn Interim,1785581520,1785581741,1785581520,1785581741,SCHEDULED,SCHEDULED,False
1785581910,MBTA|20260801|5013|NorthBase-825497-5013,MBTA,1785580200,NorthBase-825497-5013,5013,Newburyport/Rockport Line,Outbound,Swampscott,1785581700,1785581891,1785581700,1785581891,SCHEDULED,SCHEDULED,False
1785582360,MBTA|20260801|5013|NorthBase-825497-5013,MBTA,1785580200,NorthBase-825497-5013,5013,Newburyport/Rockport Line,Outbound,Salem,1785582120,1785582341,1785582120,1785582341,SCHEDULED,SCHEDULED,False
1785582600,MBTA|20260801|5013|NorthBase-825497-5013,MBTA,1785580200,NorthBase-825497-5013,5013,Newburyport/Rockport Line,Outbound,Beverly,1785582360,1785582581,1785582360,1785582581,SCHEDULED,SCHEDULED,False
1785582870,MBTA|20260801|5013|NorthBase-825497-5013,MBTA,1785580200,NorthBase-825497-5013,5013,Newburyport/Rockport Line,Outbound,Montserrat,1785582600,1785582851,1785582600,1785582851,SCHEDULED,SCHEDULED,False
1785583140,MBTA|20260801|5013|NorthBase-825497-5013,MBTA,1785580200,NorthBase-825497-5013,5013,Newburyport/Rockport Line,Outbound,Beverly Farms,1785582900,1785583128,1785582900,1785583128,SCHEDULED,SCHEDULED,False
1785583500,MBTA|20260801|5013|NorthBase-825497-5013,MBTA,1785580200,NorthBase-825497-5013,5013,Newburyport/Rockport Line,Outbound,Manchester,1785583260,1785583481,1785583260,1785583481,SCHEDULED,SCHEDULED,False
1785583890,MBTA|20260801|5013|NorthBase-825497-5013,MBTA,1785580200,NorthBase-825497-5013,5013,Newburyport/Rockport Line,Outbound,West Gloucester,1785583620,1785583870,1785583620,1785583870,SCHEDULED,SCHEDULED,False
1785584220,MBTA|20260801|5013|NorthBase-825497-5013,MBTA,1785580200,NorthBase-825497-5013,5013,Newburyport/Rockport Line,Outbound,Gloucester,1785583980,1785584176,1785583980,1785584176,SCHEDULED,SCHEDULED,False
1785584730,MBTA|20260801|5013|NorthBase-825497-5013,MBTA,1785580200,NorthBase-825497-5013,5013,Newburyport/Rockport Line,Outbound,Rockport,1785584700,1785584748,1785584700,,SCHEDULED,SCHEDULED,False
,MBTA|20260801|5815|SouthBase-793088-5815,MBTA,1785581100,SouthBase-793088-5815,5815,Providence/Stoughton Line,Outbound,South Station,1785581100,1785581100,1785581100,1785581100,SCHEDULED,SCHEDULED,True
1785581670,MBTA|20260801|5815|SouthBase-793088-5815,MBTA,1785581100,SouthBase-793088-5815,5815,Providence/Stoughton Line,Outbound,Back Bay,1785581400,1785581634,1785581400,1785581684,SCHEDULED,SCHEDULED,False
1785581850,MBTA|20260801|5815|SouthBase-793088-5815,MBTA,1785581100,SouthBase-793088-5815,5815,Providence/Stoughton Line,Outbound,Ruggles,1785581580,1785581864,1785581580,1785581864,SCHEDULED,SCHEDULED,False
1785582390,MBTA|20260801|5815|SouthBase-793088-5815,MBTA,1785581100,SouthBase-793088-5815,5815,Providence/Stoughton Line,Outbound,Hyde Park,1785582060,1785582370,1785582060,1785582370,SCHEDULED,SCHEDULED,False
1785582600,MBTA|20260801|5815|SouthBase-793088-5815,MBTA,1785581100,SouthBase-793088-5815,5815,Providence/Stoughton Line,Outbound,Readville,1785582240,1785582581,1785582240,1785582581,SCHEDULED,SCHEDULED,False
1785582840,MBTA|20260801|5815|SouthBase-793088-5815,MBTA,1785581100,SouthBase-793088-5815,5815,Providence/Stoughton Line,Outbound,Route 128,1785582480,1785582821,1785582480,1785582821,SCHEDULED,SCHEDULED,False
1785583200,MBTA|20260801|5815|SouthBase-793088-5815,MBTA,1785581100,SouthBase-793088-5815,5815,Providence/Stoughton Line,Outbound,Canton Junction,1785582840,1785583187,1785582840,1785583237,SCHEDULED,SCHEDULED,False
1785583500,MBTA|20260801|5815|SouthBase-793088-5815,MBTA,1785581100,SouthBase-793088-5815,5815,Providence/Stoughton Line,Outbound,Sharon,1785583140,1785583480,1785583140,1785583480,SCHEDULED,SCHEDULED,False
1785583950,MBTA|20260801|5815|SouthBase-793088-5815,MBTA,1785581100,SouthBase-793088-5815,5815,Providence/Stoughton Line,Outbound,Mansfield,1785583620,1785583930,1785583620,1785583930,SCHEDULED,SCHEDULED,False
1785584490,MBTA|20260801|5815|SouthBase-793088-5815,MBTA,1785581100,SouthBase-793088-5815,5815,Providence/Stoughton Line,Outbound,Attleboro,1785584220,1785584519,1785584220,1785584519,SCHEDULED,SCHEDULED,False
1785585030,MBTA|20260801|5815|SouthBase-793088-5815,MBTA,1785581100,SouthBase-793088-5815,5815,Providence/Stoughton Line,Outbound,Pawtucket/Central Falls,1785584760,1785585010,1785584760,1785585010,SCHEDULED,SCHEDULED,False
1785585330,MBTA|20260801|5815|SouthBase-793088-5815,MBTA,1785581100,SouthBase-793088-5815,5815,Providence/Stoughton Line,Outbound,Providence,1785585660,1785585337,1785585660,,SCHEDULED,SCHEDULED,False
,MBTA|20260801|5715|SouthBase-830380-5715,MBTA,1785581220,SouthBase-830380-5715,5715,Franklin/Foxboro Line,Outbound,South Station,1785581220,1785581220,1785581220,1785581220,SCHEDULED,SCHEDULED,True
1785581910,MBTA|20260801|5715|SouthBase-830380-5715,MBTA,1785581220,SouthBase-830380-5715,5715,Franklin/Foxboro Line,Outbound,Newmarket,1785581700,1785581876,1785581700,1785581876,SCHEDULED,SCHEDULED,False
1785582060,MBTA|20260801|5715|SouthBase-830380-5715,MBTA,1785581220,SouthBase-830380-5715,5715,Franklin/Foxboro Line,Outbound,Uphams Corner,1785581820,1785582029,1785581820,1785582029,SCHEDULED,SCHEDULED,False
1785582240,MBTA|20260801|5715|SouthBase-830380-5715,MBTA,1785581220,SouthBase-830380-5715,5715,Franklin/Foxboro Line,Outbound,Four Corners/Geneva,1785582000,1785582219,1785582000,1785582219,SCHEDULED,SCHEDULED,False
1785582420,MBTA|20260801|5715|SouthBase-830380-5715,MBTA,1785581220,SouthBase-830380-5715,5715,Franklin/Foxboro Line,Outbound,Talbot Avenue,1785582180,1785582370,1785582180,1785582420,SCHEDULED,SCHEDULED,False
1785582540,MBTA|20260801|5715|SouthBase-830380-5715,MBTA,1785581220,SouthBase-830380-5715,5715,Franklin/Foxboro Line,Outbound,Morton Street,1785582360,1785582503,1785582360,1785582503,SCHEDULED,SCHEDULED,False
1785582690,MBTA|20260801|5715|SouthBase-830380-5715,MBTA,1785581220,SouthBase-830380-5715,5715,Franklin/Foxboro Line,Outbound,Blue Hill Avenue,1785582480,1785582681,1785582480,1785582681,SCHEDULED,SCHEDULED,False
1785582870,MBTA|20260801|5715|SouthBase-830380-5715,MBTA,1785581220,SouthBase-830380-5715,5715,Franklin/Foxboro Line,Outbound,Fairmount,1785582660,1785582849,1785582660,1785582849,SCHEDULED,SCHEDULED,False
1785583080,MBTA|20260801|5715|SouthBase-830380-5715,MBTA,1785581220,SouthBase-830380-5715,5715,Franklin/Foxboro Line,Outbound,Readville,1785582900,1785583052,1785582900,1785583052,SCHEDULED,SCHEDULED,False
1785583260,MBTA|20260801|5715|SouthBase-830380-5715,MBTA,1785581220,SouthBase-830380-5715,5715,Franklin/Foxboro Line,Outbound,Endicott,1785583140,1785583274,1785583140,1785583274,SCHEDULED,SCHEDULED,False
1785583440,MBTA|20260801|5715|SouthBase-830380-5715,MBTA,1785581220,SouthBase-830380-5715,5715,Franklin/Foxboro Line,Outbound,Dedham Corporate Center,1785583320,1785583393,1785583320,1785583393,SCHEDULED,SCHEDULED,False
1785583590,MBTA|20260801|5715|SouthBase-830380-5715,MBTA,1785581220,SouthBase-830380-5715,5715,Franklin/Foxboro Line,Outbound,Islington,1785583440,1785583548,1785583440,1785583548,SCHEDULED,SCHEDULED,False
1785583800,MBTA|20260801|5715|SouthBase-830380-5715,MBTA,1785581220,SouthBase-830380-5715,5715,Franklin/Foxboro Line,Outbound,Norwood Depot,1785583620,1785583766,1785583620,1785583766,SCHEDULED,SCHEDULED,False
1785583920,MBTA|20260801|5715|SouthBase-830380-5715,MBTA,1785581220,SouthBase-830380-5715,5715,Franklin/Foxboro Line,Outbound,Norwood Central,1785583740,1785583889,1785583740,1785583889,SCHEDULED,SCHEDULED,False
1785584040,MBTA|20260801|5715|SouthBase-830380-5715,MBTA,1785581220,SouthBase-830380-5715,5715,Franklin/Foxboro Line,Outbound,Windsor Gardens,1785583920,1785584019,1785583920,1785584069,SCHEDULED,SCHEDULED,False
1785584280,MBTA|20260801|5715|SouthBase-830380-5715,MBTA,1785581220,SouthBase-830380-5715,5715,Franklin/Foxboro Line,Outbound,Walpole,1785584160,1785584265,1785584160,1785584265,SCHEDULED,SCHEDULED,False
1785584580,MBTA|20260801|5715|SouthBase-830380-5715,MBTA,1785581220,SouthBase-830380-5715,5715,Franklin/Foxboro Line,Outbound,Norfolk,1785584580,1785584580,1785584580,1785584580,SCHEDULED,SCHEDULED,False
1785585150,MBTA|20260801|5715|SouthBase-830380-5715,MBTA,1785581220,SouthBase-830380-5715,5715,Franklin/Foxboro Line,Outbound,Franklin,1785585000,1785585169,1785585000,1785585169,SCHEDULED,SCHEDULED,False
1785585720,MBTA|20260801|5715|SouthBase-830380-5715,MBTA,1785581220,SouthBase-830380-5715,5715,Franklin/Foxboro Line,Outbound,Forge Park/495,1785585720,1785585534,1785585720,,SCHEDULED,SCHEDULED,False
,MBTA|20260801|5217|NorthBase-825532-5217,MBTA,1785582000,NorthBase-825532-5217,5217,Haverhill Line,Outbound,North Station,1785582000,1785582000,1785582000,1785582000,SCHEDULED,SCHEDULED,True
1785582900,MBTA|20260801|5217|NorthBase-825532-5217,MBTA,1785582000,NorthBase-825532-5217,5217,Haverhill Line,Outbound,Malden Center,1785582660,1785582745,1785582660,1785582795,SCHEDULED,SCHEDULED,False
1785582900,MBTA|20260801|5217|NorthBase-825532-5217,MBTA,1785582000,NorthBase-825532-5217,5217,Haverhill Line,Outbound,Oak Grove,1785582780,1785582910,1785582780,1785582960,SCHEDULED,SCHEDULED,False
1785583290,MBTA|20260801|5217|NorthBase-825532-5217,MBTA,1785582000,NorthBase-825532-5217,5217,Haverhill Line,Outbound,Wyoming Hill,1785582900,1785583120,1785582900,1785583170,SCHEDULED,SCHEDULED,False
1785583320,MBTA|20260801|5217|NorthBase-825532-5217,MBTA,1785582000,NorthBase-825532-5217,5217,Haverhill Line,Outbound,Melrose/Cedar Park,1785583020,1785583287,1785583020,1785583287,SCHEDULED,SCHEDULED,False
1785583500,MBTA|20260801|5217|NorthBase-825532-5217,MBTA,1785582000,NorthBase-825532-5217,5217,Haverhill Line,Outbound,Melrose Highlands,1785583200,1785583419,1785583200,1785583419,SCHEDULED,SCHEDULED,False
1785583710,MBTA|20260801|5217|NorthBase-825532-5217,MBTA,1785582000,NorthBase-825532-5217,5217,Haverhill Line,Outbound,Greenwood,1785583380,1785583613,1785583380,1785583613,SCHEDULED,SCHEDULED,False
1785583920,MBTA|20260801|5217|NorthBase-825532-5217,MBTA,1785582000,NorthBase-825532-5217,5217,Haverhill Line,Outbound,Wakefield,1785583620,1785583791,1785583620,1785583841,SCHEDULED,SCHEDULED,False
1785584730,MBTA|20260801|5217|NorthBase-825532-5217,MBTA,1785582000,NorthBase-825532-5217,5217,Haverhill Line,Outbound,Reading,1785583980,1785584570,1785583980,1785584620,SCHEDULED,SCHEDULED,False
1785584820,MBTA|20260801|5217|NorthBase-825532-5217,MBTA,1785582000,NorthBase-825532-5217,5217,Haverhill Line,Outbound,North Wilmington,1785584340,1785584931,1785584340,1785584981,SCHEDULED,SCHEDULED,False
1785585150,MBTA|20260801|5217|NorthBase-825532-5217,MBTA,1785582000,NorthBase-825532-5217,5217,Haverhill Line,Outbound,Ballardvale,1785584760,1785584991,1785584760,1785585041,SCHEDULED,SCHEDULED,False
1785585360,MBTA|20260801|5217|NorthBase-825532-5217,MBTA,1785582000,NorthBase-825532-5217,5217,Haverhill Line,Outbound,Andover,1785585060,1785585220,1785585060,1785585270,SCHEDULED,SCHEDULED,False
1785585570,MBTA|20260801|5217|NorthBase-825532-5217,MBTA,1785582000,NorthBase-825532-5217,5217,Haverhill Line,Outbound,Lawrence,1785585480,1785585397,1785585480,1785585480,SCHEDULED,SCHEDULED,False
1785586140,MBTA|20260801|5217|NorthBase-825532-5217,MBTA,1785582000,NorthBase-825532-5217,5217,Haverhill Line,Outbound,Bradford,1785585960,1785586330,1785585960,1785586380,SCHEDULED,SCHEDULED,False
1785586140,MBTA|20260801|5217|NorthBase-825532-5217,MBTA,1785582000,NorthBase-825532-5217,5217,Haverhill Line,Outbound,Haverhill,1785586380,1785586433,1785586380,,SCHEDULED,SCHEDULED,False
1785582240,MBTA|20260801|5515|SouthBase-824342-5515,MBTA,1785582000,SouthBase-824342-5515,5515,Framingham/Worcester Line,Outbound,South Station,1785582000,,1785582000,1785582226,SCHEDULED,SCHEDULED,False
1785582720,MBTA|20260801|5515|SouthBase-824342-5515,MBTA,1785582000,SouthBase-824342-5515,5515,Framingham/Worcester Line,Outbound,Back Bay,1785582360,1785582610,1785582360,1785582610,SCHEDULED,SCHEDULED,False
1785583020,MBTA|20260801|5515|SouthBase-824342-5515,MBTA,1785582000,SouthBase-824342-5515,5515,Framingham/Worcester Line,Outbound,Lansdowne,1785582600,1785582982,1785582600,1785582982,SCHEDULED,SCHEDULED,False
1785583350,MBTA|20260801|5515|SouthBase-824342-5515,MBTA,1785582000,SouthBase-824342-5515,5515,Framingham/Worcester Line,Outbound,Boston Landing,1785582900,1785583323,1785582900,1785583323,SCHEDULED,SCHEDULED,False
1785583710,MBTA|20260801|5515|SouthBase-824342-5515,MBTA,1785582000,SouthBase-824342-5515,5515,Framingham/Worcester Line,Outbound,Newtonville,1785583260,1785583664,1785583260,1785583664,SCHEDULED,SCHEDULED,False
1785583860,MBTA|20260801|5515|SouthBase-824342-5515,MBTA,1785582000,SouthBase-824342-5515,5515,Framingham/Worcester Line,Outbound,West Newton,1785583440,1785583819,1785583440,1785583819,SCHEDULED,SCHEDULED,False
1785584070,MBTA|20260801|5515|SouthBase-824342-5515,MBTA,1785582000,SouthBase-824342-5515,5515,Framingham/Worcester Line,Outbound,Auburndale,1785583620,1785584036,1785583620,1785584036,SCHEDULED,SCHEDULED,False
1785584280,MBTA|20260801|5515|SouthBase-824342-5515,MBTA,1785582000,SouthBase-824342-5515,5515,Framingham/Worcester Line,Outbound,Wellesley Farms,1785583860,1785584260,1785583860,1785584260,SCHEDULED,SCHEDULED,False
1785584430,MBTA|20260801|5515|SouthBase-824342-5515,MBTA,1785582000,SouthBase-824342-5515,5515,Framingham/Worcester Line,Outbound,Wellesley Hills,1785584040,1785584408,1785584040,1785584408,SCHEDULED,SCHEDULED,False
1785584610,MBTA|20260801|5515|SouthBase-824342-5515,MBTA,1785582000,SouthBase-824342-5515,5515,Framingham/Worcester Line,Outbound,Wellesley Square,1785584220,1785584575,1785584220,1785584575,SCHEDULED,SCHEDULED,False
1785584880,MBTA|20260801|5515|SouthBase-824342-5515,MBTA,1785582000,SouthBase-824342-5515,5515,Framingham/Worcester Line,Outbound,Natick Center,1785584520,1785584842,1785584520,1785584842,SCHEDULED,SCHEDULED,False
1785585090,MBTA|20260801|5515|SouthBase-824342-5515,MBTA,1785582000,SouthBase-824342-5515,5515,Framingham/Worcester Line,Outbound,West Natick,1785584820,1785585059,1785584820,1785585059,SCHEDULED,SCHEDULED,False
1785585450,MBTA|20260801|5515|SouthBase-824342-5515,MBTA,1785582000,SouthBase-824342-5515,5515,Framingham/Worcester Line,Outbound,Framingham,1785585060,1785585400,1785585060,1785585400,SCHEDULED,SCHEDULED,False
1785585750,MBTA|20260801|5515|SouthBase-824342-5515,MBTA,1785582000,SouthBase-824342-5515,5515,Framingham/Worcester Line,Outbound,Ashland,1785585420,1785585725,1785585420,1785585725,SCHEDULED,SCHEDULED,False
1785585990,MBTA|20260801|5515|SouthBase-824342-5515,MBTA,1785582000,SouthBase-824342-5515,5515,Framingham/Worcester Line,Outbound,Southborough,1785585660,1785585958,1785585660,1785585958,SCHEDULED,SCHEDULED,False
1785586500,MBTA|20260801|5515|SouthBase-824342-5515,MBTA,1785582000,SouthBase-824342-5515,5515,Framingham/Worcester Line,Outbound,Westborough,1785586140,1785586454,1785586140,1785586454,SCHEDULED,SCHEDULED,False
1785586770,MBTA|20260801|5515|SouthBase-824342-5515,MBTA,1785582000,SouthBase-824342-5515,5515,Framingham/Worcester Line,Outbound,Grafton,1785586440,1785586708,1785586440,1785586708,SCHEDULED,SCHEDULED,False
1785588450,MBTA|20260801|5515|SouthBase-824342-5515,MBTA,1785582000,SouthBase-824342-5515,5515,Framingham/Worcester Line,Outbound,Worcester,1785587400,1785588437,1785587400,,SCHEDULED,SCHEDULED,False
1785582060,MBTA|20260801|6614|SouthBase-830428-6614,MBTA,1785582000,SouthBase-830428-6614,6614,Fairmount Line,Inbound,Readville,1785582000,,1785582000,1785582039,SCHEDULED,SCHEDULED,False
1785582270,MBTA|20260801|6614|SouthBase-830428-6614,MBTA,1785582000,SouthBase-830428-6614,6614,Fairmount Line,Inbound,Fairmount,1785582180,1785582246,1785582180,1785582246,SCHEDULED,SCHEDULED,False
1785582480,MBTA|20260801|6614|SouthBase-830428-6614,MBTA,1785582000,SouthBase-830428-6614,6614,Fairmount Line,Inbound,Blue Hill Avenue,1785582360,1785582439,1785582360,1785582439,SCHEDULED,SCHEDULED,False
1785582630,MBTA|20260801|6614|SouthBase-830428-6614,MBTA,1785582000,SouthBase-830428-6614,6614,Fairmount Line,Inbound,Morton Street,1785582480,1785582587,1785582480,1785582587,SCHEDULED,SCHEDULED,False
1785582750,MBTA|20260801|6614|SouthBase-830428-6614,MBTA,1785582000,SouthBase-830428-6614,6614,Fairmount Line,Inbound,Talbot Avenue,1785582660,1785582753,1785582660,1785582753,SCHEDULED,SCHEDULED,False
1785583020,MBTA|20260801|6614|SouthBase-830428-6614,MBTA,1785582000,SouthBase-830428-6614,6614,Fairmount Line,Inbound,Four Corners/Geneva,1785582840,1785583023,1785582840,1785583023,SCHEDULED,SCHEDULED,False
1785583110,MBTA|20260801|6614|SouthBase-830428-6614,MBTA,1785582000,SouthBase-830428-6614,6614,Fairmount Line,Inbound,Uphams Corner,1785583020,1785583125,1785583020,1785583125,SCHEDULED,SCHEDULED,False
1785583230,MBTA|20260801|6614|SouthBase-830428-6614,MBTA,1785582000,SouthBase-830428-6614,6614,Fairmount Line,Inbound,Newmarket,1785583140,1785583255,1785583140,1785583255,SCHEDULED,SCHEDULED,False
1785583860,MBTA|20260801|6614|SouthBase-830428-6614,MBTA,1785582000,SouthBase-830428-6614,6614,Fairmount Line,Inbound,South Station,1785583800,1785583747,1785583800,,SCHEDULED,SCHEDULED,False
,MBTA|20260801|5116|NorthBase-825515-5116,MBTA,1785582420,NorthBase-825515-5116,5116,Newburyport/Rockport Line,Inbound,Newburyport,1785582420,1785582420,1785582420,1785582420,SCHEDULED,SCHEDULED,True
1785582900,MBTA|20260801|5116|NorthBase-825515-5116,MBTA,1785582420,NorthBase-825515-5116,5116,Newburyport/Rockport Line,Inbound,Rowley,1785582840,1785582862,1785582840,1785582862,SCHEDULED,SCHEDULED,False
1785583230,MBTA|20260801|5116|NorthBase-825515-5116,MBTA,1785582420,NorthBase-825515-5116,5116,Newburyport/Rockport Line,Inbound,Ipswich,1785583200,1785583209,1785583200,1785583209,SCHEDULED,SCHEDULED,False
1785583620,MBTA|20260801|5116|NorthBase-825515-5116,MBTA,1785582420,NorthBase-825515-5116,5116,Newburyport/Rockport Line,Inbound,Hamilton/Wenham,1785583560,1785583586,1785583560,1785583586,SCHEDULED,SCHEDULED,False
1785583860,MBTA|20260801|5116|NorthBase-825515-5116,MBTA,1785582420,NorthBase-825515-5116,5116,Newburyport/Rockport Line,Inbound,North Beverly,1785583800,1785583819,1785583800,1785583819,SCHEDULED,SCHEDULED,False
1785584220,MBTA|20260801|5116|NorthBase-825515-5116,MBTA,1785582420,NorthBase-825515-5116,5116,Newburyport/Rockport Line,Inbound,Beverly,1785584160,1785584191,1785584160,1785584191,SCHEDULED,SCHEDULED,False
1785584520,MBTA|20260801|5116|NorthBase-825515-5116,MBTA,1785582420,NorthBase-825515-5116,5116,Newburyport/Rockport Line,Inbound,Salem,1785584400,1785584413,1785584400,1785584413,SCHEDULED,SCHEDULED,False
1785584880,MBTA|20260801|5116|NorthBase-825515-5116,MBTA,1785582420,NorthBase-825515-5116,5116,Newburyport/Rockport Line,Inbound,Swampscott,1785584820,1785584842,1785584820,1785584842,SCHEDULED,SCHEDULED,False
1785585030,MBTA|20260801|5116|NorthBase-825515-5116,MBTA,1785582420,NorthBase-825515-5116,5116,Newburyport/Rockport Line,Inbound,Lynn Interim,1785585000,1785585000,1785585000,1785585000,SCHEDULED,SCHEDULED,False
1785585630,MBTA|20260801|5116|NorthBase-825515-5116,MBTA,1785582420,NorthBase-825515-5116,5116,Newburyport/Rockport Line,Inbound,Chelsea,1785585600,1785585595,1785585600,1785585645,SCHEDULED,SCHEDULED,False
1785586170,MBTA|20260801|5116|NorthBase-825515-5116,MBTA,1785582420,NorthBase-825515-5116,5116,Newburyport/Rockport Line,Inbound,North Station,1785586560,1785586188,1785586560,,SCHEDULED,SCHEDULED,False
1785582720,MBTA|20260801|5520|SouthBase-825446-5520,MBTA,1785582600,SouthBase-825446-5520,5520,Framingham/Worcester Line,Inbound,Worcester,1785582600,,1785582600,1785582714,SCHEDULED,SCHEDULED,False
1785583440,MBTA|20260801|5520|SouthBase-825446-5520,MBTA,1785582600,SouthBase-825446-5520,5520,Framingham/Worcester Line,Inbound,Grafton,1785583320,1785583398,1785583320,1785583398,SCHEDULED,SCHEDULED,False
1785583740,MBTA|20260801|5520|SouthBase-825446-5520,MBTA,1785582600,SouthBase-825446-5520,5520,Framingham/Worcester Line,Inbound,Westborough,1785583560,1785583708,1785583560,1785583708,SCHEDULED,SCHEDULED,False
1785584280,MBTA|20260801|5520|SouthBase-825446-5520,MBTA,1785582600,SouthBase-825446-5520,5520,Framingham/Worcester Line,Inbound,Southborough,1785584100,1785584235,1785584100,1785584235,SCHEDULED,SCHEDULED,False
1785584550,MBTA|20260801|5520|SouthBase-825446-5520,MBTA,1785582600,SouthBase-825446-5520,5520,Framingham/Worcester Line,Inbound,Ashland,1785584340,1785584514,1785584340,1785584514,SCHEDULED,SCHEDULED,False
1785585390,MBTA|20260801|5520|SouthBase-825446-5520,MBTA,1785582600,SouthBase-825446-5520,5520,Framingham/Worcester Line,Inbound,Framingham,1785584880,1785585349,1785584880,1785585349,SCHEDULED,SCHEDULED,False
1785585720,MBTA|20260801|5520|SouthBase-825446-5520,MBTA,1785582600,SouthBase-825446-5520,5520,Framingham/Worcester Line,Inbound,West Natick,1785585240,1785585692,1785585240,1785585692,SCHEDULED,SCHEDULED,False
1785586050,MBTA|20260801|5520|SouthBase-825446-5520,MBTA,1785582600,SouthBase-825446-5520,5520,Framingham/Worcester Line,Inbound,Natick Center,1785585540,1785586002,1785585540,1785586002,SCHEDULED,SCHEDULED,False
1785586230,MBTA|20260801|5520|SouthBase-825446-5520,MBTA,1785582600,SouthBase-825446-5520,5520,Framingham/Worcester Line,Inbound,Wellesley Square,1785585840,1785586211,1785585840,1785586261,SCHEDULED,SCHEDULED,False
1785586680,MBTA|20260801|5520|SouthBase-825446-5520,MBTA,1785582600,SouthBase-825446-5520,5520,Framingham/Worcester Line,Inbound,Wellesley Hills,1785586020,1785586653,1785586020,1785586653,SCHEDULED,SCHEDULED,False
1785587010,MBTA|20260801|5520|SouthBase-825446-5520,MBTA,1785582600,SouthBase-825446-5520,5520,Framingham/Worcester Line,Inbound,Wellesley Farms,1785586140,1785586963,1785586140,1785586963,SCHEDULED,SCHEDULED,False
1785587250,MBTA|20260801|5520|SouthBase-825446-5520,MBTA,1785582600,SouthBase-825446-5520,5520,Framingham/Worcester Line,Inbound,Auburndale,1785586380,1785587211,1785586380,1785587211,SCHEDULED,SCHEDULED,False
1785587400,MBTA|20260801|5520|SouthBase-825446-5520,MBTA,1785582600,SouthBase-825446-5520,5520,Framingham/Worcester Line,Inbound,West Newton,1785586560,1785587371,1785586560,1785587371,SCHEDULED,SCHEDULED,False
1785587580,MBTA|20260801|5520|SouthBase-825446-5520,MBTA,1785582600,SouthBase-825446-5520,5520,Framingham/Worcester Line,Inbound,Newtonville,1785586740,1785587552,1785586740,1785587552,SCHEDULED,SCHEDULED,False
1785587910,MBTA|20260801|5520|SouthBase-825446-5520,MBTA,1785582600,SouthBase-825446-5520,5520,Framingham/Worcester Line,Inbound,Boston Landing,1785587040,1785587868,1785587040,1785587918,SCHEDULED,SCHEDULED,False
1785588390,MBTA|20260801|5520|SouthBase-825446-5520,MBTA,1785582600,SouthBase-825446-5520,5520,Framingham/Worcester Line,Inbound,Lansdowne,1785587340,1785588358,1785587340,1785588358,SCHEDULED,SCHEDULED,False
1785588540,MBTA|20260801|5520|SouthBase-825446-5520,MBTA,1785582600,SouthBase-825446-5520,5520,Framingham/Worcester Line,Inbound,Back Bay,1785587820,1785588530,1785587820,1785588530,SCHEDULED,SCHEDULED,False
1785588990,MBTA|20260801|5520|SouthBase-825446-5520,MBTA,1785582600,SouthBase-825446-5520,5520,Framingham/Worcester Line,Inbound,South Station,1785588180,1785588977,1785588180,,SCHEDULED,SCHEDULED,False
,MBTA|20260801|6057|SouthBase-793239-6057,MBTA,1785582600,SouthBase-793239-6057,6057,Greenbush Line,Outbound,South Station,1785582600,1785582600,1785582600,1785582600,SCHEDULED,SCHEDULED,True
1785583950,MBTA|20260801|6057|SouthBase-793239-6057,MBTA,1785582600,SouthBase-793239-6057,6057,Greenbush Line,Outbound,Quincy Center,1785583500,1785583930,1785583500,1785583930,SCHEDULED,SCHEDULED,False
1785584490,MBTA|20260801|6057|SouthBase-793239-6057,MBTA,1785582600,SouthBase-793239-6057,6057,Greenbush Line,Outbound,Weymouth Landing/East Braintree,1785584040,1785584474,1785584040,1785584474,SCHEDULED,SCHEDULED,False
1785584850,MBTA|20260801|6057|SouthBase-793239-6057,MBTA,1785582600,SouthBase-793239-6057,6057,Greenbush Line,Outbound,East Weymouth,1785584340,1785584848,1785584340,1785584848,SCHEDULED,SCHEDULED,False
1785585060,MBTA|20260801|6057|SouthBase-793239-6057,MBTA,1785582600,SouthBase-793239-6057,6057,Greenbush Line,Outbound,West Hingham,1785584520,1785585055,1785584520,1785585055,SCHEDULED,SCHEDULED,False
1785585360,MBTA|20260801|6057|SouthBase-793239-6057,MBTA,1785582600,SouthBase-793239-6057,6057,Greenbush Line,Outbound,Nantasket Junction,1785584820,1785585335,1785584820,1785585335,SCHEDULED,SCHEDULED,False
1785585540,MBTA|20260801|6057|SouthBase-793239-6057,MBTA,1785582600,SouthBase-793239-6057,6057,Greenbush Line,Outbound,Cohasset,1785585000,1785585520,1785585000,1785585520,SCHEDULED,SCHEDULED,False
1785585960,MBTA|20260801|6057|SouthBase-793239-6057,MBTA,1785582600,SouthBase-793239-6057,6057,Greenbush Line,Outbound,North Scituate,1785585420,1785585965,1785585420,1785585965,SCHEDULED,SCHEDULED,False
1785586320,MBTA|20260801|6057|SouthBase-793239-6057,MBTA,1785582600,SouthBase-793239-6057,6057,Greenbush Line,Outbound,Greenbush,1785586020,1785586334,1785586020,,SCHEDULED,SCHEDULED,False
,MBTA|20260801|5617|SouthBase-830442-5617,MBTA,1785582900,SouthBase-830442-5617,5617,Needham Line,Outbound,South Station,1785582900,1785582900,1785582900,1785582900,SCHEDULED,SCHEDULED,True
1785583350,MBTA|20260801|5617|SouthBase-830442-5617,MBTA,1785582900,SouthBase-830442-5617,5617,Needham Line,Outbound,Back Bay,1785583200,1785583258,1785583200,1785583308,SCHEDULED,SCHEDULED,False
1785583500,MBTA|20260801|5617|SouthBase-830442-5617,MBTA,1785582900,SouthBase-830442-5617,5617,Needham Line,Outbound,Ruggles,1785583380,1785583481,1785583380,1785583481,SCHEDULED,SCHEDULED,False
1785583860,MBTA|20260801|5617|SouthBase-830442-5617,MBTA,1785582900,SouthBase-830442-5617,5617,Needham Line,Outbound,Forest Hills,1785583680,1785583822,1785583680,1785583822,SCHEDULED,SCHEDULED,False
1785584010,MBTA|20260801|5617|SouthBase-830442-5617,MBTA,1785582900,SouthBase-830442-5617,5617,Needham Line,Outbound,Roslindale Village,1785583860,1785583990,1785583860,1785583990,SCHEDULED,SCHEDULED,False
1785584130,MBTA|20260801|5617|SouthBase-830442-5617,MBTA,1785582900,SouthBase-830442-5617,5617,Needham Line,Outbound,Bellevue,1785584040,1785584110,1785584040,1785584110,SCHEDULED,SCHEDULED,False
1785584250,MBTA|20260801|5617|SouthBase-830442-5617,MBTA,1785582900,SouthBase-830442-5617,5617,Needham Line,Outbound,Highland,1785584160,1785584231,1785584160,1785584231,SCHEDULED,SCHEDULED,False
1785584340,MBTA|20260801|5617|SouthBase-830442-5617,MBTA,1785582900,SouthBase-830442-5617,5617,Needham Line,Outbound,West Roxbury,1785584280,1785584321,1785584280,1785584321,SCHEDULED,SCHEDULED,False
1785584580,MBTA|20260801|5617|SouthBase-830442-5617,MBTA,1785582900,SouthBase-830442-5617,5617,Needham Line,Outbound,Hersey,1785584580,1785584580,1785584580,1785584580,SCHEDULED,SCHEDULED,False
1785584790,MBTA|20260801|5617|SouthBase-830442-5617,MBTA,1785582900,SouthBase-830442-5617,5617,Needham Line,Outbound,Needham Junction,1785584760,1785584771,1785584760,1785584771,SCHEDULED,SCHEDULED,False
1785584910,MBTA|20260801|5617|SouthBase-830442-5617,MBTA,1785582900,SouthBase-830442-5617,5617,Needham Line,Outbound,Needham Center,1785585000,1785584910,1785585000,1785585000,SCHEDULED,SCHEDULED,False
1785585150,MBTA|20260801|5617|SouthBase-830442-5617,MBTA,1785582900,SouthBase-830442-5617,5617,Needham Line,Outbound,Needham Heights,1785585300,1785585168,1785585300,,SCHEDULED,SCHEDULED,False
,MBTA|20260801|5316|NorthBase-825549-5316,MBTA,1785583320,NorthBase-825549-5316,5316,Lowell Line,Inbound,Lowell,1785583320,1785583320,1785583320,1785583320,SCHEDULED,SCHEDULED,True
1785583890,MBTA|20260801|5316|NorthBase-825549-5316,MBTA,1785583320,NorthBase-825549-5316,5316,Lowell Line,Inbound,North Billerica,1785583800,1785583871,1785583800,1785583871,SCHEDULED,SCHEDULED,False
1785584310,MBTA|20260801|5316|NorthBase-825549-5316,MBTA,1785583320,NorthBase-825549-5316,5316,Lowell Line,Inbound,Wilmington,1785584220,1785584303,1785584220,1785584303,SCHEDULED,SCHEDULED,False
1785584550,MBTA|20260801|5316|NorthBase-825549-5316,MBTA,1785583320,NorthBase-825549-5316,5316,Lowell Line,Inbound,Anderson/Woburn,1785584460,1785584531,1785584460,1785584531,SCHEDULED,SCHEDULED,False
1785584910,MBTA|20260801|5316|NorthBase-825549-5316,MBTA,1785583320,NorthBase-825549-5316,5316,Lowell Line,Inbound,Winchester Center,1785584820,1785584889,1785584820,1785584889,SCHEDULED,SCHEDULED,False
1785585000,MBTA|20260801|5316|NorthBase-825549-5316,MBTA,1785583320,NorthBase-825549-5316,5316,Lowell Line,Inbound,Wedgemere,1785584940,1785584991,1785584940,1785584991,SCHEDULED,SCHEDULED,False
1785585150,MBTA|20260801|5316|NorthBase-825549-5316,MBTA,1785583320,NorthBase-825549-5316,5316,Lowell Line,Inbound,West Medford,1785585180,1785585156,1785585180,1785585206,SCHEDULED,SCHEDULED,False
1785585870,MBTA|20260801|5316|NorthBase-825549-5316,MBTA,1785583320,NorthBase-825549-5316,5316,Lowell Line,Inbound,North Station,1785586020,1785585875,1785586020,,SCHEDULED,SCHEDULED,False
,MBTA|20260801|5121|NorthBase-825516-5121,MBTA,1785583800,NorthBase-825516-5121,5121,Newburyport/Rockport Line,Outbound,North Station,1785583800,1785583800,1785583800,1785583800,SCHEDULED,SCHEDULED,True
1785584520,MBTA|20260801|5121|NorthBase-825516-5121,MBTA,1785583800,NorthBase-825516-5121,5121,Newburyport/Rockport Line,Outbound,Chelsea,1785584460,1785584470,1785584460,1785584470,SCHEDULED,SCHEDULED,False
1785585150,MBTA|20260801|5121|NorthBase-825516-5121,MBTA,1785583800,NorthBase-825516-5121,5121,Newburyport/Rockport Line,Outbound,Lynn Interim,1785585120,1785585137,1785585120,1785585137,SCHEDULED,SCHEDULED,False
1785585360,MBTA|20260801|5121|NorthBase-825516-5121,MBTA,1785583800,NorthBase-825516-5121,5121,Newburyport/Rockport Line,Outbound,Swampscott,1785585300,1785585338,1785585300,1785585338,SCHEDULED,SCHEDULED,False
1785585810,MBTA|20260801|5121|NorthBase-825516-5121,MBTA,1785583800,NorthBase-825516-5121,5121,Newburyport/Rockport Line,Outbound,Salem,1785585720,1785585772,1785585720,1785585772,SCHEDULED,SCHEDULED,False
1785586020,MBTA|20260801|5121|NorthBase-825516-5121,MBTA,1785583800,NorthBase-825516-5121,5121,Newburyport/Rockport Line,Outbound,Beverly,1785585960,1785585989,1785585960,1785585989,SCHEDULED,SCHEDULED,False
1785586350,MBTA|20260801|5121|NorthBase-825516-5121,MBTA,1785583800,NorthBase-825516-5121,5121,Newburyport/Rockport Line,Outbound,North Beverly,1785586260,1785586299,1785586260,1785586299,SCHEDULED,SCHEDULED,False
1785586560,MBTA|20260801|5121|NorthBase-825516-5121,MBTA,1785583800,NorthBase-825516-5121,5121,Newburyport/Rockport Line,Outbound,Hamilton/Wenham,1785586500,1785586516,1785586500,1785586516,SCHEDULED,SCHEDULED,False
1785587040,MBTA|20260801|5121|NorthBase-825516-5121,MBTA,1785583800,NorthBase-825516-5121,5121,Newburyport/Rockport Line,Outbound,Ipswich,1785586860,1785586981,1785586860,1785586981,SCHEDULED,SCHEDULED,False
1785587370,MBTA|20260801|5121|NorthBase-825516-5121,MBTA,1785583800,NorthBase-825516-5121,5121,Newburyport/Rockport Line,Outbound,Rowley,1785587160,1785587325,1785587160,1785587325,SCHEDULED,SCHEDULED,False
1785587940,MBTA|20260801|5121|NorthBase-825516-5121,MBTA,1785583800,NorthBase-825516-5121,5121,Newburyport/Rockport Line,Outbound,Newburyport,1785587940,1785587705,1785587940,,SCHEDULED,SCHEDULED,False
,MBTA|20260801|5407|NorthBase-825566-5407,MBTA,1785584700,NorthBase-825566-5407,5407,Fitchburg Line,Outbound,North Station,1785584700,1785584700,1785584700,1785584700,SCHEDULED,SCHEDULED,True
1785585360,MBTA|20260801|5407|NorthBase-825566-5407,MBTA,1785584700,NorthBase-825566-5407,5407,Fitchburg Line,Outbound,Porter,1785585300,1785585330,1785585300,1785585330,SCHEDULED,SCHEDULED,False
1785585630,MBTA|20260801|5407|NorthBase-825566-5407,MBTA,1785584700,NorthBase-825566-5407,5407,Fitchburg Line,Outbound,Belmont,1785585600,1785585608,1785585600,1785585608,SCHEDULED,SCHEDULED,False
1785585810,MBTA|20260801|5407|NorthBase-825566-5407,MBTA,1785584700,NorthBase-825566-5407,5407,Fitchburg Line,Outbound,Waverley,1785585720,1785585771,1785585720,1785585771,SCHEDULED,SCHEDULED,False
1785586110,MBTA|20260801|5407|NorthBase-825566-5407,MBTA,1785584700,NorthBase-825566-5407,5407,Fitchburg Line,Outbound,Waltham,1785586020,1785586073,1785586020,1785586073,SCHEDULED,SCHEDULED,False
1785586350,MBTA|20260801|5407|NorthBase-825566-5407,MBTA,1785584700,NorthBase-825566-5407,5407,Fitchburg Line,Outbound,Brandeis/Roberts,1785586200,1785586290,1785586200,1785586290,SCHEDULED,SCHEDULED,False
1785586530,MBTA|20260801|5407|NorthBase-825566-5407,MBTA,1785584700,NorthBase-825566-5407,5407,Fitchburg Line,Outbound,Kendal Green,1785586440,1785586477,1785586440,1785586477,SCHEDULED,SCHEDULED,False
1785586830,MBTA|20260801|5407|NorthBase-825566-5407,MBTA,1785584700,NorthBase-825566-5407,5407,Fitchburg Line,Outbound,Lincoln,1785586740,1785586794,1785586740,1785586794,SCHEDULED,SCHEDULED,False
1785587130,MBTA|20260801|5407|NorthBase-825566-5407,MBTA,1785584700,NorthBase-825566-5407,5407,Fitchburg Line,Outbound,Concord,1785587040,1785587096,1785587040,1785587096,SCHEDULED,SCHEDULED,False
1785587340,MBTA|20260801|5407|NorthBase-825566-5407,MBTA,1785584700,NorthBase-825566-5407,5407,Fitchburg Line,Outbound,West Concord,1785587280,1785587313,1785587280,1785587313,SCHEDULED,SCHEDULED,False
1785587670,MBTA|20260801|5407|NorthBase-825566-5407,MBTA,1785584700,NorthBase-825566-5407,5407,Fitchburg Line,Outbound,South Acton,1785587580,1785587627,1785587580,1785587627,SCHEDULED,SCHEDULED,False
1785588000,MBTA|20260801|5407|NorthBase-825566-5407,MBTA,1785584700,NorthBase-825566-5407,5407,Fitchburg Line,Outbound,Littleton/Route 495,1785588000,1785587966,1785588000,1785587966,SCHEDULED,SCHEDULED,False
1785588540,MBTA|20260801|5407|NorthBase-825566-5407,MBTA,1785584700,NorthBase-825566-5407,5407,Fitchburg Line,Outbound,Ayer,1785588480,1785588491,1785588480,1785588491,SCHEDULED,SCHEDULED,False
1785588840,MBTA|20260801|5407|NorthBase-825566-5407,MBTA,1785584700,NorthBase-825566-5407,5407,Fitchburg Line,Outbound,Shirley,1785588780,1785588801,1785588780,1785588801,SCHEDULED,SCHEDULED,False
1785589380,MBTA|20260801|5407|NorthBase-825566-5407,MBTA,1785584700,NorthBase-825566-5407,5407,Fitchburg Line,Outbound,North Leominster,1785589320,1785589328,1785589320,1785589328,SCHEDULED,SCHEDULED,False
1785589860,MBTA|20260801|5407|NorthBase-825566-5407,MBTA,1785584700,NorthBase-825566-5407,5407,Fitchburg Line,Outbound,Fitchburg,1785589800,1785589824,1785589800,1785589824,SCHEDULED,SCHEDULED,False
1785590460,MBTA|20260801|5407|NorthBase-825566-5407,MBTA,1785584700,NorthBase-825566-5407,5407,Fitchburg Line,Outbound,Wachusett,1785590460,1785590418,1785590460,,SCHEDULED,SCHEDULED,False
,MBTA|20260801|6620|SouthBase-830425-6620,MBTA,1785584700,SouthBase-830425-6620,6620,Fairmount Line,Inbound,Readville,1785584700,1785584700,1785584700,1785584700,SCHEDULED,SCHEDULED,True
1785585060,MBTA|20260801|6620|SouthBase-830425-6620,MBTA,1785584700,SouthBase-830425-6620,6620,Fairmount Line,Inbound,Fairmount,1785584880,1785585055,1785584880,1785585055,SCHEDULED,SCHEDULED,False
1785585300,MBTA|20260801|6620|SouthBase-830425-6620,MBTA,1785584700,SouthBase-830425-6620,6620,Fairmount Line,Inbound,Blue Hill Avenue,1785585060,1785585281,1785585060,1785585281,SCHEDULED,SCHEDULED,False
1785585480,MBTA|20260801|6620|SouthBase-830425-6620,MBTA,1785584700,SouthBase-830425-6620,6620,Fairmount Line,Inbound,Morton Street,1785585180,1785585461,1785585180,1785585461,SCHEDULED,SCHEDULED,False
1785585570,MBTA|20260801|6620|SouthBase-830425-6620,MBTA,1785584700,SouthBase-830425-6620,6620,Fairmount Line,Inbound,Talbot Avenue,1785585360,1785585562,1785585360,1785585612,SCHEDULED,SCHEDULED,False
1785585870,MBTA|20260801|6620|SouthBase-830425-6620,MBTA,1785584700,SouthBase-830425-6620,6620,Fairmount Line,Inbound,Four Corners/Geneva,1785585540,1785585851,1785585540,1785585851,SCHEDULED,SCHEDULED,False
1785585960,MBTA|20260801|6620|SouthBase-830425-6620,MBTA,1785584700,SouthBase-830425-6620,6620,Fairmount Line,Inbound,Uphams Corner,1785585720,1785585987,1785585720,1785585987,SCHEDULED,SCHEDULED,False
1785586080,MBTA|20260801|6620|SouthBase-830425-6620,MBTA,1785584700,SouthBase-830425-6620,6620,Fairmount Line,Inbound,Newmarket,1785585840,1785586066,1785585840,1785586116,SCHEDULED,SCHEDULED,False
1785586710,MBTA|20260801|6620|SouthBase-830425-6620,MBTA,1785584700,SouthBase-830425-6620,6620,Fairmount Line,Inbound,South Station,1785586500,1785586710,1785586500,,SCHEDULED,SCHEDULED,False
1785585390,MBTA|20260801|5821|SouthBase-793089-5821,MBTA,1785585300,SouthBase-793089-5821,5821,Providence/Stoughton Line,Outbound,South Station,1785585300,,1785585300,1785585390,SCHEDULED,SCHEDULED,False
,MBTA|20260801|5821|SouthBase-793089-5821,MBTA,1785585300,SouthBase-793089-5821,5821,Providence/Stoughton Line,Outbound,Back Bay,1785585600,1785585600,1785585600,1785585600,SCHEDULED,SCHEDULED,True
1785585990,MBTA|20260801|5821|SouthBase-793089-5821,MBTA,1785585300,SouthBase-793089-5821,5821,Providence/Stoughton Line,Outbound,Ruggles,1785585780,1785585958,1785585780,1785585958,SCHEDULED,SCHEDULED,False
1785586410,MBTA|20260801|5821|SouthBase-793089-5821,MBTA,1785585300,SouthBase-793089-5821,5821,Providence/Stoughton Line,Outbound,Hyde Park,1785586260,1785586361,1785586260,1785586361,SCHEDULED,SCHEDULED,False
1785586590,MBTA|20260801|5821|SouthBase-793089-5821,MBTA,1785585300,SouthBase-793089-5821,5821,Providence/Stoughton Line,Outbound,Readville,1785586440,1785586547,1785586440,1785586547,SCHEDULED,SCHEDULED,False
1785586830,MBTA|20260801|5821|SouthBase-793089-5821,MBTA,1785585300,SouthBase-793089-5821,5821,Providence/Stoughton Line,Outbound,Route 128,1785586680,1785586795,1785586680,1785586795,SCHEDULED,SCHEDULED,False
1785587100,MBTA|20260801|5821|SouthBase-793089-5821,MBTA,1785585300,SouthBase-793089-5821,5821,Providence/Stoughton Line,Outbound,Canton Junction,1785587040,1785587074,1785587040,1785587074,SCHEDULED,SCHEDULED,False
1785587430,MBTA|20260801|5821|SouthBase-793089-5821,MBTA,1785585300,SouthBase-793089-5821,5821,Providence/Stoughton Line,Outbound,Sharon,1785587340,1785587384,1785587340,1785587384,SCHEDULED,SCHEDULED,False
1785587940,MBTA|20260801|5821|SouthBase-793089-5821,MBTA,1785585300,SouthBase-793089-5821,5821,Providence/Stoughton Line,Outbound,Mansfield,1785587820,1785587911,1785587820,1785587911,SCHEDULED,SCHEDULED,False
1785588450,MBTA|20260801|5821|SouthBase-793089-5821,MBTA,1785585300,SouthBase-793089-5821,5821,Providence/Stoughton Line,Outbound,Attleboro,1785588420,1785588420,1785588420,1785588420,SCHEDULED,SCHEDULED,False
1785589140,MBTA|20260801|5821|SouthBase-793089-5821,MBTA,1785585300,SouthBase-793089-5821,5821,Providence/Stoughton Line,Outbound,Pawtucket/Central Falls,1785589140,1785588971,1785589140,1785588971,SCHEDULED,SCHEDULED,False
1785589860,MBTA|20260801|5821|SouthBase-793089-5821,MBTA,1785585300,SouthBase-793089-5821,5821,Providence/Stoughton Line,Outbound,Providence,1785589860,1785589334,1785589860,,SCHEDULED,SCHEDULED,False
,MBTA|20260801|5022|NorthBase-825498-5022,MBTA,1785585600,NorthBase-825498-5022,5022,Newburyport/Rockport Line,Inbound,Rockport,1785585600,1785585600,1785585600,1785585600,SCHEDULED,SCHEDULED,True
1785586200,MBTA|20260801|5022|NorthBase-825498-5022,MBTA,1785585600,NorthBase-825498-5022,5022,Newburyport/Rockport Line,Inbound,Gloucester,1785586080,1785586181,1785586080,1785586181,SCHEDULED,SCHEDULED,False
1785586470,MBTA|20260801|5022|NorthBase-825498-5022,MBTA,1785585600,NorthBase-825498-5022,5022,Newburyport/Rockport Line,Inbound,West Gloucester,1785586380,1785586452,1785586380,1785586452,SCHEDULED,SCHEDULED,False
1785586860,MBTA|20260801|5022|NorthBase-825498-5022,MBTA,1785585600,NorthBase-825498-5022,5022,Newburyport/Rockport Line,Inbound,Manchester,1785586740,1785586846,1785586740,1785586846,SCHEDULED,SCHEDULED,False
1785587160,MBTA|20260801|5022|NorthBase-825498-5022,MBTA,1785585600,NorthBase-825498-5022,5022,Newburyport/Rockport Line,Inbound,Beverly Farms,1785587040,1785587141,1785587040,1785587141,SCHEDULED,SCHEDULED,False
1785587520,MBTA|20260801|5022|NorthBase-825498-5022,MBTA,1785585600,NorthBase-825498-5022,5022,Newburyport/Rockport Line,Inbound,Montserrat,1785587400,1785587501,1785587400,1785587501,SCHEDULED,SCHEDULED,False
1785587850,MBTA|20260801|5022|NorthBase-825498-5022,MBTA,1785585600,NorthBase-825498-5022,5022,Newburyport/Rockport Line,Inbound,Beverly,1785587760,1785587826,1785587760,1785587826,SCHEDULED,SCHEDULED,False
1785588180,MBTA|20260801|5022|NorthBase-825498-5022,MBTA,1785585600,NorthBase-825498-5022,5022,Newburyport/Rockport Line,Inbound,Salem,1785588000,1785588126,1785588000,1785588126,SCHEDULED,SCHEDULED,False
1785588540,MBTA|20260801|5022|NorthBase-825498-5022,MBTA,1785585600,NorthBase-825498-5022,5022,Newburyport/Rockport Line,Inbound,Swampscott,1785588420,1785588521,1785588420,1785588521,SCHEDULED,SCHEDULED,False
1785588720,MBTA|20260801|5022|NorthBase-825498-5022,MBTA,1785585600,NorthBase-825498-5022,5022,Newburyport/Rockport Line,Inbound,Lynn Interim,1785588600,1785588698,1785588600,1785588698,SCHEDULED,SCHEDULED,False
1785589320,MBTA|20260801|5022|NorthBase-825498-5022,MBTA,1785585600,NorthBase-825498-5022,5022,Newburyport/Rockport Line,Inbound,Chelsea,1785589200,1785589306,1785589200,1785589356,SCHEDULED,SCHEDULED,False
1785589920,MBTA|20260801|5022|NorthBase-825498-5022,MBTA,1785585600,NorthBase-825498-5022,5022,Newburyport/Rockport Line,Inbound,North Station,1785590160,1785589926,1785590160,,SCHEDULED,SCHEDULED,False
,MBTA|20260801|5412|NorthBase-825567-5412,MBTA,1785585600,NorthBase-825567-5412,5412,Fitchburg Line,Inbound,Wachusett,1785585600,1785585600,1785585600,1785585600,SCHEDULED,SCHEDULED,True
1785586200,MBTA|20260801|5412|NorthBase-825567-5412,MBTA,1785585600,NorthBase-825567-5412,5412,Fitchburg Line,Inbound,Fitchburg,1785586080,1785586171,1785586080,1785586171,SCHEDULED,SCHEDULED,False
1785586680,MBTA|20260801|5412|NorthBase-825567-5412,MBTA,1785585600,NorthBase-825567-5412,5412,Fitchburg Line,Inbound,North Leominster,1785586500,1785586636,1785586500,1785586636,SCHEDULED,SCHEDULED,False
1785587100,MBTA|20260801|5412|NorthBase-825567-5412,MBTA,1785585600,NorthBase-825567-5412,5412,Fitchburg Line,Inbound,Shirley,1785586980,1785587070,1785586980,1785587070,SCHEDULED,SCHEDULED,False
1785587460,MBTA|20260801|5412|NorthBase-825567-5412,MBTA,1785585600,NorthBase-825567-5412,5412,Fitchburg Line,Inbound,Ayer,1785587280,1785587411,1785587280,1785587411,SCHEDULED,SCHEDULED,False
1785587940,MBTA|20260801|5412|NorthBase-825567-5412,MBTA,1785585600,NorthBase-825567-5412,5412,Fitchburg Line,Inbound,Littleton/Route 495,1785587760,1785587935,1785587760,1785587935,SCHEDULED,SCHEDULED,False
1785588270,MBTA|20260801|5412|NorthBase-825567-5412,MBTA,1785585600,NorthBase-825567-5412,5412,Fitchburg Line,Inbound,South Acton,1785588120,1785588248,1785588120,1785588248,SCHEDULED,SCHEDULED,False
1785588570,MBTA|20260801|5412|NorthBase-825567-5412,MBTA,1785585600,NorthBase-825567-5412,5412,Fitchburg Line,Inbound,West Concord,1785588360,1785588527,1785588360,1785588527,SCHEDULED,SCHEDULED,False
1785588810,MBTA|20260801|5412|NorthBase-825567-5412,MBTA,1785585600,NorthBase-825567-5412,5412,Fitchburg Line,Inbound,Concord,1785588600,1785588775,1785588600,1785588775,SCHEDULED,SCHEDULED,False
1785589170,MBTA|20260801|5412|NorthBase-825567-5412,MBTA,1785585600,NorthBase-825567-5412,5412,Fitchburg Line,Inbound,Lincoln,1785588960,1785589147,1785588960,1785589147,SCHEDULED,SCHEDULED,False
1785589500,MBTA|20260801|5412|NorthBase-825567-5412,MBTA,1785585600,NorthBase-825567-5412,5412,Fitchburg Line,Inbound,Kendal Green,1785589260,1785589457,1785589260,1785589457,SCHEDULED,SCHEDULED,False
1785589680,MBTA|20260801|5412|NorthBase-825567-5412,MBTA,1785585600,NorthBase-825567-5412,5412,Fitchburg Line,Inbound,Brandeis/Roberts,1785589500,1785589651,1785589500,1785589651,SCHEDULED,SCHEDULED,False
1785589950,MBTA|20260801|5412|NorthBase-825567-5412,MBTA,1785585600,NorthBase-825567-5412,5412,Fitchburg Line,Inbound,Waltham,1785589740,1785589922,1785589740,1785589922,SCHEDULED,SCHEDULED,False
1785590220,MBTA|20260801|5412|NorthBase-825567-5412,MBTA,1785585600,NorthBase-825567-5412,5412,Fitchburg Line,Inbound,Waverley,1785590040,1785590170,1785590040,1785590170,SCHEDULED,SCHEDULED,False
1785590400,MBTA|20260801|5412|NorthBase-825567-5412,MBTA,1785585600,NorthBase-825567-5412,5412,Fitchburg Line,Inbound,Belmont,1785590160,1785590356,1785590160,1785590356,SCHEDULED,SCHEDULED,False
1785590580,MBTA|20260801|5412|NorthBase-825567-5412,MBTA,1785585600,NorthBase-825567-5412,5412,Fitchburg Line,Inbound,Porter,1785590520,1785590553,1785590520,1785590603,SCHEDULED,SCHEDULED,False
1785591330,MBTA|20260801|5412|NorthBase-825567-5412,MBTA,1785585600,NorthBase-825567-5412,5412,Fitchburg Line,Inbound,North Station,1785591360,1785591328,1785591360,,SCHEDULED,SCHEDULED,False
,MBTA|20260801|5721|SouthBase-830432-5721,MBTA,1785585720,SouthBase-830432-5721,5721,Franklin/Foxboro Line,Outbound,South Station,1785585720,1785585720,1785585720,1785585720,SCHEDULED,SCHEDULED,True
1785586650,MBTA|20260801|5721|SouthBase-830432-5721,MBTA,1785585720,SouthBase-830432-5721,5721,Franklin/Foxboro Line,Outbound,Newmarket,1785586200,1785586629,1785586200,1785586629,SCHEDULED,SCHEDULED,False
1785586770,MBTA|20260801|5721|SouthBase-830432-5721,MBTA,1785585720,SouthBase-830432-5721,5721,Franklin/Foxboro Line,Outbound,Uphams Corner,1785586320,1785586752,1785586320,1785586752,SCHEDULED,SCHEDULED,False
1785586980,MBTA|20260801|5721|SouthBase-830432-5721,MBTA,1785585720,SouthBase-830432-5721,5721,Franklin/Foxboro Line,Outbound,Four Corners/Geneva,1785586500,1785586927,1785586500,1785586927,SCHEDULED,SCHEDULED,False
1785587130,MBTA|20260801|5721|SouthBase-830432-5721,MBTA,1785585720,SouthBase-830432-5721,5721,Franklin/Foxboro Line,Outbound,Talbot Avenue,1785586680,1785587089,1785586680,1785587139,SCHEDULED,SCHEDULED,False
1785587250,MBTA|20260801|5721|SouthBase-830432-5721,MBTA,1785585720,SouthBase-830432-5721,5721,Franklin/Foxboro Line,Outbound,Morton Street,1785586860,1785587225,1785586860,1785587225,SCHEDULED,SCHEDULED,False
1785587400,MBTA|20260801|5721|SouthBase-830432-5721,MBTA,1785585720,SouthBase-830432-5721,5721,Franklin/Foxboro Line,Outbound,Blue Hill Avenue,1785586980,1785587364,1785586980,1785587364,SCHEDULED,SCHEDULED,False
1785587610,MBTA|20260801|5721|SouthBase-830432-5721,MBTA,1785585720,SouthBase-830432-5721,5721,Franklin/Foxboro Line,Outbound,Fairmount,1785587160,1785587595,1785587160,1785587595,SCHEDULED,SCHEDULED,False
1785587850,MBTA|20260801|5721|SouthBase-830432-5721,MBTA,1785585720,SouthBase-830432-5721,5721,Franklin/Foxboro Line,Outbound,Readville,1785587400,1785587814,1785587400,1785587814,SCHEDULED,SCHEDULED,False
1785588030,MBTA|20260801|5721|SouthBase-830432-5721,MBTA,1785585720,SouthBase-830432-5721,5721,Franklin/Foxboro Line,Outbound,Endicott,1785587640,1785587998,1785587640,1785587998,SCHEDULED,SCHEDULED,False
1785588180,MBTA|20260801|5721|SouthBase-830432-5721,MBTA,1785585720,SouthBase-830432-5721,5721,Franklin/Foxboro Line,Outbound,Dedham Corporate Center,1785587820,1785588136,1785587820,1785588136,SCHEDULED,SCHEDULED,False
1785588300,MBTA|20260801|5721|SouthBase-830432-5721,MBTA,1785585720,SouthBase-830432-5721,5721,Franklin/Foxboro Line,Outbound,Islington,1785587940,1785588260,1785587940,1785588260,SCHEDULED,SCHEDULED,False
1785588540,MBTA|20260801|5721|SouthBase-830432-5721,MBTA,1785585720,SouthBase-830432-5721,5721,Franklin/Foxboro Line,Outbound,Norwood Depot,1785588180,1785588517,1785588180,1785588517,SCHEDULED,SCHEDULED,False
1785588630,MBTA|20260801|5721|SouthBase-830432-5721,MBTA,1785585720,SouthBase-830432-5721,5721,Franklin/Foxboro Line,Outbound,Norwood Central,1785588360,1785588610,1785588360,1785588610,SCHEDULED,SCHEDULED,False
1785588840,MBTA|20260801|5721|SouthBase-830432-5721,MBTA,1785585720,SouthBase-830432-5721,5721,Franklin/Foxboro Line,Outbound,Windsor Gardens,1785588540,1785588787,1785588540,1785588787,SCHEDULED,SCHEDULED,False
1785589110,MBTA|20260801|5721|SouthBase-830432-5721,MBTA,1785585720,SouthBase-830432-5721,5721,Franklin/Foxboro Line,Outbound,Walpole,1785588780,1785589070,1785588780,1785589070,SCHEDULED,SCHEDULED,False
1785589380,MBTA|20260801|5721|SouthBase-830432-5721,MBTA,1785585720,SouthBase-830432-5721,5721,Franklin/Foxboro Line,Outbound,Norfolk,1785589200,1785589385,1785589200,1785589385,SCHEDULED,SCHEDULED,False
1785590010,MBTA|20260801|5721|SouthBase-830432-5721,MBTA,1785585720,SouthBase-830432-5721,5721,Franklin/Foxboro Line,Outbound,Franklin,1785589620,1785589988,1785589620,1785589988,SCHEDULED,SCHEDULED,False
1785590340,MBTA|20260801|5721|SouthBase-830432-5721,MBTA,1785585720,SouthBase-830432-5721,5721,Franklin/Foxboro Line,Outbound,Forge Park/495,1785590340,1785590360,1785590340,,SCHEDULED,SCHEDULED,False
1785586170,MBTA|20260801|6016|SouthBase-793110-6016,MBTA,1785586080,SouthBase-793110-6016,6016,Kingston Line,Inbound,Kingston,1785586080,,1785586080,1785586126,SCHEDULED,SCHEDULED,False
1785586710,MBTA|20260801|6016|SouthBase-793110-6016,MBTA,1785586080,SouthBase-793110-6016,6016,Kingston Line,Inbound,Halifax,1785586620,1785586676,1785586620,1785586676,SCHEDULED,SCHEDULED,False
1785587010,MBTA|20260801|6016|SouthBase-793110-6016,MBTA,1785586080,SouthBase-793110-6016,6016,Kingston Line,Inbound,Hanson,1785586920,1785586986,1785586920,1785586986,SCHEDULED,SCHEDULED,False
1785587310,MBTA|20260801|6016|SouthBase-793110-6016,MBTA,1785586080,SouthBase-793110-6016,6016,Kingston Line,Inbound,Whitman,1785587220,1785587265,1785587220,1785587265,SCHEDULED,SCHEDULED,False
1785587520,MBTA|20260801|6016|SouthBase-793110-6016,MBTA,1785586080,SouthBase-793110-6016,6016,Kingston Line,Inbound,Abington,1785587400,1785587482,1785587400,1785587482,SCHEDULED,SCHEDULED,False
1785587820,MBTA|20260801|6016|SouthBase-793110-6016,MBTA,1785586080,SouthBase-793110-6016,6016,Kingston Line,Inbound,South Weymouth,1785587700,1785587792,1785587700,1785587792,SCHEDULED,SCHEDULED,False
1785588210,MBTA|20260801|6016|SouthBase-793110-6016,MBTA,1785586080,SouthBase-793110-6016,6016,Kingston Line,Inbound,Braintree,1785588180,1785588174,1785588180,1785588174,SCHEDULED,SCHEDULED,False
1785588600,MBTA|20260801|6016|SouthBase-793110-6016,MBTA,1785586080,SouthBase-793110-6016,6016,Kingston Line,Inbound,Quincy Center,1785588540,1785588506,1785588540,1785588506,SCHEDULED,SCHEDULED,False
1785589710,MBTA|20260801|6016|SouthBase-793110-6016,MBTA,1785586080,SouthBase-793110-6016,6016,Kingston Line,Inbound,South Station,1785589620,1785589717,1785589620,,SCHEDULED,SCHEDULED,False
,MBTA|20260801|5620|SouthBase-830441-5620,MBTA,1785586200,SouthBase-830441-5620,5620,Needham Line,Inbound,Needham Heights,1785586200,1785586200,1785586200,1785586200,SCHEDULED,SCHEDULED,True
1785586500,MBTA|20260801|5620|SouthBase-830441-5620,MBTA,1785586200,SouthBase-830441-5620,5620,Needham Line,Inbound,Needham Center,1785586440,1785586481,1785586440,1785586481,SCHEDULED,SCHEDULED,False
1785586710,MBTA|20260801|5620|SouthBase-830441-5620,MBTA,1785586200,SouthBase-830441-5620,5620,Needham Line,Inbound,Needham Junction,1785586680,1785586691,1785586680,1785586691,SCHEDULED,SCHEDULED,False
1785586890,MBTA|20260801|5620|SouthBase-830441-5620,MBTA,1785586200,SouthBase-830441-5620,5620,Needham Line,Inbound,Hersey,1785586860,1785586870,1785586860,1785586870,SCHEDULED,SCHEDULED,False
1785587220,MBTA|20260801|5620|SouthBase-830441-5620,MBTA,1785586200,SouthBase-830441-5620,5620,Needham Line,Inbound,West Roxbury,1785587160,1785587199,1785587160,1785587199,SCHEDULED,SCHEDULED,False
1785587310,MBTA|20260801|5620|SouthBase-830441-5620,MBTA,1785586200,SouthBase-830441-5620,5620,Needham Line,Inbound,Highland,1785587280,1785587287,1785587280,1785587287,SCHEDULED,SCHEDULED,False
1785587430,MBTA|20260801|5620|SouthBase-830441-5620,MBTA,1785586200,SouthBase-830441-5620,5620,Needham Line,Inbound,Bellevue,1785587400,1785587411,1785587400,1785587411,SCHEDULED,SCHEDULED,False
1785587610,MBTA|20260801|5620|SouthBase-830441-5620,MBTA,1785586200,SouthBase-830441-5620,5620,Needham Line,Inbound,Roslindale Village,1785587580,1785587591,1785587580,1785587591,SCHEDULED,SCHEDULED,False
1785587760,MBTA|20260801|5620|SouthBase-830441-5620,MBTA,1785586200,SouthBase-830441-5620,5620,Needham Line,Inbound,Forest Hills,1785587760,1785587741,1785587760,1785587741,SCHEDULED,SCHEDULED,False
1785588060,MBTA|20260801|5620|SouthBase-830441-5620,MBTA,1785586200,SouthBase-830441-5620,5620,Needham Line,Inbound,Ruggles,1785588060,1785587973,1785588060,1785587973,SCHEDULED,SCHEDULED,False
1785588300,MBTA|20260801|5620|SouthBase-830441-5620,MBTA,1785586200,SouthBase-830441-5620,5620,Needham Line,Inbound,Back Bay,1785588300,1785588147,1785588300,1785588147,SCHEDULED,SCHEDULED,False
1785588630,MBTA|20260801|5620|SouthBase-830441-5620,MBTA,1785586200,SouthBase-830441-5620,5620,Needham Line,Inbound,South Station,1785588600,1785588527,1785588600,,SCHEDULED,SCHEDULED,False
,MBTA|20260801|5824|SouthBase-793090-5824,MBTA,1785586500,SouthBase-793090-5824,5824,Providence/Stoughton Line,Inbound,Providence,1785586500,1785586500,1785586500,1785586500,SCHEDULED,SCHEDULED,True
1785586980,MBTA|20260801|5824|SouthBase-793090-5824,MBTA,1785586500,SouthBase-793090-5824,5824,Providence/Stoughton Line,Inbound,Pawtucket/Central Falls,1785586860,1785586959,1785586860,1785586959,SCHEDULED,SCHEDULED,False
1785587670,MBTA|20260801|5824|SouthBase-793090-5824,MBTA,1785586500,SouthBase-793090-5824,5824,Providence/Stoughton Line,Inbound,Attleboro,1785587580,1785587652,1785587580,1785587702,SCHEDULED,SCHEDULED,False
1785588390,MBTA|20260801|5824|SouthBase-793090-5824,MBTA,1785586500,SouthBase-793090-5824,5824,Providence/Stoughton Line,Inbound,Mansfield,1785588180,1785588371,1785588180,1785588371,SCHEDULED,SCHEDULED,False
1785588900,MBTA|20260801|5824|SouthBase-793090-5824,MBTA,1785586500,SouthBase-793090-5824,5824,Providence/Stoughton Line,Inbound,Sharon,1785588720,1785588872,1785588720,1785588872,SCHEDULED,SCHEDULED,False
1785589140,MBTA|20260801|5824|SouthBase-793090-5824,MBTA,1785586500,SouthBase-793090-5824,5824,Providence/Stoughton Line,Inbound,Canton Junction,1785589020,1785589122,1785589020,1785589172,SCHEDULED,SCHEDULED,False
1785589590,MBTA|20260801|5824|SouthBase-793090-5824,MBTA,1785586500,SouthBase-793090-5824,5824,Providence/Stoughton Line,Inbound,Route 128,1785589380,1785589571,1785589380,1785589571,SCHEDULED,SCHEDULED,False
1785589890,MBTA|20260801|5824|SouthBase-793090-5824,MBTA,1785586500,SouthBase-793090-5824,5824,Providence/Stoughton Line,Inbound,Readville,1785589620,1785589871,1785589620,1785589871,SCHEDULED,SCHEDULED,False
1785590100,MBTA|20260801|5824|SouthBase-793090-5824,MBTA,1785586500,SouthBase-793090-5824,5824,Providence/Stoughton Line,Inbound,Hyde Park,1785589800,1785590066,1785589800,1785590066,SCHEDULED,SCHEDULED,False
1785590460,MBTA|20260801|5824|SouthBase-793090-5824,MBTA,1785586500,SouthBase-793090-5824,5824,Providence/Stoughton Line,Inbound,Ruggles,1785590460,1785590423,1785590460,1785590423,SCHEDULED,SCHEDULED,False
1785590700,MBTA|20260801|5824|SouthBase-793090-5824,MBTA,1785586500,SouthBase-793090-5824,5824,Providence/Stoughton Line,Inbound,Back Bay,1785590700,1785590633,1785590700,1785590633,SCHEDULED,SCHEDULED,False
1785591180,MBTA|20260801|5824|SouthBase-793090-5824,MBTA,1785586500,SouthBase-793090-5824,5824,Providence/Stoughton Line,Inbound,South Station,1785591000,1785591076,1785591000,,SCHEDULED,SCHEDULED,False
1785586680,MBTA|20260801|5724|SouthBase-830433-5724,MBTA,1785586620,SouthBase-830433-5724,5724,Franklin/Foxboro Line,Inbound,Forge Park/495,1785586620,,1785586620,1785586649,SCHEDULED,SCHEDULED,False
1785587130,MBTA|20260801|5724|SouthBase-830433-5724,MBTA,1785586620,SouthBase-830433-5724,5724,Franklin/Foxboro Line,Inbound,Franklin,1785587040,1785587096,1785587040,1785587096,SCHEDULED,SCHEDULED,False
1785587670,MBTA|20260801|5724|SouthBase-830433-5724,MBTA,1785586620,SouthBase-830433-5724,5724,Franklin/Foxboro Line,Inbound,Norfolk,1785587460,1785587683,1785587460,1785587683,SCHEDULED,SCHEDULED,False
1785587970,MBTA|20260801|5724|SouthBase-830433-5724,MBTA,1785586620,SouthBase-830433-5724,5724,Franklin/Foxboro Line,Inbound,Walpole,1785587880,1785587942,1785587880,1785587942,SCHEDULED,SCHEDULED,False
1785588240,MBTA|20260801|5724|SouthBase-830433-5724,MBTA,1785586620,SouthBase-830433-5724,5724,Franklin/Foxboro Line,Inbound,Windsor Gardens,1785588060,1785588197,1785588060,1785588197,SCHEDULED,SCHEDULED,False
1785588450,MBTA|20260801|5724|SouthBase-830433-5724,MBTA,1785586620,SouthBase-830433-5724,5724,Franklin/Foxboro Line,Inbound,Norwood Central,1785588300,1785588415,1785588300,1785588415,SCHEDULED,SCHEDULED,False
1785588630,MBTA|20260801|5724|SouthBase-830433-5724,MBTA,1785586620,SouthBase-830433-5724,5724,Franklin/Foxboro Line,Inbound,Norwood Depot,1785588420,1785588609,1785588420,1785588609,SCHEDULED,SCHEDULED,False
1785588870,MBTA|20260801|5724|SouthBase-830433-5724,MBTA,1785586620,SouthBase-830433-5724,5724,Franklin/Foxboro Line,Inbound,Islington,1785588600,1785588813,1785588600,1785588813,SCHEDULED,SCHEDULED,False
1785589050,MBTA|20260801|5724|SouthBase-830433-5724,MBTA,1785586620,SouthBase-830433-5724,5724,Franklin/Foxboro Line,Inbound,Dedham Corporate Center,1785588720,1785589004,1785588720,1785589004,SCHEDULED,SCHEDULED,False
1785589230,MBTA|20260801|5724|SouthBase-830433-5724,MBTA,1785586620,SouthBase-830433-5724,5724,Franklin/Foxboro Line,Inbound,Endicott,1785588900,1785589203,1785588900,1785589203,SCHEDULED,SCHEDULED,False
1785589440,MBTA|20260801|5724|SouthBase-830433-5724,MBTA,1785586620,SouthBase-830433-5724,5724,Franklin/Foxboro Line,Inbound,Readville,1785589200,1785589420,1785589200,1785589420,SCHEDULED,SCHEDULED,False
1785589650,MBTA|20260801|5724|SouthBase-830433-5724,MBTA,1785586620,SouthBase-830433-5724,5724,Franklin/Foxboro Line,Inbound,Fairmount,1785589380,1785589624,1785589380,1785589624,SCHEDULED,SCHEDULED,False
1785589890,MBTA|20260801|5724|SouthBase-830433-5724,MBTA,1785586620,SouthBase-830433-5724,5724,Franklin/Foxboro Line,Inbound,Blue Hill Avenue,1785589560,1785589840,1785589560,1785589840,SCHEDULED,SCHEDULED,False
1785590040,MBTA|20260801|5724|SouthBase-830433-5724,MBTA,1785586620,SouthBase-830433-5724,5724,Franklin/Foxboro Line,Inbound,Morton Street,1785589680,1785589996,1785589680,1785589996,SCHEDULED,SCHEDULED,False
1785590130,MBTA|20260801|5724|SouthBase-830433-5724,MBTA,1785586620,SouthBase-830433-5724,5724,Franklin/Foxboro Line,Inbound,Talbot Avenue,1785589860,1785590150,1785589860,1785590150,SCHEDULED,SCHEDULED,False
1785590730,MBTA|20260801|5724|SouthBase-830433-5724,MBTA,1785586620,SouthBase-830433-5724,5724,Franklin/Foxboro Line,Inbound,Four Corners/Geneva,1785590040,1785590709,1785590040,1785590709,SCHEDULED,SCHEDULED,False
1785591060,MBTA|20260801|5724|SouthBase-830433-5724,MBTA,1785586620,SouthBase-830433-5724,5724,Franklin/Foxboro Line,Inbound,Uphams Corner,1785590220,1785591026,1785590220,1785591026,SCHEDULED,SCHEDULED,False
1785591120,MBTA|20260801|5724|SouthBase-830433-5724,MBTA,1785586620,SouthBase-830433-5724,5724,Franklin/Foxboro Line,Inbound,Newmarket,1785590340,1785591091,1785590340,1785591141,SCHEDULED,SCHEDULED,False
1785591810,MBTA|20260801|5724|SouthBase-830433-5724,MBTA,1785586620,SouthBase-830433-5724,5724,Franklin/Foxboro Line,Inbound,South Station,1785591000,1785591803,1785591000,,SCHEDULED,SCHEDULED,False
1785586920,MBTA|20260801|5323|NorthBase-825550-5323,MBTA,1785586800,NorthBase-825550-5323,5323,Lowell Line,Outbound,North Station,1785586800,,1785586800,1785586888,SCHEDULED,SCHEDULED,False
1785587520,MBTA|20260801|5323|NorthBase-825550-5323,MBTA,1785586800,NorthBase-825550-5323,5323,Lowell Line,Outbound,West Medford,1785587460,1785587501,1785587460,1785587501,SCHEDULED,SCHEDULED,False
1785587790,MBTA|20260801|5323|NorthBase-825550-5323,MBTA,1785586800,NorthBase-825550-5323,5323,Lowell Line,Outbound,Wedgemere,1785587640,1785587740,1785587640,1785587740,SCHEDULED,SCHEDULED,False
1785587880,MBTA|20260801|5323|NorthBase-825550-5323,MBTA,1785586800,NorthBase-825550-5323,5323,Lowell Line,Outbound,Winchester Center,1785587760,1785587850,1785587760,1785587850,SCHEDULED,SCHEDULED,False
1785588240,MBTA|20260801|5323|NorthBase-825550-5323,MBTA,1785586800,NorthBase-825550-5323,5323,Lowell Line,Outbound,Anderson/Woburn,1785588180,1785588215,1785588180,1785588215,SCHEDULED,SCHEDULED,False
1785588510,MBTA|20260801|5323|NorthBase-825550-5323,MBTA,1785586800,NorthBase-825550-5323,5323,Lowell Line,Outbound,Wilmington,1785588360,1785588504,1785588360,1785588504,SCHEDULED,SCHEDULED,False
1785588900,MBTA|20260801|5323|NorthBase-825550-5323,MBTA,1785586800,NorthBase-825550-5323,5323,Lowell Line,Outbound,North Billerica,1785588900,1785588878,1785588900,1785588928,SCHEDULED,SCHEDULED,False
1785589650,MBTA|20260801|5323|NorthBase-825550-5323,MBTA,1785586800,NorthBase-825550-5323,5323,Lowell Line,Outbound,Lowell,1785589620,1785589539,1785589620,,SCHEDULED,SCHEDULED,False
1785586920,MBTA|20260801|7009|SouthBase-793172-7009,MBTA,1785586800,SouthBase-793172-7009,7009,Fall River/New Bedford Line,Outbound,South Station,1785586800,,1785586800,1785586923,SCHEDULED,SCHEDULED,False
1785587760,MBTA|20260801|7009|SouthBase-793172-7009,MBTA,1785586800,SouthBase-793172-7009,7009,Fall River/New Bedford Line,Outbound,Quincy Center,1785587700,1785587722,1785587700,1785587722,SCHEDULED,SCHEDULED,False
1785588210,MBTA|20260801|7009|SouthBase-793172-7009,MBTA,1785586800,SouthBase-793172-7009,7009,Fall River/New Bedford Line,Outbound,Braintree,1785588060,1785588155,1785588060,1785588155,SCHEDULED,SCHEDULED,False
1785588690,MBTA|20260801|7009|SouthBase-793172-7009,MBTA,1785586800,SouthBase-793172-7009,7009,Fall River/New Bedford Line,Outbound,Holbrook/Randolph,1785588540,1785588710,1785588540,1785588710,SCHEDULED,SCHEDULED,False
1785588990,MBTA|20260801|7009|SouthBase-793172-7009,MBTA,1785586800,SouthBase-793172-7009,7009,Fall River/New Bedford Line,Outbound,Montello,1785588900,1785588967,1785588900,1785588967,SCHEDULED,SCHEDULED,False
1785589200,MBTA|20260801|7009|SouthBase-793172-7009,MBTA,1785586800,SouthBase-793172-7009,7009,Fall River/New Bedford Line,Outbound,Brockton,1785589140,1785589178,1785589140,1785589178,SCHEDULED,SCHEDULED,False
1785589440,MBTA|20260801|7009|SouthBase-793172-7009,MBTA,1785586800,SouthBase-793172-7009,7009,Fall River/New Bedford Line,Outbound,Campello,1785589380,1785589395,1785589380,1785589395,SCHEDULED,SCHEDULED,False
1785590070,MBTA|20260801|7009|SouthBase-793172-7009,MBTA,1785586800,SouthBase-793172-7009,7009,Fall River/New Bedford Line,Outbound,Bridgewater,1785589980,1785590078,1785589980,1785590078,SCHEDULED,SCHEDULED,False
1785590790,MBTA|20260801|7009|SouthBase-793172-7009,MBTA,1785586800,SouthBase-793172-7009,7009,Fall River/New Bedford Line,Outbound,Middleborough,1785590700,1785590759,1785590700,1785590759,SCHEDULED,SCHEDULED,False
1785591450,MBTA|20260801|7009|SouthBase-793172-7009,MBTA,1785586800,SouthBase-793172-7009,7009,Fall River/New Bedford Line,Outbound,East Taunton,1785591360,1785591445,1785591360,1785591445,SCHEDULED,SCHEDULED,False
1785592320,MBTA|20260801|7009|SouthBase-793172-7009,MBTA,1785586800,SouthBase-793172-7009,7009,Fall River/New Bedford Line,Outbound,Church Street,1785592260,1785592277,1785592260,1785592277,SCHEDULED,SCHEDULED,False
1785592920,MBTA|20260801|7009|SouthBase-793172-7009,MBTA,1785586800,SouthBase-793172-7009,7009,Fall River/New Bedford Line,Outbound,New Bedford,1785592920,1785592597,1785592920,,SCHEDULED,SCHEDULED,False
1785586890,MBTA|20260801|7018|SouthBase-793174-7018,MBTA,1785586800,SouthBase-793174-7018,7018,Fall River/New Bedford Line,Inbound,New Bedford,1785586800,,1785586800,1785586857,SCHEDULED,SCHEDULED,False
1785587310,MBTA|20260801|7018|SouthBase-793174-7018,MBTA,1785586800,SouthBase-793174-7018,7018,Fall River/New Bedford Line,Inbound,Church Street,1785587160,1785587264,1785587160,1785587264,SCHEDULED,SCHEDULED,False
1785588270,MBTA|20260801|7018|SouthBase-793174-7018,MBTA,1785586800,SouthBase-793174-7018,7018,Fall River/New Bedford Line,Inbound,East Taunton,1785588240,1785588247,1785588240,1785588247,SCHEDULED,SCHEDULED,False
1785588960,MBTA|20260801|7018|SouthBase-793174-7018,MBTA,1785586800,SouthBase-793174-7018,7018,Fall River/New Bedford Line,Inbound,Middleborough,1785588900,1785588929,1785588900,1785588929,SCHEDULED,SCHEDULED,False
1785589590,MBTA|20260801|7018|SouthBase-793174-7018,MBTA,1785586800,SouthBase-793174-7018,7018,Fall River/New Bedford Line,Inbound,Bridgewater,1785589500,1785589548,1785589500,1785589548,SCHEDULED,SCHEDULED,False
1785590040,MBTA|20260801|7018|SouthBase-793174-7018,MBTA,1785586800,SouthBase-793174-7018,7018,Fall River/New Bedford Line,Inbound,Campello,1785589980,1785590014,1785589980,1785590014,SCHEDULED,SCHEDULED,False
1785590310,MBTA|20260801|7018|SouthBase-793174-7018,MBTA,1785586800,SouthBase-793174-7018,7018,Fall River/New Bedford Line,Inbound,Brockton,1785590220,1785590262,1785590220,1785590262,SCHEDULED,SCHEDULED,False
1785590520,MBTA|20260801|7018|SouthBase-793174-7018,MBTA,1785586800,SouthBase-793174-7018,7018,Fall River/New Bedford Line,Inbound,Montello,1785590400,1785590479,1785590400,1785590479,SCHEDULED,SCHEDULED,False
1785590730,MBTA|20260801|7018|SouthBase-793174-7018,MBTA,1785586800,SouthBase-793174-7018,7018,Fall River/New Bedford Line,Inbound,Holbrook/Randolph,1785590700,1785590758,1785590700,1785590758,SCHEDULED,SCHEDULED,False
1785591180,MBTA|20260801|7018|SouthBase-793174-7018,MBTA,1785586800,SouthBase-793174-7018,7018,Fall River/New Bedford Line,Inbound,Braintree,1785591180,1785591067,1785591180,1785591067,SCHEDULED,SCHEDULED,False
1785591540,MBTA|20260801|7018|SouthBase-793174-7018,MBTA,1785586800,SouthBase-793174-7018,7018,Fall River/New Bedford Line,Inbound,Quincy Center,1785591540,1785591414,1785591540,1785591414,SCHEDULED,SCHEDULED,False
1785592860,MBTA|20260801|7018|SouthBase-793174-7018,MBTA,1785586800,SouthBase-793174-7018,7018,Fall River/New Bedford Line,Inbound,South Station,1785592800,1785592774,1785592800,,SCHEDULED,SCHEDULED,False
,MBTA|20260801|5025|NorthBase-825499-5025,MBTA,1785587400,NorthBase-825499-5025,5025,Newburyport/Rockport Line,Outbound,North Station,1785587400,1785587400,1785587400,1785587400,SCHEDULED,SCHEDULED,True
1785588210,MBTA|20260801|5025|NorthBase-825499-5025,MBTA,1785587400,NorthBase-825499-5025,5025,Newburyport/Rockport Line,Outbound,Chelsea,1785588060,1785588191,1785588060,1785588191,SCHEDULED,SCHEDULED,False
1785588930,MBTA|20260801|5025|NorthBase-825499-5025,MBTA,1785587400,NorthBase-825499-5025,5025,Newburyport/Rockport Line,Outbound,Lynn Interim,1785588720,1785588911,1785588720,1785588911,SCHEDULED,SCHEDULED,False
1785589080,MBTA|20260801|5025|NorthBase-825499-5025,MBTA,1785587400,NorthBase-825499-5025,5025,Newburyport/Rockport Line,Outbound,Swampscott,1785588900,1785589061,1785588900,1785589061,SCHEDULED,SCHEDULED,False
1785589560,MBTA|20260801|5025|NorthBase-825499-5025,MBTA,1785587400,NorthBase-825499-5025,5025,Newburyport/Rockport Line,Outbound,Salem,1785589320,1785589541,1785589320,1785589541,SCHEDULED,SCHEDULED,False
1785589800,MBTA|20260801|5025|NorthBase-825499-5025,MBTA,1785587400,NorthBase-825499-5025,5025,Newburyport/Rockport Line,Outbound,Beverly,1785589560,1785589757,1785589560,1785589757,SCHEDULED,SCHEDULED,False
1785590070,MBTA|20260801|5025|NorthBase-825499-5025,MBTA,1785587400,NorthBase-825499-5025,5025,Newburyport/Rockport Line,Outbound,Montserrat,1785589800,1785590051,1785589800,1785590051,SCHEDULED,SCHEDULED,False
1785590370,MBTA|20260801|5025|NorthBase-825499-5025,MBTA,1785587400,NorthBase-825499-5025,5025,Newburyport/Rockport Line,Outbound,Beverly Farms,1785590100,1785590350,1785590100,1785590350,SCHEDULED,SCHEDULED,False
1785590730,MBTA|20260801|5025|NorthBase-825499-5025,MBTA,1785587400,NorthBase-825499-5025,5025,Newburyport/Rockport Line,Outbound,Manchester,1785590460,1785590663,1785590460,1785590663,SCHEDULED,SCHEDULED,False
1785591120,MBTA|20260801|5025|NorthBase-825499-5025,MBTA,1785587400,NorthBase-825499-5025,5025,Newburyport/Rockport Line,Outbound,West Gloucester,1785590820,1785591101,1785590820,1785591101,SCHEDULED,SCHEDULED,False
1785591510,MBTA|20260801|5025|NorthBase-825499-5025,MBTA,1785587400,NorthBase-825499-5025,5025,Newburyport/Rockport Line,Outbound,Gloucester,1785591180,1785591461,1785591180,1785591461,SCHEDULED,SCHEDULED,False
1785591990,MBTA|20260801|5025|NorthBase-825499-5025,MBTA,1785587400,NorthBase-825499-5025,5025,Newburyport/Rockport Line,Outbound,Rockport,1785591900,1785592005,1785591900,,SCHEDULED,SCHEDULED,False
1785587790,MBTA|20260801|6624|SouthBase-830401-6624,MBTA,1785587580,SouthBase-830401-6624,6624,Fairmount Line,Inbound,Fairmount,1785587580,,1785587580,1785587781,SCHEDULED,SCHEDULED,False
1785588000,MBTA|20260801|6624|SouthBase-830401-6624,MBTA,1785587580,SouthBase-830401-6624,6624,Fairmount Line,Inbound,Blue Hill Avenue,1785587760,1785587950,1785587760,1785587950,SCHEDULED,SCHEDULED,False
1785588120,MBTA|20260801|6624|SouthBase-830401-6624,MBTA,1785587580,SouthBase-830401-6624,6624,Fairmount Line,Inbound,Morton Street,1785587880,1785588082,1785587880,1785588082,SCHEDULED,SCHEDULED,False
1785588210,MBTA|20260801|6624|SouthBase-830401-6624,MBTA,1785587580,SouthBase-830401-6624,6624,Fairmount Line,Inbound,Talbot Avenue,1785588060,1785588221,1785588060,1785588221,SCHEDULED,SCHEDULED,False
1785588720,MBTA|20260801|6624|SouthBase-830401-6624,MBTA,1785587580,SouthBase-830401-6624,6624,Fairmount Line,Inbound,Four Corners/Geneva,1785588240,1785588694,1785588240,1785588694,SCHEDULED,SCHEDULED,False
1785588990,MBTA|20260801|6624|SouthBase-830401-6624,MBTA,1785587580,SouthBase-830401-6624,6624,Fairmount Line,Inbound,Uphams Corner,1785588420,1785588951,1785588420,1785588951,SCHEDULED,SCHEDULED,False
1785589050,MBTA|20260801|6624|SouthBase-830401-6624,MBTA,1785587580,SouthBase-830401-6624,6624,Fairmount Line,Inbound,Newmarket,1785588540,1785589020,1785588540,1785589070,SCHEDULED,SCHEDULED,False
1785589530,MBTA|20260801|6624|SouthBase-830401-6624,MBTA,1785587580,SouthBase-830401-6624,6624,Fairmount Line,Inbound,South Station,1785589200,1785589538,1785589200,,SCHEDULED,SCHEDULED,False
1785587730,MBTA|20260801|5224|NorthBase-825533-5224,MBTA,1785587700,NorthBase-825533-5224,5224,Haverhill Line,Inbound,Haverhill,1785587700,,1785587700,1785587710,SCHEDULED,SCHEDULED,False
1785587910,MBTA|20260801|5224|NorthBase-825533-5224,MBTA,1785587700,NorthBase-825533-5224,5224,Haverhill Line,Inbound,Bradford,1785587820,1785587915,1785587820,1785587915,SCHEDULED,SCHEDULED,False
1785588600,MBTA|20260801|5224|NorthBase-825533-5224,MBTA,1785587700,NorthBase-825533-5224,5224,Haverhill Line,Inbound,Lawrence,1785588240,1785588443,1785588240,1785588493,SCHEDULED,SCHEDULED,False
1785588960,MBTA|20260801|5224|NorthBase-825533-5224,MBTA,1785587700,NorthBase-825533-5224,5224,Haverhill Line,Inbound,Andover,1785588660,1785588799,1785588660,1785588849,SCHEDULED,SCHEDULED,False
1785589440,MBTA|20260801|5224|NorthBase-825533-5224,MBTA,1785587700,NorthBase-825533-5224,5224,Haverhill Line,Inbound,Ballardvale,1785588960,1785589291,1785588960,1785589341,SCHEDULED,SCHEDULED,False
1785589800,MBTA|20260801|5224|NorthBase-825533-5224,MBTA,1785587700,NorthBase-825533-5224,5224,Haverhill Line,Inbound,North Wilmington,1785589380,1785589633,1785589380,1785589683,SCHEDULED,SCHEDULED,False
1785590250,MBTA|20260801|5224|NorthBase-825533-5224,MBTA,1785587700,NorthBase-825533-5224,5224,Haverhill Line,Inbound,Reading,1785589800,1785590115,1785589800,1785590165,SCHEDULED,SCHEDULED,False
1785590340,MBTA|20260801|5224|NorthBase-825533-5224,MBTA,1785587700,NorthBase-825533-5224,5224,Haverhill Line,Inbound,Wakefield,1785590160,1785590320,1785590160,1785590370,SCHEDULED,SCHEDULED,False
1785590550,MBTA|20260801|5224|NorthBase-825533-5224,MBTA,1785587700,NorthBase-825533-5224,5224,Haverhill Line,Inbound,Greenwood,1785590340,1785590465,1785590340,1785590465,SCHEDULED,SCHEDULED,False
1785590670,MBTA|20260801|5224|NorthBase-825533-5224,MBTA,1785587700,NorthBase-825533-5224,5224,Haverhill Line,Inbound,Melrose Highlands,1785590460,1785590625,1785590460,1785590625,SCHEDULED,SCHEDULED,False
1785590880,MBTA|20260801|5224|NorthBase-825533-5224,MBTA,1785587700,NorthBase-825533-5224,5224,Haverhill Line,Inbound,Melrose/Cedar Park,1785590580,1785590767,1785590580,1785590767,SCHEDULED,SCHEDULED,False
1785590970,MBTA|20260801|5224|NorthBase-825533-5224,MBTA,1785587700,NorthBase-825533-5224,5224,Haverhill Line,Inbound,Wyoming Hill,1785590700,1785590831,1785590700,1785590881,SCHEDULED,SCHEDULED,False
1785591360,MBTA|20260801|5224|NorthBase-825533-5224,MBTA,1785587700,NorthBase-825533-5224,5224,Haverhill Line,Inbound,Oak Grove,1785590820,1785591244,1785590820,1785591244,SCHEDULED,SCHEDULED,False
1785591360,MBTA|20260801|5224|NorthBase-825533-5224,MBTA,1785587700,NorthBase-825533-5224,5224,Haverhill Line,Inbound,Malden Center,1785591000,1785591331,1785591000,1785591331,SCHEDULED,SCHEDULED,False
1785591780,MBTA|20260801|5224|NorthBase-825533-5224,MBTA,1785587700,NorthBase-825533-5224,5224,Haverhill Line,Inbound,North Station,1785591900,1785591799,1785591900,,SCHEDULED,SCHEDULED,False
,MBTA|20260801|6068|SouthBase-793240-6068,MBTA,1785587820,SouthBase-793240-6068,6068,Greenbush Line,Inbound,Greenbush,1785587820,1785587820,1785587820,1785587820,SCHEDULED,SCHEDULED,True
1785588360,MBTA|20260801|6068|SouthBase-793240-6068,MBTA,1785587820,SouthBase-793240-6068,6068,Greenbush Line,Inbound,North Scituate,1785588240,1785588311,1785588240,1785588311,SCHEDULED,SCHEDULED,False
1785588780,MBTA|20260801|6068|SouthBase-793240-6068,MBTA,1785587820,SouthBase-793240-6068,6068,Greenbush Line,Inbound,Cohasset,1785588600,1785588760,1785588600,1785588760,SCHEDULED,SCHEDULED,False
1785588990,MBTA|20260801|6068|SouthBase-793240-6068,MBTA,1785587820,SouthBase-793240-6068,6068,Greenbush Line,Inbound,Nantasket Junction,1785588780,1785588969,1785588780,1785588969,SCHEDULED,SCHEDULED,False
1785589320,MBTA|20260801|6068|SouthBase-793240-6068,MBTA,1785587820,SouthBase-793240-6068,6068,Greenbush Line,Inbound,West Hingham,1785589080,1785589300,1785589080,1785589300,SCHEDULED,SCHEDULED,False
1785589470,MBTA|20260801|6068|SouthBase-793240-6068,MBTA,1785587820,SouthBase-793240-6068,6068,Greenbush Line,Inbound,East Weymouth,1785589320,1785589465,1785589320,1785589515,SCHEDULED,SCHEDULED,False
1785589890,MBTA|20260801|6068|SouthBase-793240-6068,MBTA,1785587820,SouthBase-793240-6068,6068,Greenbush Line,Inbound,Weymouth Landing/East Braintree,1785589620,1785589870,1785589620,1785589870,SCHEDULED,SCHEDULED,False
1785590370,MBTA|20260801|6068|SouthBase-793240-6068,MBTA,1785587820,SouthBase-793240-6068,6068,Greenbush Line,Inbound,Quincy Center,1785590160,1785590365,1785590160,1785590365,SCHEDULED,SCHEDULED,False
1785591360,MBTA|20260801|6068|SouthBase-793240-6068,MBTA,1785587820,SouthBase-793240-6068,6068,Greenbush Line,Inbound,South Station,1785591300,1785591376,1785591300,,SCHEDULED,SCHEDULED,False
,MBTA|20260801|6009|SouthBase-793108-6009,MBTA,1785588120,SouthBase-793108-6009,6009,Kingston Line,Outbound,South Station,1785588120,1785588120,1785588120,1785588120,SCHEDULED,SCHEDULED,True
1785589290,MBTA|20260801|6009|SouthBase-793108-6009,MBTA,1785588120,SouthBase-793108-6009,6009,Kingston Line,Outbound,Quincy Center,1785589020,1785589244,1785589020,1785589244,SCHEDULED,SCHEDULED,False
1785589650,MBTA|20260801|6009|SouthBase-793108-6009,MBTA,1785588120,SouthBase-793108-6009,6009,Kingston Line,Outbound,Braintree,1785589380,1785589616,1785589380,1785589616,SCHEDULED,SCHEDULED,False
1785590100,MBTA|20260801|6009|SouthBase-793108-6009,MBTA,1785588120,SouthBase-793108-6009,6009,Kingston Line,Outbound,South Weymouth,1785589800,1785590075,1785589800,1785590075,SCHEDULED,SCHEDULED,False
1785590400,MBTA|20260801|6009|SouthBase-793108-6009,MBTA,1785588120,SouthBase-793108-6009,6009,Kingston Line,Outbound,Abington,1785590100,1785590360,1785590100,1785590360,SCHEDULED,SCHEDULED,False
1785590640,MBTA|20260801|6009|SouthBase-793108-6009,MBTA,1785588120,SouthBase-793108-6009,6009,Kingston Line,Outbound,Whitman,1785590280,1785590608,1785590280,1785590608,SCHEDULED,SCHEDULED,False
1785590970,MBTA|20260801|6009|SouthBase-793108-6009,MBTA,1785588120,SouthBase-793108-6009,6009,Kingston Line,Outbound,Hanson,1785590580,1785590918,1785590580,1785590918,SCHEDULED,SCHEDULED,False
1785591300,MBTA|20260801|6009|SouthBase-793108-6009,MBTA,1785588120,SouthBase-793108-6009,6009,Kingston Line,Outbound,Halifax,1785590880,1785591234,1785590880,1785591234,SCHEDULED,SCHEDULED,False
1785591810,MBTA|20260801|6009|SouthBase-793108-6009,MBTA,1785588120,SouthBase-793108-6009,6009,Kingston Line,Outbound,Kingston,1785591660,1785591778,1785591660,,SCHEDULED,SCHEDULED,False
1785588630,MBTA|20260801|6619|SouthBase-830423-6619,MBTA,1785588420,SouthBase-830423-6619,6619,Fairmount Line,Outbound,South Station,1785588420,,1785588420,1785588621,SCHEDULED,SCHEDULED,False
1785589740,MBTA|20260801|6619|SouthBase-830423-6619,MBTA,1785588420,SouthBase-830423-6619,6619,Fairmount Line,Outbound,Newmarket,1785588900,1785589691,1785588900,1785589691,SCHEDULED,SCHEDULED,False
1785589890,MBTA|20260801|6619|SouthBase-830423-6619,MBTA,1785588420,SouthBase-830423-6619,6619,Fairmount Line,Outbound,Uphams Corner,1785589020,1785589773,1785589020,1785589823,SCHEDULED,SCHEDULED,False
1785590070,MBTA|20260801|6619|SouthBase-830423-6619,MBTA,1785588420,SouthBase-830423-6619,6619,Fairmount Line,Outbound,Four Corners/Geneva,1785589200,1785590028,1785589200,1785590028,SCHEDULED,SCHEDULED,False
1785590220,MBTA|20260801|6619|SouthBase-830423-6619,MBTA,1785588420,SouthBase-830423-6619,6619,Fairmount Line,Outbound,Talbot Avenue,1785589380,1785590201,1785589380,1785590201,SCHEDULED,SCHEDULED,False
1785590340,MBTA|20260801|6619|SouthBase-830423-6619,MBTA,1785588420,SouthBase-830423-6619,6619,Fairmount Line,Outbound,Morton Street,1785589560,1785590318,1785589560,1785590318,SCHEDULED,SCHEDULED,False
1785590460,MBTA|20260801|6619|SouthBase-830423-6619,MBTA,1785588420,SouthBase-830423-6619,6619,Fairmount Line,Outbound,Blue Hill Avenue,1785589680,1785590452,1785589680,1785590452,SCHEDULED,SCHEDULED,False
1785590670,MBTA|20260801|6619|SouthBase-830423-6619,MBTA,1785588420,SouthBase-830423-6619,6619,Fairmount Line,Outbound,Fairmount,1785589860,1785590653,1785589860,1785590653,SCHEDULED,SCHEDULED,False
1785590850,MBTA|20260801|6619|SouthBase-830423-6619,MBTA,1785588420,SouthBase-830423-6619,6619,Fairmount Line,Outbound,Readville,1785590220,1785590835,1785590220,,SCHEDULED,SCHEDULED,False
1785589320,MBTA|20260801|5225|NorthBase-825534-5225,MBTA,1785589200,NorthBase-825534-5225,5225,Haverhill Line,Outbound,North Station,1785589200,,1785589200,1785589284,SCHEDULED,SCHEDULED,False
1785589950,MBTA|20260801|5225|NorthBase-825534-5225,MBTA,1785589200,NorthBase-825534-5225,5225,Haverhill Line,Outbound,Malden Center,1785589860,1785589894,1785589860,1785589894,SCHEDULED,SCHEDULED,False
1785590040,MBTA|20260801|5225|NorthBase-825534-5225,MBTA,1785589200,NorthBase-825534-5225,5225,Haverhill Line,Outbound,Oak Grove,1785589980,1785590024,1785589980,1785590024,SCHEDULED,SCHEDULED,False
1785590250,MBTA|20260801|5225|NorthBase-825534-5225,MBTA,1785589200,NorthBase-825534-5225,5225,Haverhill Line,Outbound,Wyoming Hill,1785590100,1785590239,1785590100,1785590239,SCHEDULED,SCHEDULED,False
1785590400,MBTA|20260801|5225|NorthBase-825534-5225,MBTA,1785589200,NorthBase-825534-5225,5225,Haverhill Line,Outbound,Melrose/Cedar Park,1785590220,1785590359,1785590220,1785590359,SCHEDULED,SCHEDULED,False
1785590520,MBTA|20260801|5225|NorthBase-825534-5225,MBTA,1785589200,NorthBase-825534-5225,5225,Haverhill Line,Outbound,Melrose Highlands,1785590400,1785590500,1785590400,1785590500,SCHEDULED,SCHEDULED,False
1785590640,MBTA|20260801|5225|NorthBase-825534-5225,MBTA,1785589200,NorthBase-825534-5225,5225,Haverhill Line,Outbound,Greenwood,1785590580,1785590648,1785590580,1785590648,SCHEDULED,SCHEDULED,False
1785590880,MBTA|20260801|5225|NorthBase-825534-5225,MBTA,1785589200,NorthBase-825534-5225,5225,Haverhill Line,Outbound,Wakefield,1785590820,1785590841,1785590820,1785590841,SCHEDULED,SCHEDULED,False
1785591240,MBTA|20260801|5225|NorthBase-825534-5225,MBTA,1785589200,NorthBase-825534-5225,5225,Haverhill Line,Outbound,Reading,1785591180,1785591218,1785591180,1785591218,SCHEDULED,SCHEDULED,False
1785591600,MBTA|20260801|5225|NorthBase-825534-5225,MBTA,1785589200,NorthBase-825534-5225,5225,Haverhill Line,Outbound,North Wilmington,1785591540,1785591575,1785591540,1785591575,SCHEDULED,SCHEDULED,False
1785592050,MBTA|20260801|5225|NorthBase-825534-5225,MBTA,1785589200,NorthBase-825534-5225,5225,Haverhill Line,Outbound,Ballardvale,1785591960,1785592002,1785591960,1785592002,SCHEDULED,SCHEDULED,False
1785592380,MBTA|20260801|5225|NorthBase-825534-5225,MBTA,1785589200,NorthBase-825534-5225,5225,Haverhill Line,Outbound,Andover,1785592260,1785592343,1785592260,1785592343,SCHEDULED,SCHEDULED,False
1785592740,MBTA|20260801|5225|NorthBase-825534-5225,MBTA,1785589200,NorthBase-825534-5225,5225,Haverhill Line,Outbound,Lawrence,1785592680,1785592715,1785592680,1785592715,SCHEDULED,SCHEDULED,False
1785593310,MBTA|20260801|5225|NorthBase-825534-5225,MBTA,1785589200,NorthBase-825534-5225,5225,Haverhill Line,Outbound,Bradford,1785593160,1785593197,1785593160,1785593197,SCHEDULED,SCHEDULED,False
1785593220,MBTA|20260801|5225|NorthBase-825534-5225,MBTA,1785589200,NorthBase-825534-5225,5225,Haverhill Line,Outbound,Haverhill,1785593580,1785593278,1785593580,,SCHEDULED,SCHEDULED,False
,MBTA|20260801|5525|SouthBase-824341-5525,MBTA,1785589200,SouthBase-824341-5525,5525,Framingham/Worcester Line,Outbound,South Station,1785589200,1785589200,1785589200,1785589200,SCHEDULED,SCHEDULED,True
1785589740,MBTA|20260801|5525|SouthBase-824341-5525,MBTA,1785589200,SouthBase-824341-5525,5525,Framingham/Worcester Line,Outbound,Back Bay,1785589620,1785589588,1785589620,1785589638,SCHEDULED,SCHEDULED,False
1785590130,MBTA|20260801|5525|SouthBase-824341-5525,MBTA,1785589200,SouthBase-824341-5525,5525,Framingham/Worcester Line,Outbound,Lansdowne,1785589860,1785590109,1785589860,1785590109,SCHEDULED,SCHEDULED,False
1785590460,MBTA|20260801|5525|SouthBase-824341-5525,MBTA,1785589200,SouthBase-824341-5525,5525,Framingham/Worcester Line,Outbound,Boston Landing,1785590160,1785590440,1785590160,1785590440,SCHEDULED,SCHEDULED,False
1785590790,MBTA|20260801|5525|SouthBase-824341-5525,MBTA,1785589200,SouthBase-824341-5525,5525,Framingham/Worcester Line,Outbound,Newtonville,1785590520,1785590769,1785590520,1785590769,SCHEDULED,SCHEDULED,False
1785591000,MBTA|20260801|5525|SouthBase-824341-5525,MBTA,1785589200,SouthBase-824341-5525,5525,Framingham/Worcester Line,Outbound,West Newton,1785590700,1785590981,1785590700,1785590981,SCHEDULED,SCHEDULED,False
1785591180,MBTA|20260801|5525|SouthBase-824341-5525,MBTA,1785589200,SouthBase-824341-5525,5525,Framingham/Worcester Line,Outbound,Auburndale,1785590880,1785591102,1785590880,1785591152,SCHEDULED,SCHEDULED,False
1785591450,MBTA|20260801|5525|SouthBase-824341-5525,MBTA,1785589200,SouthBase-824341-5525,5525,Framingham/Worcester Line,Outbound,Wellesley Farms,1785591120,1785591426,1785591120,1785591426,SCHEDULED,SCHEDULED,False
1785591660,MBTA|20260801|5525|SouthBase-824341-5525,MBTA,1785589200,SouthBase-824341-5525,5525,Framingham/Worcester Line,Outbound,Wellesley Hills,1785591300,1785591640,1785591300,1785591640,SCHEDULED,SCHEDULED,False
1785591870,MBTA|20260801|5525|SouthBase-824341-5525,MBTA,1785589200,SouthBase-824341-5525,5525,Framingham/Worcester Line,Outbound,Wellesley Square,1785591540,1785591850,1785591540,1785591850,SCHEDULED,SCHEDULED,False
1785592170,MBTA|20260801|5525|SouthBase-824341-5525,MBTA,1785589200,SouthBase-824341-5525,5525,Framingham/Worcester Line,Outbound,Natick Center,1785591840,1785592150,1785591840,1785592150,SCHEDULED,SCHEDULED,False
1785592410,MBTA|20260801|5525|SouthBase-824341-5525,MBTA,1785589200,SouthBase-824341-5525,5525,Framingham/Worcester Line,Outbound,West Natick,1785592140,1785592362,1785592140,1785592362,SCHEDULED,SCHEDULED,False
1785592680,MBTA|20260801|5525|SouthBase-824341-5525,MBTA,1785589200,SouthBase-824341-5525,5525,Framingham/Worcester Line,Outbound,Framingham,1785592380,1785592661,1785592380,1785592661,SCHEDULED,SCHEDULED,False
1785593040,MBTA|20260801|5525|SouthBase-824341-5525,MBTA,1785589200,SouthBase-824341-5525,5525,Framingham/Worcester Line,Outbound,Ashland,1785592740,1785593035,1785592740,1785593035,SCHEDULED,SCHEDULED,False
1785593340,MBTA|20260801|5525|SouthBase-824341-5525,MBTA,1785589200,SouthBase-824341-5525,5525,Framingham/Worcester Line,Outbound,Southborough,1785592980,1785593321,1785592980,1785593321,SCHEDULED,SCHEDULED,False
1785593850,MBTA|20260801|5525|SouthBase-824341-5525,MBTA,1785589200,SouthBase-824341-5525,5525,Framingham/Worcester Line,Outbound,Westborough,1785593520,1785593825,1785593520,1785593825,SCHEDULED,SCHEDULED,False
1785594120,MBTA|20260801|5525|SouthBase-824341-5525,MBTA,1785589200,SouthBase-824341-5525,5525,Framingham/Worcester Line,Outbound,Grafton,1785593820,1785594085,1785593820,1785594085,SCHEDULED,SCHEDULED,False
1785596640,MBTA|20260801|5525|SouthBase-824341-5525,MBTA,1785589200,SouthBase-824341-5525,5525,Framingham/Worcester Line,Outbound,Worcester,1785594780,1785596649,1785594780,,SCHEDULED,SCHEDULED,False
,MBTA|20260801|5128|NorthBase-825517-5128,MBTA,1785589620,NorthBase-825517-5128,5128,Newburyport/Rockport Line,Inbound,Newburyport,1785589620,1785589620,1785589620,1785589620,SCHEDULED,SCHEDULED,True
1785590130,MBTA|20260801|5128|NorthBase-825517-5128,MBTA,1785589620,NorthBase-825517-5128,5128,Newburyport/Rockport Line,Inbound,Rowley,1785590040,1785590098,1785590040,1785590098,SCHEDULED,SCHEDULED,False
1785590490,MBTA|20260801|5128|NorthBase-825517-5128,MBTA,1785589620,NorthBase-825517-5128,5128,Newburyport/Rockport Line,Inbound,Ipswich,1785590400,1785590453,1785590400,1785590453,SCHEDULED,SCHEDULED,False
1785590880,MBTA|20260801|5128|NorthBase-825517-5128,MBTA,1785589620,NorthBase-825517-5128,5128,Newburyport/Rockport Line,Inbound,Hamilton/Wenham,1785590760,1785590825,1785590760,1785590825,SCHEDULED,SCHEDULED,False
1785591180,MBTA|20260801|5128|NorthBase-825517-5128,MBTA,1785589620,NorthBase-825517-5128,5128,Newburyport/Rockport Line,Inbound,North Beverly,1785591000,1785591135,1785591000,1785591135,SCHEDULED,SCHEDULED,False
1785591450,MBTA|20260801|5128|NorthBase-825517-5128,MBTA,1785589620,NorthBase-825517-5128,5128,Newburyport/Rockport Line,Inbound,Beverly,1785591360,1785591414,1785591360,1785591414,SCHEDULED,SCHEDULED,False
1785591720,MBTA|20260801|5128|NorthBase-825517-5128,MBTA,1785589620,NorthBase-825517-5128,5128,Newburyport/Rockport Line,Inbound,Salem,1785591600,1785591693,1785591600,1785591693,SCHEDULED,SCHEDULED,False
1785592110,MBTA|20260801|5128|NorthBase-825517-5128,MBTA,1785589620,NorthBase-825517-5128,5128,Newburyport/Rockport Line,Inbound,Swampscott,1785592020,1785592065,1785592020,1785592065,SCHEDULED,SCHEDULED,False
1785592290,MBTA|20260801|5128|NorthBase-825517-5128,MBTA,1785589620,NorthBase-825517-5128,5128,Newburyport/Rockport Line,Inbound,Lynn Interim,1785592200,1785592251,1785592200,1785592251,SCHEDULED,SCHEDULED,False
1785592860,MBTA|20260801|5128|NorthBase-825517-5128,MBTA,1785589620,NorthBase-825517-5128,5128,Newburyport/Rockport Line,Inbound,Chelsea,1785592800,1785592821,1785592800,1785592871,SCHEDULED,SCHEDULED,False
1785593400,MBTA|20260801|5128|NorthBase-825517-5128,MBTA,1785589620,NorthBase-825517-5128,5128,Newburyport/Rockport Line,Inbound,North Station,1785593760,1785593415,1785593760,,SCHEDULED,SCHEDULED,False
,MBTA|20260801|5530|SouthBase-825451-5530,MBTA,1785589800,SouthBase-825451-5530,5530,Framingham/Worcester Line,Inbound,Worcester,1785589800,1785589800,1785589800,1785589800,SCHEDULED,SCHEDULED,True
1785590580,MBTA|20260801|5530|SouthBase-825451-5530,MBTA,1785589800,SouthBase-825451-5530,5530,Framingham/Worcester Line,Inbound,Grafton,1785590520,1785590546,1785590520,1785590546,SCHEDULED,SCHEDULED,False
1785590880,MBTA|20260801|5530|SouthBase-825451-5530,MBTA,1785589800,SouthBase-825451-5530,5530,Framingham/Worcester Line,Inbound,Westborough,1785590820,1785590842,1785590820,1785590842,SCHEDULED,SCHEDULED,False
1785591420,MBTA|20260801|5530|SouthBase-825451-5530,MBTA,1785589800,SouthBase-825451-5530,5530,Framingham/Worcester Line,Inbound,Southborough,1785591360,1785591395,1785591360,1785591395,SCHEDULED,SCHEDULED,False
1785591690,MBTA|20260801|5530|SouthBase-825451-5530,MBTA,1785589800,SouthBase-825451-5530,5530,Framingham/Worcester Line,Inbound,Ashland,1785591600,1785591662,1785591600,1785591662,SCHEDULED,SCHEDULED,False
1785592710,MBTA|20260801|5530|SouthBase-825451-5530,MBTA,1785589800,SouthBase-825451-5530,5530,Framingham/Worcester Line,Inbound,Framingham,1785592200,1785592685,1785592200,1785592685,SCHEDULED,SCHEDULED,False
1785593010,MBTA|20260801|5530|SouthBase-825451-5530,MBTA,1785589800,SouthBase-825451-5530,5530,Framingham/Worcester Line,Inbound,West Natick,1785592560,1785592982,1785592560,1785592982,SCHEDULED,SCHEDULED,False
1785593280,MBTA|20260801|5530|SouthBase-825451-5530,MBTA,1785589800,SouthBase-825451-5530,5530,Framingham/Worcester Line,Inbound,Natick Center,1785592860,1785593248,1785592860,1785593248,SCHEDULED,SCHEDULED,False
1785593490,MBTA|20260801|5530|SouthBase-825451-5530,MBTA,1785589800,SouthBase-825451-5530,5530,Framingham/Worcester Line,Inbound,Wellesley Square,1785593160,1785593502,1785593160,1785593502,SCHEDULED,SCHEDULED,False
1785593760,MBTA|20260801|5530|SouthBase-825451-5530,MBTA,1785589800,SouthBase-825451-5530,5530,Framingham/Worcester Line,Inbound,Wellesley Hills,1785593400,1785593739,1785593400,1785593739,SCHEDULED,SCHEDULED,False
1785593940,MBTA|20260801|5530|SouthBase-825451-5530,MBTA,1785589800,SouthBase-825451-5530,5530,Framingham/Worcester Line,Inbound,Wellesley Farms,1785593520,1785593902,1785593520,1785593902,SCHEDULED,SCHEDULED,False
1785594180,MBTA|20260801|5530|SouthBase-825451-5530,MBTA,1785589800,SouthBase-825451-5530,5530,Framingham/Worcester Line,Inbound,Auburndale,1785593760,1785594152,1785593760,1785594152,SCHEDULED,SCHEDULED,False
1785594360,MBTA|20260801|5530|SouthBase-825451-5530,MBTA,1785589800,SouthBase-825451-5530,5530,Framingham/Worcester Line,Inbound,West Newton,1785593940,1785594327,1785593940,1785594327,SCHEDULED,SCHEDULED,False
1785594540,MBTA|20260801|5530|SouthBase-825451-5530,MBTA,1785589800,SouthBase-825451-5530,5530,Framingham/Worcester Line,Inbound,Newtonville,1785594180,1785594514,1785594180,1785594514,SCHEDULED,SCHEDULED,False
1785594810,MBTA|20260801|5530|SouthBase-825451-5530,MBTA,1785589800,SouthBase-825451-5530,5530,Framingham/Worcester Line,Inbound,Boston Landing,1785594480,1785594780,1785594480,1785594830,SCHEDULED,SCHEDULED,False
1785595260,MBTA|20260801|5530|SouthBase-825451-5530,MBTA,1785589800,SouthBase-825451-5530,5530,Framingham/Worcester Line,Inbound,Lansdowne,1785594780,1785595230,1785594780,1785595230,SCHEDULED,SCHEDULED,False
1785595410,MBTA|20260801|5530|SouthBase-825451-5530,MBTA,1785589800,SouthBase-825451-5530,5530,Framingham/Worcester Line,Inbound,Back Bay,1785595260,1785595407,1785595260,1785595407,SCHEDULED,SCHEDULED,False
1785595980,MBTA|20260801|5530|SouthBase-825451-5530,MBTA,1785589800,SouthBase-825451-5530,5530,Framingham/Worcester Line,Inbound,South Station,1785595620,1785595978,1785595620,,SCHEDULED,SCHEDULED,False
,MBTA|20260801|5627|SouthBase-830439-5627,MBTA,1785589980,SouthBase-830439-5627,5627,Needham Line,Outbound,South Station,1785589980,1785589980,1785589980,1785589980,SCHEDULED,SCHEDULED,True
,MBTA|20260801|5627|SouthBase-830439-5627,MBTA,1785589980,SouthBase-830439-5627,5627,Needham Line,Outbound,Back Bay,1785590280,1785590280,1785590280,1785590280,SCHEDULED,SCHEDULED,True
,MBTA|20260801|5627|SouthBase-830439-5627,MBTA,1785589980,SouthBase-830439-5627,5627,Needham Line,Outbound,Ruggles,1785590460,1785590460,1785590460,1785590460,SCHEDULED,SCHEDULED,True
,MBTA|20260801|5627|SouthBase-830439-5627,MBTA,1785589980,SouthBase-830439-5627,5627,Needham Line,Outbound,Forest Hills,1785590760,1785590760,1785590760,1785590760,SCHEDULED,SCHEDULED,True
,MBTA|20260801|5627|SouthBase-830439-5627,MBTA,1785589980,SouthBase-830439-5627,5627,Needham Line,Outbound,Roslindale Village,1785590940,1785590940,1785590940,1785590940,SCHEDULED,SCHEDULED,True
,MBTA|20260801|5627|SouthBase-830439-5627,MBTA,1785589980,SouthBase-830439-5627,5627,Needham Line,Outbound,Bellevue,1785591120,1785591120,1785591120,1785591120,SCHEDULED,SCHEDULED,True
,MBTA|20260801|5627|SouthBase-830439-5627,MBTA,1785589980,SouthBase-830439-5627,5627,Needham Line,Outbound,Highland,1785591240,1785591240,1785591240,1785591240,SCHEDULED,SCHEDULED,True
,MBTA|20260801|5627|SouthBase-830439-5627,MBTA,1785589980,SouthBase-830439-5627,5627,Needham Line,Outbound,West Roxbury,1785591360,1785591360,1785591360,1785591360,SCHEDULED,SCHEDULED,True
,MBTA|20260801|5627|SouthBase-830439-5627,MBTA,1785589980,SouthBase-830439-5627,5627,Needham Line,Outbound,Hersey,1785591660,1785591660,1785591660,1785591660,SCHEDULED,SCHEDULED,True
,MBTA|20260801|5627|SouthBase-830439-5627,MBTA,1785589980,SouthBase-830439-5627,5627,Needham Line,Outbound,Needham Junction,1785591840,1785591840,1785591840,1785591840,SCHEDULED,SCHEDULED,True
,MBTA|20260801|5627|SouthBase-830439-5627,MBTA,1785589980,SouthBase-830439-5627,5627,Needham Line,Outbound,Needham Center,1785592080,1785592080,1785592080,1785592080,SCHEDULED,SCHEDULED,True
,MBTA|20260801|5627|SouthBase-830439-5627,MBTA,1785589980,SouthBase-830439-5627,5627,Needham Line,Outbound,Needham Heights,1785592380,1785592380,1785592380,1785592380,SCHEDULED,SCHEDULED,True
1785590640,MBTA|20260801|5328|NorthBase-825551-5328,MBTA,1785590520,NorthBase-825551-5328,5328,Lowell Line,Inbound,Lowell,1785590520,,1785590520,1785590602,SCHEDULED,SCHEDULED,False
1785591150,MBTA|20260801|5328|NorthBase-825551-5328,MBTA,1785590520,NorthBase-825551-5328,5328,Lowell Line,Inbound,North Billerica,1785591000,1785591119,1785591000,1785591119,SCHEDULED,SCHEDULED,False
1785591630,MBTA|20260801|5328|NorthBase-825551-5328,MBTA,1785590520,NorthBase-825551-5328,5328,Lowell Line,Inbound,Wilmington,1785591420,1785591626,1785591420,1785591626,SCHEDULED,SCHEDULED,False
1785591930,MBTA|20260801|5328|NorthBase-825551-5328,MBTA,1785590520,NorthBase-825551-5328,5328,Lowell Line,Inbound,Anderson/Woburn,1785591660,1785591894,1785591660,1785591894,SCHEDULED,SCHEDULED,False
1785592410,MBTA|20260801|5328|NorthBase-825551-5328,MBTA,1785590520,NorthBase-825551-5328,5328,Lowell Line,Inbound,Winchester Center,1785592020,1785592359,1785592020,1785592359,SCHEDULED,SCHEDULED,False
1785592470,MBTA|20260801|5328|NorthBase-825551-5328,MBTA,1785590520,NorthBase-825551-5328,5328,Lowell Line,Inbound,Wedgemere,1785592140,1785592451,1785592140,1785592451,SCHEDULED,SCHEDULED,False
1785592650,MBTA|20260801|5328|NorthBase-825551-5328,MBTA,1785590520,NorthBase-825551-5328,5328,Lowell Line,Inbound,West Medford,1785592380,1785592625,1785592380,1785592675,SCHEDULED,SCHEDULED,False
1785593370,MBTA|20260801|5328|NorthBase-825551-5328,MBTA,1785590520,NorthBase-825551-5328,5328,Lowell Line,Inbound,North Station,1785593220,1785593389,1785593220,,SCHEDULED,SCHEDULED,False
,MBTA|20260801|6922|SouthBase-793162-6922,MBTA,1785590580,SouthBase-793162-6922,6922,Fall River/New Bedford Line,Inbound,Fall River Depot,1785590580,1785590580,1785590580,1785590580,SCHEDULED,SCHEDULED,True
1785591120,MBTA|20260801|6922|SouthBase-793162-6922,MBTA,1785590580,SouthBase-793162-6922,6922,Fall River/New Bedford Line,Inbound,Freetown,1785591000,1785591101,1785591000,1785591101,SCHEDULED,SCHEDULED,False
1785591930,MBTA|20260801|6922|SouthBase-793162-6922,MBTA,1785590580,SouthBase-793162-6922,6922,Fall River/New Bedford Line,Inbound,East Taunton,1785591780,1785591908,1785591780,1785591908,SCHEDULED,SCHEDULED,False
1785592590,MBTA|20260801|6922|SouthBase-793162-6922,MBTA,1785590580,SouthBase-793162-6922,6922,Fall River/New Bedford Line,Inbound,Middleborough,1785592440,1785592571,1785592440,1785592571,SCHEDULED,SCHEDULED,False
1785593220,MBTA|20260801|6922|SouthBase-793162-6922,MBTA,1785590580,SouthBase-793162-6922,6922,Fall River/New Bedford Line,Inbound,Bridgewater,1785593040,1785593190,1785593040,1785593190,SCHEDULED,SCHEDULED,False
1785593700,MBTA|20260801|6922|SouthBase-793162-6922,MBTA,1785590580,SouthBase-793162-6922,6922,Fall River/New Bedford Line,Inbound,Campello,1785593520,1785593681,1785593520,1785593681,SCHEDULED,SCHEDULED,False
1785593910,MBTA|20260801|6922|SouthBase-793162-6922,MBTA,1785590580,SouthBase-793162-6922,6922,Fall River/New Bedford Line,Inbound,Brockton,1785593760,1785593891,1785593760,1785593891,SCHEDULED,SCHEDULED,False
1785594120,MBTA|20260801|6922|SouthBase-793162-6922,MBTA,1785590580,SouthBase-793162-6922,6922,Fall River/New Bedford Line,Inbound,Montello,1785593940,1785594116,1785593940,1785594116,SCHEDULED,SCHEDULED,False
1785594330,MBTA|20260801|6922|SouthBase-793162-6922,MBTA,1785590580,SouthBase-793162-6922,6922,Fall River/New Bedford Line,Inbound,Holbrook/Randolph,1785594240,1785594325,1785594240,1785594375,SCHEDULED,SCHEDULED,False
1785594720,MBTA|20260801|6922|SouthBase-793162-6922,MBTA,1785590580,SouthBase-793162-6922,6922,Fall River/New Bedford Line,Inbound,Braintree,1785594720,1785594660,1785594720,1785594660,SCHEDULED,SCHEDULED,False
1785595080,MBTA|20260801|6922|SouthBase-793162-6922,MBTA,1785590580,SouthBase-793162-6922,6922,Fall River/New Bedford Line,Inbound,Quincy Center,1785595080,1785594997,1785595080,1785594997,SCHEDULED,SCHEDULED,False
1785596190,MBTA|20260801|6922|SouthBase-793162-6922,MBTA,1785590580,SouthBase-793162-6922,6922,Fall River/New Bedford Line,Inbound,South Station,1785596280,1785596189,1785596280,,SCHEDULED,SCHEDULED,False
,MBTA|20260801|5129|NorthBase-825518-5129,MBTA,1785591000,NorthBase-825518-5129,5129,Newburyport/Rockport Line,Outbound,North Station,1785591000,1785591000,1785591000,1785591000,SCHEDULED,SCHEDULED,True
1785591750,MBTA|20260801|5129|NorthBase-825518-5129,MBTA,1785591000,NorthBase-825518-5129,5129,Newburyport/Rockport Line,Outbound,Chelsea,1785591660,1785591726,1785591660,1785591726,SCHEDULED,SCHEDULED,False
1785592440,MBTA|20260801|5129|NorthBase-825518-5129,MBTA,1785591000,NorthBase-825518-5129,5129,Newburyport/Rockport Line,Outbound,Lynn Interim,1785592320,1785592421,1785592320,1785592421,SCHEDULED,SCHEDULED,False
1785592650,MBTA|20260801|5129|NorthBase-825518-5129,MBTA,1785591000,NorthBase-825518-5129,5129,Newburyport/Rockport Line,Outbound,Swampscott,1785592500,1785592631,1785592500,1785592631,SCHEDULED,SCHEDULED,False
1785593160,MBTA|20260801|5129|NorthBase-825518-5129,MBTA,1785591000,NorthBase-825518-5129,5129,Newburyport/Rockport Line,Outbound,Salem,1785592920,1785593141,1785592920,1785593141,SCHEDULED,SCHEDULED,False
1785593400,MBTA|20260801|5129|NorthBase-825518-5129,MBTA,1785591000,NorthBase-825518-5129,5129,Newburyport/Rockport Line,Outbound,Beverly,1785593160,1785593381,1785593160,1785593381,SCHEDULED,SCHEDULED,False
1785593700,MBTA|20260801|5129|NorthBase-825518-5129,MBTA,1785591000,NorthBase-825518-5129,5129,Newburyport/Rockport Line,Outbound,North Beverly,1785593460,1785593681,1785593460,1785593681,SCHEDULED,SCHEDULED,False
1785593940,MBTA|20260801|5129|NorthBase-825518-5129,MBTA,1785591000,NorthBase-825518-5129,5129,Newburyport/Rockport Line,Outbound,Hamilton/Wenham,1785593700,1785593921,1785593700,1785593921,SCHEDULED,SCHEDULED,False
1785594390,MBTA|20260801|5129|NorthBase-825518-5129,MBTA,1785591000,NorthBase-825518-5129,5129,Newburyport/Rockport Line,Outbound,Ipswich,1785594060,1785594371,1785594060,1785594371,SCHEDULED,SCHEDULED,False
1785594750,MBTA|20260801|5129|NorthBase-825518-5129,MBTA,1785591000,NorthBase-825518-5129,5129,Newburyport/Rockport Line,Outbound,Rowley,1785594360,1785594716,1785594360,1785594716,SCHEDULED,SCHEDULED,False
1785595110,MBTA|20260801|5129|NorthBase-825518-5129,MBTA,1785591000,NorthBase-825518-5129,5129,Newburyport/Rockport Line,Outbound,Newburyport,1785595140,1785595111,1785595140,,SCHEDULED,SCHEDULED,False
1785591270,MBTA|20260801|6630|SouthBase-830392-6630,MBTA,1785591000,SouthBase-830392-6630,6630,Fairmount Line,Inbound,Readville,1785591000,,1785591000,1785591242,SCHEDULED,SCHEDULED,False
1785591510,MBTA|20260801|6630|SouthBase-830392-6630,MBTA,1785591000,SouthBase-830392-6630,6630,Fairmount Line,Inbound,Fairmount,1785591180,1785591485,1785591180,1785591485,SCHEDULED,SCHEDULED,False
1785591750,MBTA|20260801|6630|SouthBase-830392-6630,MBTA,1785591000,SouthBase-830392-6630,6630,Fairmount Line,Inbound,Blue Hill Avenue,1785591360,1785591707,1785591360,1785591707,SCHEDULED,SCHEDULED,False
1785591900,MBTA|20260801|6630|SouthBase-830392-6630,MBTA,1785591000,SouthBase-830392-6630,6630,Fairmount Line,Inbound,Morton Street,1785591480,1785591857,1785591480,1785591857,SCHEDULED,SCHEDULED,False
1785591990,MBTA|20260801|6630|SouthBase-830392-6630,MBTA,1785591000,SouthBase-830392-6630,6630,Fairmount Line,Inbound,Talbot Avenue,1785591660,1785592015,1785591660,1785592015,SCHEDULED,SCHEDULED,False
1785592260,MBTA|20260801|6630|SouthBase-830392-6630,MBTA,1785591000,SouthBase-830392-6630,6630,Fairmount Line,Inbound,Four Corners/Geneva,1785591840,1785592229,1785591840,1785592229,SCHEDULED,SCHEDULED,False
1785592380,MBTA|20260801|6630|SouthBase-830392-6630,MBTA,1785591000,SouthBase-830392-6630,6630,Fairmount Line,Inbound,Uphams Corner,1785592020,1785592367,1785592020,1785592367,SCHEDULED,SCHEDULED,False
1785592470,MBTA|20260801|6630|SouthBase-830392-6630,MBTA,1785591000,SouthBase-830392-6630,6630,Fairmount Line,Inbound,Newmarket,1785592140,1785592493,1785592140,1785592493,SCHEDULED,SCHEDULED,False
1785593190,MBTA|20260801|6630|SouthBase-830392-6630,MBTA,1785591000,SouthBase-830392-6630,6630,Fairmount Line,Inbound,South Station,1785592800,1785593205,1785592800,,SCHEDULED,SCHEDULED,False
,MBTA|20260801|6911|SouthBase-793158-6911,MBTA,1785591300,SouthBase-793158-6911,6911,Fall River/New Bedford Line,Outbound,South Station,1785591300,1785591300,1785591300,1785591300,SCHEDULED,SCHEDULED,True
1785592290,MBTA|20260801|6911|SouthBase-793158-6911,MBTA,1785591300,SouthBase-793158-6911,6911,Fall River/New Bedford Line,Outbound,Quincy Center,1785592200,1785592259,1785592200,1785592259,SCHEDULED,SCHEDULED,False
1785592650,MBTA|20260801|6911|SouthBase-793158-6911,MBTA,1785591300,SouthBase-793158-6911,6911,Fall River/New Bedford Line,Outbound,Braintree,1785592560,1785592600,1785592560,1785592600,SCHEDULED,SCHEDULED,False
1785593160,MBTA|20260801|6911|SouthBase-793158-6911,MBTA,1785591300,SouthBase-793158-6911,6911,Fall River/New Bedford Line,Outbound,Holbrook/Randolph,1785593100,1785593186,1785593100,1785593186,SCHEDULED,SCHEDULED,False
1785593730,MBTA|20260801|6911|SouthBase-793158-6911,MBTA,1785591300,SouthBase-793158-6911,6911,Fall River/New Bedford Line,Outbound,Montello,1785593460,1785593685,1785593460,1785593685,SCHEDULED,SCHEDULED,False
1785593970,MBTA|20260801|6911|SouthBase-793158-6911,MBTA,1785591300,SouthBase-793158-6911,6911,Fall River/New Bedford Line,Outbound,Brockton,1785593700,1785593974,1785593700,1785593974,SCHEDULED,SCHEDULED,False
1785594180,MBTA|20260801|6911|SouthBase-793158-6911,MBTA,1785591300,SouthBase-793158-6911,6911,Fall River/New Bedford Line,Outbound,Campello,1785593940,1785594150,1785593940,1785594150,SCHEDULED,SCHEDULED,False
1785594660,MBTA|20260801|6911|SouthBase-793158-6911,MBTA,1785591300,SouthBase-793158-6911,6911,Fall River/New Bedford Line,Outbound,Bridgewater,1785594420,1785594664,1785594420,1785594664,SCHEDULED,SCHEDULED,False
1785595380,MBTA|20260801|6911|SouthBase-793158-6911,MBTA,1785591300,SouthBase-793158-6911,6911,Fall River/New Bedford Line,Outbound,Middleborough,1785595140,1785595359,1785595140,1785595359,SCHEDULED,SCHEDULED,False
1785595980,MBTA|20260801|6911|SouthBase-793158-6911,MBTA,1785591300,SouthBase-793158-6911,6911,Fall River/New Bedford Line,Outbound,East Taunton,1785595800,1785595997,1785595800,1785595997,SCHEDULED,SCHEDULED,False
1785596610,MBTA|20260801|6911|SouthBase-793158-6911,MBTA,1785591300,SouthBase-793158-6911,6911,Fall River/New Bedford Line,Outbound,Freetown,1785596460,1785596571,1785596460,1785596571,SCHEDULED,SCHEDULED,False
1785597300,MBTA|20260801|6911|SouthBase-793158-6911,MBTA,1785591300,SouthBase-793158-6911,6911,Fall River/New Bedford Line,Outbound,Fall River Depot,1785597300,1785597050,1785597300,,SCHEDULED,SCHEDULED,False
1785591990,MBTA|20260801|5830|SouthBase-793091-5830,MBTA,1785591900,SouthBase-793091-5830,5830,Providence/Stoughton Line,Inbound,Providence,1785591900,,1785591900,1785591951,SCHEDULED,SCHEDULED,False
1785592440,MBTA|20260801|5830|SouthBase-793091-5830,MBTA,1785591900,SouthBase-793091-5830,5830,Providence/Stoughton Line,Inbound,Pawtucket/Central Falls,1785592260,1785592406,1785592260,1785592406,SCHEDULED,SCHEDULED,False
1785593220,MBTA|20260801|5830|SouthBase-793091-5830,MBTA,1785591900,SouthBase-793091-5830,5830,Providence/Stoughton Line,Inbound,Attleboro,1785592980,1785593181,1785592980,1785593181,SCHEDULED,SCHEDULED,False
1785593880,MBTA|20260801|5830|SouthBase-793091-5830,MBTA,1785591900,SouthBase-793091-5830,5830,Providence/Stoughton Line,Inbound,Mansfield,1785593580,1785593837,1785593580,1785593837,SCHEDULED,SCHEDULED,False
1785594360,MBTA|20260801|5830|SouthBase-793091-5830,MBTA,1785591900,SouthBase-793091-5830,5830,Providence/Stoughton Line,Inbound,Sharon,1785594120,1785594328,1785594120,1785594328,SCHEDULED,SCHEDULED,False
1785594660,MBTA|20260801|5830|SouthBase-793091-5830,MBTA,1785591900,SouthBase-793091-5830,5830,Providence/Stoughton Line,Inbound,Canton Junction,1785594420,1785594638,1785594420,1785594638,SCHEDULED,SCHEDULED,False
1785594990,MBTA|20260801|5830|SouthBase-793091-5830,MBTA,1785591900,SouthBase-793091-5830,5830,Providence/Stoughton Line,Inbound,Route 128,1785594780,1785594948,1785594780,1785594948,SCHEDULED,SCHEDULED,False
1785595320,MBTA|20260801|5830|SouthBase-793091-5830,MBTA,1785591900,SouthBase-793091-5830,5830,Providence/Stoughton Line,Inbound,Readville,1785595020,1785595289,1785595020,1785595289,SCHEDULED,SCHEDULED,False
1785595530,MBTA|20260801|5830|SouthBase-793091-5830,MBTA,1785591900,SouthBase-793091-5830,5830,Providence/Stoughton Line,Inbound,Hyde Park,1785595200,1785595506,1785595200,1785595506,SCHEDULED,SCHEDULED,False
1785595890,MBTA|20260801|5830|SouthBase-793091-5830,MBTA,1785591900,SouthBase-793091-5830,5830,Providence/Stoughton Line,Inbound,Ruggles,1785595860,1785595859,1785595860,1785595859,SCHEDULED,SCHEDULED,False
1785596100,MBTA|20260801|5830|SouthBase-793091-5830,MBTA,1785591900,SouthBase-793091-5830,5830,Providence/Stoughton Line,Inbound,Back Bay,1785596100,1785596066,1785596100,1785596066,SCHEDULED,SCHEDULED,False
1785596550,MBTA|20260801|5830|SouthBase-793091-5830,MBTA,1785591900,SouthBase-793091-5830,5830,Providence/Stoughton Line,Inbound,South Station,1785596400,1785596535,1785596400,,SCHEDULED,SCHEDULED,False
1785592110,MBTA|20260801|5730|SouthBase-830455-5730,MBTA,1785592020,SouthBase-830455-5730,5730,Franklin/Foxboro Line,Inbound,Forge Park/495,1785592020,,1785592020,1785592077,SCHEDULED,SCHEDULED,False
1785592530,MBTA|20260801|5730|SouthBase-830455-5730,MBTA,1785592020,SouthBase-830455-5730,5730,Franklin/Foxboro Line,Inbound,Franklin,1785592440,1785592507,1785592440,1785592507,SCHEDULED,SCHEDULED,False
1785593130,MBTA|20260801|5730|SouthBase-830455-5730,MBTA,1785592020,SouthBase-830455-5730,5730,Franklin/Foxboro Line,Inbound,Norfolk,1785592860,1785593099,1785592860,1785593149,SCHEDULED,SCHEDULED,False
1785593460,MBTA|20260801|5730|SouthBase-830455-5730,MBTA,1785592020,SouthBase-830455-5730,5730,Franklin/Foxboro Line,Inbound,Walpole,1785593280,1785593437,1785593280,1785593437,SCHEDULED,SCHEDULED,False
1785593760,MBTA|20260801|5730|SouthBase-830455-5730,MBTA,1785592020,SouthBase-830455-5730,5730,Franklin/Foxboro Line,Inbound,Windsor Gardens,1785593460,1785593722,1785593460,1785593722,SCHEDULED,SCHEDULED,False
1785593970,MBTA|20260801|5730|SouthBase-830455-5730,MBTA,1785592020,SouthBase-830455-5730,5730,Franklin/Foxboro Line,Inbound,Norwood Central,1785593700,1785593933,1785593700,1785593933,SCHEDULED,SCHEDULED,False
1785594120,MBTA|20260801|5730|SouthBase-830455-5730,MBTA,1785592020,SouthBase-830455-5730,5730,Franklin/Foxboro Line,Inbound,Norwood Depot,1785593820,1785594088,1785593820,1785594088,SCHEDULED,SCHEDULED,False
1785594300,MBTA|20260801|5730|SouthBase-830455-5730,MBTA,1785592020,SouthBase-830455-5730,5730,Franklin/Foxboro Line,Inbound,Islington,1785594000,1785594274,1785594000,1785594274,SCHEDULED,SCHEDULED,False
1785594450,MBTA|20260801|5730|SouthBase-830455-5730,MBTA,1785592020,SouthBase-830455-5730,5730,Franklin/Foxboro Line,Inbound,Dedham Corporate Center,1785594120,1785594411,1785594120,1785594411,SCHEDULED,SCHEDULED,False
1785594690,MBTA|20260801|5730|SouthBase-830455-5730,MBTA,1785592020,SouthBase-830455-5730,5730,Franklin/Foxboro Line,Inbound,Endicott,1785594300,1785594650,1785594300,1785594650,SCHEDULED,SCHEDULED,False
1785595260,MBTA|20260801|5730|SouthBase-830455-5730,MBTA,1785592020,SouthBase-830455-5730,5730,Franklin/Foxboro Line,Inbound,Readville,1785594600,1785595234,1785594600,1785595234,SCHEDULED,SCHEDULED,False
1785595530,MBTA|20260801|5730|SouthBase-830455-5730,MBTA,1785592020,SouthBase-830455-5730,5730,Franklin/Foxboro Line,Inbound,Fairmount,1785594780,1785595485,1785594780,1785595485,SCHEDULED,SCHEDULED,False
1785595740,MBTA|20260801|5730|SouthBase-830455-5730,MBTA,1785592020,SouthBase-830455-5730,5730,Franklin/Foxboro Line,Inbound,Blue Hill Avenue,1785594960,1785595700,1785594960,1785595700,SCHEDULED,SCHEDULED,False
1785595890,MBTA|20260801|5730|SouthBase-830455-5730,MBTA,1785592020,SouthBase-830455-5730,5730,Franklin/Foxboro Line,Inbound,Morton Street,1785595080,1785595854,1785595080,1785595854,SCHEDULED,SCHEDULED,False
1785595980,MBTA|20260801|5730|SouthBase-830455-5730,MBTA,1785592020,SouthBase-830455-5730,5730,Franklin/Foxboro Line,Inbound,Talbot Avenue,1785595260,1785595965,1785595260,1785596015,SCHEDULED,SCHEDULED,False
1785596280,MBTA|20260801|5730|SouthBase-830455-5730,MBTA,1785592020,SouthBase-830455-5730,5730,Franklin/Foxboro Line,Inbound,Four Corners/Geneva,1785595440,1785596258,1785595440,1785596258,SCHEDULED,SCHEDULED,False
1785596430,MBTA|20260801|5730|SouthBase-830455-5730,MBTA,1785592020,SouthBase-830455-5730,5730,Franklin/Foxboro Line,Inbound,Uphams Corner,1785595620,1785596405,1785595620,1785596405,SCHEDULED,SCHEDULED,False
1785596490,MBTA|20260801|5730|SouthBase-830455-5730,MBTA,1785592020,SouthBase-830455-5730,5730,Franklin/Foxboro Line,Inbound,Newmarket,1785595740,1785596472,1785595740,1785596522,SCHEDULED,SCHEDULED,False
1785597660,MBTA|20260801|5730|SouthBase-830455-5730,MBTA,1785592020,SouthBase-830455-5730,5730,Franklin/Foxboro Line,Inbound,South Station,1785596400,1785597657,1785596400,,SCHEDULED,SCHEDULED,False
1785592110,MBTA|20260801|6625|SouthBase-830391-6625,MBTA,1785592020,SouthBase-830391-6625,6625,Fairmount Line,Outbound,South Station,1785592020,,1785592020,1785592100,SCHEDULED,SCHEDULED,False
1785593100,MBTA|20260801|6625|SouthBase-830391-6625,MBTA,1785592020,SouthBase-830391-6625,6625,Fairmount Line,Outbound,Newmarket,1785592500,1785593070,1785592500,1785593070,SCHEDULED,SCHEDULED,False
1785593220,MBTA|20260801|6625|SouthBase-830391-6625,MBTA,1785592020,SouthBase-830391-6625,6625,Fairmount Line,Outbound,Uphams Corner,1785592620,1785593194,1785592620,1785593194,SCHEDULED,SCHEDULED,False
1785593490,MBTA|20260801|6625|SouthBase-830391-6625,MBTA,1785592020,SouthBase-830391-6625,6625,Fairmount Line,Outbound,Four Corners/Geneva,1785592800,1785593442,1785592800,1785593442,SCHEDULED,SCHEDULED,False
1785594360,MBTA|20260801|6625|SouthBase-830391-6625,MBTA,1785592020,SouthBase-830391-6625,6625,Fairmount Line,Outbound,Talbot Avenue,1785592980,1785594325,1785592980,1785594325,SCHEDULED,SCHEDULED,False
1785594630,MBTA|20260801|6625|SouthBase-830391-6625,MBTA,1785592020,SouthBase-830391-6625,6625,Fairmount Line,Outbound,Morton Street,1785593160,1785594601,1785593160,1785594601,SCHEDULED,SCHEDULED,False
1785594780,MBTA|20260801|6625|SouthBase-830391-6625,MBTA,1785592020,SouthBase-830391-6625,6625,Fairmount Line,Outbound,Blue Hill Avenue,1785593280,1785594744,1785593280,1785594744,SCHEDULED,SCHEDULED,False
1785594900,MBTA|20260801|6625|SouthBase-830391-6625,MBTA,1785592020,SouthBase-830391-6625,6625,Fairmount Line,Outbound,Fairmount,1785593580,1785594896,1785593580,,SCHEDULED,SCHEDULED,False
,MBTA|20260801|6061|SouthBase-793238-6061,MBTA,1785592380,SouthBase-793238-6061,6061,Greenbush Line,Outbound,South Station,1785592380,1785592380,1785592380,1785592380,SCHEDULED,SCHEDULED,True
1785593490,MBTA|20260801|6061|SouthBase-793238-6061,MBTA,1785592380,SouthBase-793238-6061,6061,Greenbush Line,Outbound,Quincy Center,1785593280,1785593471,1785593280,1785593471,SCHEDULED,SCHEDULED,False
1785594090,MBTA|20260801|6061|SouthBase-793238-6061,MBTA,1785592380,SouthBase-793238-6061,6061,Greenbush Line,Outbound,Weymouth Landing/East Braintree,1785593820,1785594070,1785593820,1785594070,SCHEDULED,SCHEDULED,False
1785594420,MBTA|20260801|6061|SouthBase-793238-6061,MBTA,1785592380,SouthBase-793238-6061,6061,Greenbush Line,Outbound,East Weymouth,1785594120,1785594401,1785594120,1785594451,SCHEDULED,SCHEDULED,False
1785594660,MBTA|20260801|6061|SouthBase-793238-6061,MBTA,1785592380,SouthBase-793238-6061,6061,Greenbush Line,Outbound,West Hingham,1785594300,1785594641,1785594300,1785594641,SCHEDULED,SCHEDULED,False
1785594960,MBTA|20260801|6061|SouthBase-793238-6061,MBTA,1785592380,SouthBase-793238-6061,6061,Greenbush Line,Outbound,Nantasket Junction,1785594600,1785594936,1785594600,1785594936,SCHEDULED,SCHEDULED,False
1785595170,MBTA|20260801|6061|SouthBase-793238-6061,MBTA,1785592380,SouthBase-793238-6061,6061,Greenbush Line,Outbound,Cohasset,1785594780,1785595151,1785594780,1785595151,SCHEDULED,SCHEDULED,False
1785595650,MBTA|20260801|6061|SouthBase-793238-6061,MBTA,1785592380,SouthBase-793238-6061,6061,Greenbush Line,Outbound,North Scituate,1785595200,1785595635,1785595200,1785595635,SCHEDULED,SCHEDULED,False
1785596010,MBTA|20260801|6061|SouthBase-793238-6061,MBTA,1785592380,SouthBase-793238-6061,6061,Greenbush Line,Outbound,Greenbush,1785595800,1785596029,1785595800,,SCHEDULED,SCHEDULED,False
,MBTA|20260801|5032|NorthBase-825500-5032,MBTA,1785592800,NorthBase-825500-5032,5032,Newburyport/Rockport Line,Inbound,Rockport,1785592800,1785592800,1785592800,1785592800,SCHEDULED,SCHEDULED,True
1785593430,MBTA|20260801|5032|NorthBase-825500-5032,MBTA,1785592800,NorthBase-825500-5032,5032,Newburyport/Rockport Line,Inbound,Gloucester,1785593280,1785593411,1785593280,1785593411,SCHEDULED,SCHEDULED,False
1785593730,MBTA|20260801|5032|NorthBase-825500-5032,MBTA,1785592800,NorthBase-825500-5032,5032,Newburyport/Rockport Line,Inbound,West Gloucester,1785593580,1785593711,1785593580,1785593711,SCHEDULED,SCHEDULED,False
1785594120,MBTA|20260801|5032|NorthBase-825500-5032,MBTA,1785592800,NorthBase-825500-5032,5032,Newburyport/Rockport Line,Inbound,Manchester,1785593940,1785594114,1785593940,1785594114,SCHEDULED,SCHEDULED,False
1785594450,MBTA|20260801|5032|NorthBase-825500-5032,MBTA,1785592800,NorthBase-825500-5032,5032,Newburyport/Rockport Line,Inbound,Beverly Farms,1785594240,1785594426,1785594240,1785594426,SCHEDULED,SCHEDULED,False
1785594750,MBTA|20260801|5032|NorthBase-825500-5032,MBTA,1785592800,NorthBase-825500-5032,5032,Newburyport/Rockport Line,Inbound,Montserrat,1785594600,1785594739,1785594600,1785594739,SCHEDULED,SCHEDULED,False
1785595080,MBTA|20260801|5032|NorthBase-825500-5032,MBTA,1785592800,NorthBase-825500-5032,5032,Newburyport/Rockport Line,Inbound,Beverly,1785594960,1785595061,1785594960,1785595061,SCHEDULED,SCHEDULED,False
1785595470,MBTA|20260801|5032|NorthBase-825500-5032,MBTA,1785592800,NorthBase-825500-5032,5032,Newburyport/Rockport Line,Inbound,Salem,1785595200,1785595406,1785595200,1785595406,SCHEDULED,SCHEDULED,False
1785595800,MBTA|20260801|5032|NorthBase-825500-5032,MBTA,1785592800,NorthBase-825500-5032,5032,Newburyport/Rockport Line,Inbound,Swampscott,1785595620,1785595745,1785595620,1785595745,SCHEDULED,SCHEDULED,False
1785596070,MBTA|20260801|5032|NorthBase-825500-5032,MBTA,1785592800,NorthBase-825500-5032,5032,Newburyport/Rockport Line,Inbound,Lynn Interim,1785595800,1785596051,1785595800,1785596051,SCHEDULED,SCHEDULED,False
1785596700,MBTA|20260801|5032|NorthBase-825500-5032,MBTA,1785592800,NorthBase-825500-5032,5032,Newburyport/Rockport Line,Inbound,Chelsea,1785596400,1785596681,1785596400,1785596731,SCHEDULED,SCHEDULED,False
1785597390,MBTA|20260801|5032|NorthBase-825500-5032,MBTA,1785592800,NorthBase-825500-5032,5032,Newburyport/Rockport Line,Inbound,North Station,1785597360,1785597401,1785597360,,SCHEDULED,SCHEDULED,False
1785593490,MBTA|20260801|6632|SouthBase-830387-6632,MBTA,1785592980,SouthBase-830387-6632,6632,Fairmount Line,Inbound,Fairmount,1785592980,,1785592980,1785593461,SCHEDULED,SCHEDULED,False
1785593670,MBTA|20260801|6632|SouthBase-830387-6632,MBTA,1785592980,SouthBase-830387-6632,6632,Fairmount Line,Inbound,Blue Hill Avenue,1785593160,1785593645,1785593160,1785593645,SCHEDULED,SCHEDULED,False
1785593850,MBTA|20260801|6632|SouthBase-830387-6632,MBTA,1785592980,SouthBase-830387-6632,6632,Fairmount Line,Inbound,Morton Street,1785593280,1785593819,1785593280,1785593819,SCHEDULED,SCHEDULED,False
1785594030,MBTA|20260801|6632|SouthBase-830387-6632,MBTA,1785592980,SouthBase-830387-6632,6632,Fairmount Line,Inbound,Talbot Avenue,1785593460,1785594005,1785593460,1785594005,SCHEDULED,SCHEDULED,False
1785594300,MBTA|20260801|6632|SouthBase-830387-6632,MBTA,1785592980,SouthBase-830387-6632,6632,Fairmount Line,Inbound,Four Corners/Geneva,1785593640,1785594253,1785593640,1785594253,SCHEDULED,SCHEDULED,False
1785594450,MBTA|20260801|6632|SouthBase-830387-6632,MBTA,1785592980,SouthBase-830387-6632,6632,Fairmount Line,Inbound,Uphams Corner,1785593820,1785594422,1785593820,1785594422,SCHEDULED,SCHEDULED,False
1785594510,MBTA|20260801|6632|SouthBase-830387-6632,MBTA,1785592980,SouthBase-830387-6632,6632,Fairmount Line,Inbound,Newmarket,1785593940,1785594492,1785593940,1785594542,SCHEDULED,SCHEDULED,False
1785595050,MBTA|20260801|6632|SouthBase-830387-6632,MBTA,1785592980,SouthBase-830387-6632,6632,Fairmount Line,Inbound,South Station,1785594600,1785595067,1785594600,,SCHEDULED,SCHEDULED,False
,MBTA|20260801|6013|SouthBase-793109-6013,MBTA,1785593280,SouthBase-793109-6013,6013,Kingston Line,Outbound,South Station,1785593280,1785593280,1785593280,1785593280,SCHEDULED,SCHEDULED,True
1785594240,MBTA|20260801|6013|SouthBase-793109-6013,MBTA,1785593280,SouthBase-793109-6013,6013,Kingston Line,Outbound,Quincy Center,1785594180,1785594211,1785594180,1785594211,SCHEDULED,SCHEDULED,False
1785594600,MBTA|20260801|6013|SouthBase-793109-6013,MBTA,1785593280,SouthBase-793109-6013,6013,Kingston Line,Outbound,Braintree,1785594540,1785594548,1785594540,1785594548,SCHEDULED,SCHEDULED,False
1785595020,MBTA|20260801|6013|SouthBase-793109-6013,MBTA,1785593280,SouthBase-793109-6013,6013,Kingston Line,Outbound,South Weymouth,1785594960,1785594989,1785594960,1785594989,SCHEDULED,SCHEDULED,False
1785595680,MBTA|20260801|6013|SouthBase-793109-6013,MBTA,1785593280,SouthBase-793109-6013,6013,Kingston Line,Outbound,Abington,1785595380,1785595637,1785595380,1785595637,SCHEDULED,SCHEDULED,False
1785595890,MBTA|20260801|6013|SouthBase-793109-6013,MBTA,1785593280,SouthBase-793109-6013,6013,Kingston Line,Outbound,Whitman,1785595560,1785595854,1785595560,1785595854,SCHEDULED,SCHEDULED,False
1785596160,MBTA|20260801|6013|SouthBase-793109-6013,MBTA,1785593280,SouthBase-793109-6013,6013,Kingston Line,Outbound,Hanson,1785595860,1785596133,1785595860,1785596133,SCHEDULED,SCHEDULED,False
1785596460,MBTA|20260801|6013|SouthBase-793109-6013,MBTA,1785593280,SouthBase-793109-6013,6013,Kingston Line,Outbound,Halifax,1785596160,1785596412,1785596160,1785596412,SCHEDULED,SCHEDULED,False
1785596940,MBTA|20260801|6013|SouthBase-793109-6013,MBTA,1785593280,SouthBase-793109-6013,6013,Kingston Line,Outbound,Kingston,1785596940,1785596936,1785596940,,SCHEDULED,SCHEDULED,False
,MBTA|20260801|5630|SouthBase-830436-5630,MBTA,1785593400,SouthBase-830436-5630,5630,Needham Line,Inbound,Needham Heights,1785593400,1785593400,1785593400,1785593400,SCHEDULED,SCHEDULED,True
1785593700,MBTA|20260801|5630|SouthBase-830436-5630,MBTA,1785593400,SouthBase-830436-5630,5630,Needham Line,Inbound,Needham Center,1785593640,1785593680,1785593640,1785593680,SCHEDULED,SCHEDULED,False
1785593910,MBTA|20260801|5630|SouthBase-830436-5630,MBTA,1785593400,SouthBase-830436-5630,5630,Needham Line,Inbound,Needham Junction,1785593880,1785593894,1785593880,1785593894,SCHEDULED,SCHEDULED,False
1785594150,MBTA|20260801|5630|SouthBase-830436-5630,MBTA,1785593400,SouthBase-830436-5630,5630,Needham Line,Inbound,Hersey,1785594060,1785594126,1785594060,1785594126,SCHEDULED,SCHEDULED,False
1785594450,MBTA|20260801|5630|SouthBase-830436-5630,MBTA,1785593400,SouthBase-830436-5630,5630,Needham Line,Inbound,West Roxbury,1785594360,1785594425,1785594360,1785594425,SCHEDULED,SCHEDULED,False
1785594540,MBTA|20260801|5630|SouthBase-830436-5630,MBTA,1785593400,SouthBase-830436-5630,5630,Needham Line,Inbound,Highland,1785594480,1785594520,1785594480,1785594520,SCHEDULED,SCHEDULED,False
1785594660,MBTA|20260801|5630|SouthBase-830436-5630,MBTA,1785593400,SouthBase-830436-5630,5630,Needham Line,Inbound,Bellevue,1785594600,1785594640,1785594600,1785594640,SCHEDULED,SCHEDULED,False
1785594840,MBTA|20260801|5630|SouthBase-830436-5630,MBTA,1785593400,SouthBase-830436-5630,5630,Needham Line,Inbound,Roslindale Village,1785594780,1785594820,1785594780,1785594820,SCHEDULED,SCHEDULED,False
1785594990,MBTA|20260801|5630|SouthBase-830436-5630,MBTA,1785593400,SouthBase-830436-5630,5630,Needham Line,Inbound,Forest Hills,1785594960,1785594976,1785594960,1785594976,SCHEDULED,SCHEDULED,False
1785595260,MBTA|20260801|5630|SouthBase-830436-5630,MBTA,1785593400,SouthBase-830436-5630,5630,Needham Line,Inbound,Ruggles,1785595260,1785595183,1785595260,1785595183,SCHEDULED,SCHEDULED,False
1785595500,MBTA|20260801|5630|SouthBase-830436-5630,MBTA,1785593400,SouthBase-830436-5630,5630,Needham Line,Inbound,Back Bay,1785595500,1785595365,1785595500,1785595365,SCHEDULED,SCHEDULED,False
1785596730,MBTA|20260801|5630|SouthBase-830436-5630,MBTA,1785593400,SouthBase-830436-5630,5630,Needham Line,Inbound,South Station,1785595800,1785596712,1785595800,,SCHEDULED,SCHEDULED,False
,MBTA|20260801|5413|NorthBase-825568-5413,MBTA,1785593700,NorthBase-825568-5413,5413,Fitchburg Line,Outbound,North Station,1785593700,1785593700,1785593700,1785593700,SCHEDULED,SCHEDULED,True
1785594540,MBTA|20260801|5413|NorthBase-825568-5413,MBTA,1785593700,NorthBase-825568-5413,5413,Fitchburg Line,Outbound,Porter,1785594300,1785594510,1785594300,1785594510,SCHEDULED,SCHEDULED,False
1785594840,MBTA|20260801|5413|NorthBase-825568-5413,MBTA,1785593700,NorthBase-825568-5413,5413,Fitchburg Line,Outbound,Belmont,1785594600,1785594789,1785594600,1785594789,SCHEDULED,SCHEDULED,False
1785595020,MBTA|20260801|5413|NorthBase-825568-5413,MBTA,1785593700,NorthBase-825568-5413,5413,Fitchburg Line,Outbound,Waverley,1785594720,1785594975,1785594720,1785594975,SCHEDULED,SCHEDULED,False
1785595320,MBTA|20260801|5413|NorthBase-825568-5413,MBTA,1785593700,NorthBase-825568-5413,5413,Fitchburg Line,Outbound,Waltham,1785595020,1785595285,1785595020,1785595285,SCHEDULED,SCHEDULED,False
1785595470,MBTA|20260801|5413|NorthBase-825568-5413,MBTA,1785593700,NorthBase-825568-5413,5413,Fitchburg Line,Outbound,Brandeis/Roberts,1785595200,1785595455,1785595200,1785595455,SCHEDULED,SCHEDULED,False
1785595590,MBTA|20260801|5413|NorthBase-825568-5413,MBTA,1785593700,NorthBase-825568-5413,5413,Fitchburg Line,Outbound,Kendal Green,1785595440,1785595576,1785595440,1785595626,SCHEDULED,SCHEDULED,False
1785595920,MBTA|20260801|5413|NorthBase-825568-5413,MBTA,1785593700,NorthBase-825568-5413,5413,Fitchburg Line,Outbound,Lincoln,1785595740,1785595874,1785595740,1785595874,SCHEDULED,SCHEDULED,False
1785596280,MBTA|20260801|5413|NorthBase-825568-5413,MBTA,1785593700,NorthBase-825568-5413,5413,Fitchburg Line,Outbound,Concord,1785596040,1785596246,1785596040,1785596246,SCHEDULED,SCHEDULED,False
1785596490,MBTA|20260801|5413|NorthBase-825568-5413,MBTA,1785593700,NorthBase-825568-5413,5413,Fitchburg Line,Outbound,West Concord,1785596280,1785596463,1785596280,1785596463,SCHEDULED,SCHEDULED,False
1785596820,MBTA|20260801|5413|NorthBase-825568-5413,MBTA,1785593700,NorthBase-825568-5413,5413,Fitchburg Line,Outbound,South Acton,1785596580,1785596776,1785596580,1785596776,SCHEDULED,SCHEDULED,False
1785597090,MBTA|20260801|5413|NorthBase-825568-5413,MBTA,1785593700,NorthBase-825568-5413,5413,Fitchburg Line,Outbound,Littleton/Route 495,1785597000,1785597054,1785597000,1785597104,SCHEDULED,SCHEDULED,False
1785597660,MBTA|20260801|5413|NorthBase-825568-5413,MBTA,1785593700,NorthBase-825568-5413,5413,Fitchburg Line,Outbound,Ayer,1785597480,1785597610,1785597480,1785597610,SCHEDULED,SCHEDULED,False
1785597930,MBTA|20260801|5413|NorthBase-825568-5413,MBTA,1785593700,NorthBase-825568-5413,5413,Fitchburg Line,Outbound,Shirley,1785597780,1785597889,1785597780,1785597889,SCHEDULED,SCHEDULED,False
1785598380,MBTA|20260801|5413|NorthBase-825568-5413,MBTA,1785593700,NorthBase-825568-5413,5413,Fitchburg Line,Outbound,North Leominster,1785598320,1785598354,1785598320,1785598354,SCHEDULED,SCHEDULED,False
1785598860,MBTA|20260801|5413|NorthBase-825568-5413,MBTA,1785593700,NorthBase-825568-5413,5413,Fitchburg Line,Outbound,Fitchburg,1785598800,1785598819,1785598800,1785598819,SCHEDULED,SCHEDULED,False
1785599460,MBTA|20260801|5413|NorthBase-825568-5413,MBTA,1785593700,NorthBase-825568-5413,5413,Fitchburg Line,Outbound,Wachusett,1785599460,1785599411,1785599460,,SCHEDULED,SCHEDULED,False
,MBTA|20260801|5831|SouthBase-793092-5831,MBTA,1785593700,SouthBase-793092-5831,5831,Providence/Stoughton Line,Outbound,South Station,1785593700,1785593700,1785593700,1785593700,SCHEDULED,SCHEDULED,True
1785594270,MBTA|20260801|5831|SouthBase-793092-5831,MBTA,1785593700,SouthBase-793092-5831,5831,Providence/Stoughton Line,Outbound,Back Bay,1785594000,1785594319,1785594000,1785594369,SCHEDULED,SCHEDULED,False
1785594510,MBTA|20260801|5831|SouthBase-793092-5831,MBTA,1785593700,SouthBase-793092-5831,5831,Providence/Stoughton Line,Outbound,Ruggles,1785594180,1785594491,1785594180,1785594541,SCHEDULED,SCHEDULED,False
1785594990,MBTA|20260801|5831|SouthBase-793092-5831,MBTA,1785593700,SouthBase-793092-5831,5831,Providence/Stoughton Line,Outbound,Hyde Park,1785594660,1785594971,1785594660,1785594971,SCHEDULED,SCHEDULED,False
1785595320,MBTA|20260801|5831|SouthBase-793092-5831,MBTA,1785593700,SouthBase-793092-5831,5831,Providence/Stoughton Line,Outbound,Readville,1785594840,1785595301,1785594840,1785595301,SCHEDULED,SCHEDULED,False
1785595590,MBTA|20260801|5831|SouthBase-793092-5831,MBTA,1785593700,SouthBase-793092-5831,5831,Providence/Stoughton Line,Outbound,Route 128,1785595080,1785595570,1785595080,1785595570,SCHEDULED,SCHEDULED,False
1785595950,MBTA|20260801|5831|SouthBase-793092-5831,MBTA,1785593700,SouthBase-793092-5831,5831,Providence/Stoughton Line,Outbound,Canton Junction,1785595440,1785595963,1785595440,1785595963,SCHEDULED,SCHEDULED,False
1785596310,MBTA|20260801|5831|SouthBase-793092-5831,MBTA,1785593700,SouthBase-793092-5831,5831,Providence/Stoughton Line,Outbound,Sharon,1785595740,1785596291,1785595740,1785596291,SCHEDULED,SCHEDULED,False
1785596850,MBTA|20260801|5831|SouthBase-793092-5831,MBTA,1785593700,SouthBase-793092-5831,5831,Providence/Stoughton Line,Outbound,Mansfield,1785596220,1785596825,1785596220,1785596825,SCHEDULED,SCHEDULED,False
1785597390,MBTA|20260801|5831|SouthBase-793092-5831,MBTA,1785593700,SouthBase-793092-5831,5831,Providence/Stoughton Line,Outbound,Attleboro,1785596820,1785597370,1785596820,1785597370,SCHEDULED,SCHEDULED,False
1785597930,MBTA|20260801|5831|SouthBase-793092-5831,MBTA,1785593700,SouthBase-793092-5831,5831,Providence/Stoughton Line,Outbound,Pawtucket/Central Falls,1785597360,1785597911,1785597360,1785597911,SCHEDULED,SCHEDULED,False
1785598290,MBTA|20260801|5831|SouthBase-793092-5831,MBTA,1785593700,SouthBase-793092-5831,5831,Providence/Stoughton Line,Outbound,Providence,1785598080,1785598292,1785598080,,SCHEDULED,SCHEDULED,False
1785593790,MBTA|20260801|6020|SouthBase-793112-6020,MBTA,1785593700,SouthBase-793112-6020,6020,Kingston Line,Inbound,Kingston,1785593700,,1785593700,1785593786,SCHEDULED,SCHEDULED,False
1785594330,MBTA|20260801|6020|SouthBase-793112-6020,MBTA,1785593700,SouthBase-793112-6020,6020,Kingston Line,Inbound,Halifax,1785594240,1785594305,1785594240,1785594305,SCHEDULED,SCHEDULED,False
1785594630,MBTA|20260801|6020|SouthBase-793112-6020,MBTA,1785593700,SouthBase-793112-6020,6020,Kingston Line,Inbound,Hanson,1785594540,1785594604,1785594540,1785594604,SCHEDULED,SCHEDULED,False
1785595020,MBTA|20260801|6020|SouthBase-793112-6020,MBTA,1785593700,SouthBase-793112-6020,6020,Kingston Line,Inbound,Whitman,1785594840,1785594979,1785594840,1785594979,SCHEDULED,SCHEDULED,False
1785595260,MBTA|20260801|6020|SouthBase-793112-6020,MBTA,1785593700,SouthBase-793112-6020,6020,Kingston Line,Inbound,Abington,1785595020,1785595227,1785595020,1785595227,SCHEDULED,SCHEDULED,False
1785595590,MBTA|20260801|6020|SouthBase-793112-6020,MBTA,1785593700,SouthBase-793112-6020,6020,Kingston Line,Inbound,South Weymouth,1785595320,1785595568,1785595320,1785595568,SCHEDULED,SCHEDULED,False
1785595980,MBTA|20260801|6020|SouthBase-793112-6020,MBTA,1785593700,SouthBase-793112-6020,6020,Kingston Line,Inbound,Braintree,1785595800,1785595966,1785595800,1785595966,SCHEDULED,SCHEDULED,False
1785596460,MBTA|20260801|6020|SouthBase-793112-6020,MBTA,1785593700,SouthBase-793112-6020,6020,Kingston Line,Inbound,Quincy Center,1785596160,1785596343,1785596160,1785596343,SCHEDULED,SCHEDULED,False
1785597990,MBTA|20260801|6020|SouthBase-793112-6020,MBTA,1785593700,SouthBase-793112-6020,6020,Kingston Line,Inbound,South Station,1785597300,1785598005,1785597300,,SCHEDULED,SCHEDULED,False
,MBTA|20260801|5731|SouthBase-830456-5731,MBTA,1785593820,SouthBase-830456-5731,5731,Franklin/Foxboro Line,Outbound,South Station,1785593820,1785593820,1785593820,1785593820,SCHEDULED,SCHEDULED,True
1785594360,MBTA|20260801|5731|SouthBase-830456-5731,MBTA,1785593820,SouthBase-830456-5731,5731,Franklin/Foxboro Line,Outbound,Newmarket,1785594300,1785594330,1785594300,1785594330,SCHEDULED,SCHEDULED,False
1785594480,MBTA|20260801|5731|SouthBase-830456-5731,MBTA,1785593820,SouthBase-830456-5731,5731,Franklin/Foxboro Line,Outbound,Uphams Corner,1785594420,1785594460,1785594420,1785594460,SCHEDULED,SCHEDULED,False
1785594660,MBTA|20260801|5731|SouthBase-830456-5731,MBTA,1785593820,SouthBase-830456-5731,5731,Franklin/Foxboro Line,Outbound,Four Corners/Geneva,1785594600,1785594634,1785594600,1785594634,SCHEDULED,SCHEDULED,False
1785594870,MBTA|20260801|5731|SouthBase-830456-5731,MBTA,1785593820,SouthBase-830456-5731,5731,Franklin/Foxboro Line,Outbound,Talbot Avenue,1785594780,1785594822,1785594780,1785594872,SCHEDULED,SCHEDULED,False
1785595020,MBTA|20260801|5731|SouthBase-830456-5731,MBTA,1785593820,SouthBase-830456-5731,5731,Franklin/Foxboro Line,Outbound,Morton Street,1785594960,1785594974,1785594960,1785594974,SCHEDULED,SCHEDULED,False
1785595200,MBTA|20260801|5731|SouthBase-830456-5731,MBTA,1785593820,SouthBase-830456-5731,5731,Franklin/Foxboro Line,Outbound,Blue Hill Avenue,1785595080,1785595160,1785595080,1785595160,SCHEDULED,SCHEDULED,False
1785595410,MBTA|20260801|5731|SouthBase-830456-5731,MBTA,1785593820,SouthBase-830456-5731,5731,Franklin/Foxboro Line,Outbound,Fairmount,1785595260,1785595377,1785595260,1785595377,SCHEDULED,SCHEDULED,False
1785595770,MBTA|20260801|5731|SouthBase-830456-5731,MBTA,1785593820,SouthBase-830456-5731,5731,Franklin/Foxboro Line,Outbound,Readville,1785595500,1785595749,1785595500,1785595749,SCHEDULED,SCHEDULED,False
1785595980,MBTA|20260801|5731|SouthBase-830456-5731,MBTA,1785593820,SouthBase-830456-5731,5731,Franklin/Foxboro Line,Outbound,Endicott,1785595740,1785595936,1785595740,1785595936,SCHEDULED,SCHEDULED,False
1785596100,MBTA|20260801|5731|SouthBase-830456-5731,MBTA,1785593820,SouthBase-830456-5731,5731,Franklin/Foxboro Line,Outbound,Dedham Corporate Center,1785595920,1785596059,1785595920,1785596059,SCHEDULED,SCHEDULED,False
1785596220,MBTA|20260801|5731|SouthBase-830456-5731,MBTA,1785593820,SouthBase-830456-5731,5731,Franklin/Foxboro Line,Outbound,Islington,1785596040,1785596200,1785596040,1785596200,SCHEDULED,SCHEDULED,False
1785596430,MBTA|20260801|5731|SouthBase-830456-5731,MBTA,1785593820,SouthBase-830456-5731,5731,Franklin/Foxboro Line,Outbound,Norwood Depot,1785596220,1785596400,1785596220,1785596400,SCHEDULED,SCHEDULED,False
1785596550,MBTA|20260801|5731|SouthBase-830456-5731,MBTA,1785593820,SouthBase-830456-5731,5731,Franklin/Foxboro Line,Outbound,Norwood Central,1785596340,1785596517,1785596340,1785596517,SCHEDULED,SCHEDULED,False
1785596790,MBTA|20260801|5731|SouthBase-830456-5731,MBTA,1785593820,SouthBase-830456-5731,5731,Franklin/Foxboro Line,Outbound,Windsor Gardens,1785596520,1785596741,1785596520,1785596741,SCHEDULED,SCHEDULED,False
1785597030,MBTA|20260801|5731|SouthBase-830456-5731,MBTA,1785593820,SouthBase-830456-5731,5731,Franklin/Foxboro Line,Outbound,Walpole,1785596760,1785596993,1785596760,1785596993,SCHEDULED,SCHEDULED,False
1785597330,MBTA|20260801|5731|SouthBase-830456-5731,MBTA,1785593820,SouthBase-830456-5731,5731,Franklin/Foxboro Line,Outbound,Norfolk,1785597180,1785597336,1785597180,1785597336,SCHEDULED,SCHEDULED,False
1785597930,MBTA|20260801|5731|SouthBase-830456-5731,MBTA,1785593820,SouthBase-830456-5731,5731,Franklin/Foxboro Line,Outbound,Franklin,1785597600,1785597888,1785597600,1785597888,SCHEDULED,SCHEDULED,False
1785598320,MBTA|20260801|5731|SouthBase-830456-5731,MBTA,1785593820,SouthBase-830456-5731,5731,Franklin/Foxboro Line,Outbound,Forge Park/495,1785598320,1785598331,1785598320,,SCHEDULED,SCHEDULED,False
1785594150,MBTA|20260801|5331|NorthBase-825552-5331,MBTA,1785594000,NorthBase-825552-5331,5331,Lowell Line,Outbound,North Station,1785594000,,1785594000,1785594137,SCHEDULED,SCHEDULED,False
1785594750,MBTA|20260801|5331|NorthBase-825552-5331,MBTA,1785594000,NorthBase-825552-5331,5331,Lowell Line,Outbound,West Medford,1785594660,1785594721,1785594660,1785594721,SCHEDULED,SCHEDULED,False
1785594990,MBTA|20260801|5331|NorthBase-825552-5331,MBTA,1785594000,NorthBase-825552-5331,5331,Lowell Line,Outbound,Wedgemere,1785594840,1785594963,1785594840,1785594963,SCHEDULED,SCHEDULED,False
1785595110,MBTA|20260801|5331|NorthBase-825552-5331,MBTA,1785594000,NorthBase-825552-5331,5331,Lowell Line,Outbound,Winchester Center,1785594960,1785595085,1785594960,1785595085,SCHEDULED,SCHEDULED,False
1785595470,MBTA|20260801|5331|NorthBase-825552-5331,MBTA,1785594000,NorthBase-825552-5331,5331,Lowell Line,Outbound,Anderson/Woburn,1785595380,1785595428,1785595380,1785595428,SCHEDULED,SCHEDULED,False
1785595770,MBTA|20260801|5331|NorthBase-825552-5331,MBTA,1785594000,NorthBase-825552-5331,5331,Lowell Line,Outbound,Wilmington,1785595560,1785595741,1785595560,1785595741,SCHEDULED,SCHEDULED,False
1785596160,MBTA|20260801|5331|NorthBase-825552-5331,MBTA,1785594000,NorthBase-825552-5331,5331,Lowell Line,Outbound,North Billerica,1785596100,1785596124,1785596100,1785596174,SCHEDULED,SCHEDULED,False
1785596730,MBTA|20260801|5331|NorthBase-825552-5331,MBTA,1785594000,NorthBase-825552-5331,5331,Lowell Line,Outbound,Lowell,1785596820,1785596733,1785596820,,SCHEDULED,SCHEDULED,False
,MBTA|20260801|5418|NorthBase-825570-5418,MBTA,1785594300,NorthBase-825570-5418,5418,Fitchburg Line,Inbound,Wachusett,1785594300,1785594300,1785594300,1785594300,SCHEDULED,SCHEDULED,True
1785594900,MBTA|20260801|5418|NorthBase-825570-5418,MBTA,1785594300,NorthBase-825570-5418,5418,Fitchburg Line,Inbound,Fitchburg,1785594780,1785594869,1785594780,1785594869,SCHEDULED,SCHEDULED,False
1785595380,MBTA|20260801|5418|NorthBase-825570-5418,MBTA,1785594300,NorthBase-825570-5418,5418,Fitchburg Line,Inbound,North Leominster,1785595200,1785595342,1785595200,1785595342,SCHEDULED,SCHEDULED,False
1785595830,MBTA|20260801|5418|NorthBase-825570-5418,MBTA,1785594300,NorthBase-825570-5418,5418,Fitchburg Line,Inbound,Shirley,1785595680,1785595807,1785595680,1785595807,SCHEDULED,SCHEDULED,False
1785596370,MBTA|20260801|5418|NorthBase-825570-5418,MBTA,1785594300,NorthBase-825570-5418,5418,Fitchburg Line,Inbound,Ayer,1785595980,1785596334,1785595980,1785596334,SCHEDULED,SCHEDULED,False
1785596850,MBTA|20260801|5418|NorthBase-825570-5418,MBTA,1785594300,NorthBase-825570-5418,5418,Fitchburg Line,Inbound,Littleton/Route 495,1785596460,1785596820,1785596460,1785596870,SCHEDULED,SCHEDULED,False
1785597240,MBTA|20260801|5418|NorthBase-825570-5418,MBTA,1785594300,NorthBase-825570-5418,5418,Fitchburg Line,Inbound,South Acton,1785596820,1785597202,1785596820,1785597202,SCHEDULED,SCHEDULED,False
1785597570,MBTA|20260801|5418|NorthBase-825570-5418,MBTA,1785594300,NorthBase-825570-5418,5418,Fitchburg Line,Inbound,West Concord,1785597060,1785597543,1785597060,1785597543,SCHEDULED,SCHEDULED,False
1785597840,MBTA|20260801|5418|NorthBase-825570-5418,MBTA,1785594300,NorthBase-825570-5418,5418,Fitchburg Line,Inbound,Concord,1785597300,1785597791,1785597300,1785597791,SCHEDULED,SCHEDULED,False
1785598110,MBTA|20260801|5418|NorthBase-825570-5418,MBTA,1785594300,NorthBase-825570-5418,5418,Fitchburg Line,Inbound,Lincoln,1785597660,1785598098,1785597660,1785598098,SCHEDULED,SCHEDULED,False
1785598470,MBTA|20260801|5418|NorthBase-825570-5418,MBTA,1785594300,NorthBase-825570-5418,5418,Fitchburg Line,Inbound,Kendal Green,1785597960,1785598442,1785597960,1785598442,SCHEDULED,SCHEDULED,False
1785598650,MBTA|20260801|5418|NorthBase-825570-5418,MBTA,1785594300,NorthBase-825570-5418,5418,Fitchburg Line,Inbound,Brandeis/Roberts,1785598200,1785598632,1785598200,1785598632,SCHEDULED,SCHEDULED,False
1785598920,MBTA|20260801|5418|NorthBase-825570-5418,MBTA,1785594300,NorthBase-825570-5418,5418,Fitchburg Line,Inbound,Waltham,1785598440,1785598876,1785598440,1785598876,SCHEDULED,SCHEDULED,False
1785599220,MBTA|20260801|5418|NorthBase-825570-5418,MBTA,1785594300,NorthBase-825570-5418,5418,Fitchburg Line,Inbound,Waverley,1785598740,1785599186,1785598740,1785599186,SCHEDULED,SCHEDULED,False
1785599400,MBTA|20260801|5418|NorthBase-825570-5418,MBTA,1785594300,NorthBase-825570-5418,5418,Fitchburg Line,Inbound,Belmont,1785598860,1785599372,1785598860,1785599372,SCHEDULED,SCHEDULED,False
1785599760,MBTA|20260801|5418|NorthBase-825570-5418,MBTA,1785594300,NorthBase-825570-5418,5418,Fitchburg Line,Inbound,Porter,1785599220,1785599632,1785599220,1785599632,SCHEDULED,SCHEDULED,False
1785600450,MBTA|20260801|5418|NorthBase-825570-5418,MBTA,1785594300,NorthBase-825570-5418,5418,Fitchburg Line,Inbound,North Station,1785600060,1785600421,1785600060,,SCHEDULED,SCHEDULED,False
,MBTA|20260801|5033|NorthBase-825501-5033,MBTA,1785594600,NorthBase-825501-5033,5033,Newburyport/Rockport Line,Outbound,North Station,1785594600,1785594600,1785594600,1785594600,SCHEDULED,SCHEDULED,True
1785595320,MBTA|20260801|5033|NorthBase-825501-5033,MBTA,1785594600,NorthBase-825501-5033,5033,Newburyport/Rockport Line,Outbound,Chelsea,1785595260,1785595289,1785595260,1785595289,SCHEDULED,SCHEDULED,False
1785596070,MBTA|20260801|5033|NorthBase-825501-5033,MBTA,1785594600,NorthBase-825501-5033,5033,Newburyport/Rockport Line,Outbound,Lynn Interim,1785595920,1785596033,1785595920,1785596033,SCHEDULED,SCHEDULED,False
1785596250,MBTA|20260801|5033|NorthBase-825501-5033,MBTA,1785594600,NorthBase-825501-5033,5033,Newburyport/Rockport Line,Outbound,Swampscott,1785596100,1785596219,1785596100,1785596219,SCHEDULED,SCHEDULED,False
1785596970,MBTA|20260801|5033|NorthBase-825501-5033,MBTA,1785594600,NorthBase-825501-5033,5033,Newburyport/Rockport Line,Outbound,Salem,1785596520,1785596932,1785596520,1785596932,SCHEDULED,SCHEDULED,False
1785597360,MBTA|20260801|5033|NorthBase-825501-5033,MBTA,1785594600,NorthBase-825501-5033,5033,Newburyport/Rockport Line,Outbound,Beverly,1785596760,1785597335,1785596760,1785597335,SCHEDULED,SCHEDULED,False
1785597660,MBTA|20260801|5033|NorthBase-825501-5033,MBTA,1785594600,NorthBase-825501-5033,5033,Newburyport/Rockport Line,Outbound,Montserrat,1785597000,1785597614,1785597000,1785597614,SCHEDULED,SCHEDULED,False
1785597960,MBTA|20260801|5033|NorthBase-825501-5033,MBTA,1785594600,NorthBase-825501-5033,5033,Newburyport/Rockport Line,Outbound,Beverly Farms,1785597300,1785597924,1785597300,1785597924,SCHEDULED,SCHEDULED,False
1785598410,MBTA|20260801|5033|NorthBase-825501-5033,MBTA,1785594600,NorthBase-825501-5033,5033,Newburyport/Rockport Line,Outbound,Manchester,1785597660,1785598358,1785597660,1785598358,SCHEDULED,SCHEDULED,False
1785598800,MBTA|20260801|5033|NorthBase-825501-5033,MBTA,1785594600,NorthBase-825501-5033,5033,Newburyport/Rockport Line,Outbound,West Gloucester,1785598020,1785598761,1785598020,1785598761,SCHEDULED,SCHEDULED,False
1785599190,MBTA|20260801|5033|NorthBase-825501-5033,MBTA,1785594600,NorthBase-825501-5033,5033,Newburyport/Rockport Line,Outbound,Gloucester,1785598380,1785599164,1785598380,1785599164,SCHEDULED,SCHEDULED,False
1785599730,MBTA|20260801|5033|NorthBase-825501-5033,MBTA,1785594600,NorthBase-825501-5033,5033,Newburyport/Rockport Line,Outbound,Rockport,1785599100,1785599737,1785599100,,SCHEDULED,SCHEDULED,False
1785594840,MBTA|20260801|7024|SouthBase-793176-7024,MBTA,1785594780,SouthBase-793176-7024,7024,Fall River/New Bedford Line,Inbound,New Bedford,1785594780,,1785594780,1785594807,SCHEDULED,SCHEDULED,False
1785595230,MBTA|20260801|7024|SouthBase-793176-7024,MBTA,1785594780,SouthBase-793176-7024,7024,Fall River/New Bedford Line,Inbound,Church Street,1785595140,1785595209,1785595140,1785595209,SCHEDULED,SCHEDULED,False
1785596340,MBTA|20260801|7024|SouthBase-793176-7024,MBTA,1785594780,SouthBase-793176-7024,7024,Fall River/New Bedford Line,Inbound,East Taunton,1785596280,1785596312,1785596280,1785596312,SCHEDULED,SCHEDULED,False
1785597060,MBTA|20260801|7024|SouthBase-793176-7024,MBTA,1785594780,SouthBase-793176-7024,7024,Fall River/New Bedford Line,Inbound,Middleborough,1785596940,1785597021,1785596940,1785597021,SCHEDULED,SCHEDULED,False
1785597690,MBTA|20260801|7024|SouthBase-793176-7024,MBTA,1785594780,SouthBase-793176-7024,7024,Fall River/New Bedford Line,Inbound,Bridgewater,1785597540,1785597653,1785597540,1785597653,SCHEDULED,SCHEDULED,False
1785598140,MBTA|20260801|7024|SouthBase-793176-7024,MBTA,1785594780,SouthBase-793176-7024,7024,Fall River/New Bedford Line,Inbound,Campello,1785598020,1785598113,1785598020,1785598113,SCHEDULED,SCHEDULED,False
1785598350,MBTA|20260801|7024|SouthBase-793176-7024,MBTA,1785594780,SouthBase-793176-7024,7024,Fall River/New Bedford Line,Inbound,Brockton,1785598260,1785598256,1785598260,1785598306,SCHEDULED,SCHEDULED,False
1785598620,MBTA|20260801|7024|SouthBase-793176-7024,MBTA,1785594780,SouthBase-793176-7024,7024,Fall River/New Bedford Line,Inbound,Montello,1785598440,1785598602,1785598440,1785598602,SCHEDULED,SCHEDULED,False
1785598860,MBTA|20260801|7024|SouthBase-793176-7024,MBTA,1785594780,SouthBase-793176-7024,7024,Fall River/New Bedford Line,Inbound,Holbrook/Randolph,1785598740,1785598877,1785598740,1785598877,SCHEDULED,SCHEDULED,False
1785599220,MBTA|20260801|7024|SouthBase-793176-7024,MBTA,1785594780,SouthBase-793176-7024,7024,Fall River/New Bedford Line,Inbound,Braintree,1785599220,1785599194,1785599220,1785599194,SCHEDULED,SCHEDULED,False
1785600060,MBTA|20260801|7024|SouthBase-793176-7024,MBTA,1785594780,SouthBase-793176-7024,7024,Fall River/New Bedford Line,Inbound,Quincy Center,1785599580,1785599962,1785599580,1785599962,SCHEDULED,SCHEDULED,False
1785600630,MBTA|20260801|7024|SouthBase-793176-7024,MBTA,1785594780,SouthBase-793176-7024,7024,Fall River/New Bedford Line,Inbound,South Station,1785600780,1785601218,1785600780,,SCHEDULED,SCHEDULED,False
1785595890,MBTA|20260801|5234|NorthBase-825535-5234,MBTA,1785595800,NorthBase-825535-5234,5234,Haverhill Line,Inbound,Haverhill,1785595800,,1785595800,1785595858,SCHEDULED,SCHEDULED,False
1785595980,MBTA|20260801|5234|NorthBase-825535-5234,MBTA,1785595800,NorthBase-825535-5234,5234,Haverhill Line,Inbound,Bradford,1785595920,1785595954,1785595920,1785595954,SCHEDULED,SCHEDULED,False
1785596490,MBTA|20260801|5234|NorthBase-825535-5234,MBTA,1785595800,NorthBase-825535-5234,5234,Haverhill Line,Inbound,Lawrence,1785596340,1785596466,1785596340,1785596466,SCHEDULED,SCHEDULED,False
1785596850,MBTA|20260801|5234|NorthBase-825535-5234,MBTA,1785595800,NorthBase-825535-5234,5234,Haverhill Line,Inbound,Andover,1785596760,1785596807,1785596760,1785596807,SCHEDULED,SCHEDULED,False
1785597120,MBTA|20260801|5234|NorthBase-825535-5234,MBTA,1785595800,NorthBase-825535-5234,5234,Haverhill Line,Inbound,Ballardvale,1785597060,1785597086,1785597060,1785597086,SCHEDULED,SCHEDULED,False
1785597540,MBTA|20260801|5234|NorthBase-825535-5234,MBTA,1785595800,NorthBase-825535-5234,5234,Haverhill Line,Inbound,North Wilmington,1785597480,1785597489,1785597480,1785597489,SCHEDULED,SCHEDULED,False
1785597930,MBTA|20260801|5234|NorthBase-825535-5234,MBTA,1785595800,NorthBase-825535-5234,5234,Haverhill Line,Inbound,Reading,1785597900,1785597902,1785597900,1785597902,SCHEDULED,SCHEDULED,False
1785598290,MBTA|20260801|5234|NorthBase-825535-5234,MBTA,1785595800,NorthBase-825535-5234,5234,Haverhill Line,Inbound,Wakefield,1785598260,1785598264,1785598260,1785598264,SCHEDULED,SCHEDULED,False
1785598470,MBTA|20260801|5234|NorthBase-825535-5234,MBTA,1785595800,NorthBase-825535-5234,5234,Haverhill Line,Inbound,Greenwood,1785598440,1785598464,1785598440,1785598464,SCHEDULED,SCHEDULED,False
1785598590,MBTA|20260801|5234|NorthBase-825535-5234,MBTA,1785595800,NorthBase-825535-5234,5234,Haverhill Line,Inbound,Melrose Highlands,1785598560,1785598572,1785598560,1785598572,SCHEDULED,SCHEDULED,False
1785598770,MBTA|20260801|5234|NorthBase-825535-5234,MBTA,1785595800,NorthBase-825535-5234,5234,Haverhill Line,Inbound,Melrose/Cedar Park,1785598680,1785598748,1785598680,1785598748,SCHEDULED,SCHEDULED,False
1785598860,MBTA|20260801|5234|NorthBase-825535-5234,MBTA,1785595800,NorthBase-825535-5234,5234,Haverhill Line,Inbound,Wyoming Hill,1785598800,1785598863,1785598800,1785598863,SCHEDULED,SCHEDULED,False
1785599040,MBTA|20260801|5234|NorthBase-825535-5234,MBTA,1785595800,NorthBase-825535-5234,5234,Haverhill Line,Inbound,Oak Grove,1785598980,1785599008,1785598980,1785599008,SCHEDULED,SCHEDULED,False
1785599160,MBTA|20260801|5234|NorthBase-825535-5234,MBTA,1785595800,NorthBase-825535-5234,5234,Haverhill Line,Inbound,Malden Center,1785599100,1785599082,1785599100,1785599082,SCHEDULED,SCHEDULED,False
1785599730,MBTA|20260801|5234|NorthBase-825535-5234,MBTA,1785595800,NorthBase-825535-5234,5234,Haverhill Line,Inbound,North Station,1785600000,1785599756,1785600000,,SCHEDULED,SCHEDULED,False
,MBTA|20260801|7015|SouthBase-793173-7015,MBTA,1785595800,SouthBase-793173-7015,7015,Fall River/New Bedford Line,Outbound,South Station,1785595800,1785595800,1785595800,1785595800,SCHEDULED,SCHEDULED,True
1785596910,MBTA|20260801|7015|SouthBase-793173-7015,MBTA,1785595800,SouthBase-793173-7015,7015,Fall River/New Bedford Line,Outbound,Quincy Center,1785596700,1785596879,1785596700,1785596879,SCHEDULED,SCHEDULED,False
1785597240,MBTA|20260801|7015|SouthBase-793173-7015,MBTA,1785595800,SouthBase-793173-7015,7015,Fall River/New Bedford Line,Outbound,Braintree,1785597060,1785597198,1785597060,1785597198,SCHEDULED,SCHEDULED,False
1785597810,MBTA|20260801|7015|SouthBase-793173-7015,MBTA,1785595800,SouthBase-793173-7015,7015,Fall River/New Bedford Line,Outbound,Holbrook/Randolph,1785597600,1785597793,1785597600,1785597843,SCHEDULED,SCHEDULED,False
1785598170,MBTA|20260801|7015|SouthBase-793173-7015,MBTA,1785595800,SouthBase-793173-7015,7015,Fall River/New Bedford Line,Outbound,Montello,1785597960,1785598124,1785597960,1785598124,SCHEDULED,SCHEDULED,False
1785598440,MBTA|20260801|7015|SouthBase-793173-7015,MBTA,1785595800,SouthBase-793173-7015,7015,Fall River/New Bedford Line,Outbound,Brockton,1785598200,1785598398,1785598200,1785598398,SCHEDULED,SCHEDULED,False
1785598650,MBTA|20260801|7015|SouthBase-793173-7015,MBTA,1785595800,SouthBase-793173-7015,7015,Fall River/New Bedford Line,Outbound,Campello,1785598440,1785598615,1785598440,1785598615,SCHEDULED,SCHEDULED,False
1785599160,MBTA|20260801|7015|SouthBase-793173-7015,MBTA,1785595800,SouthBase-793173-7015,7015,Fall River/New Bedford Line,Outbound,Bridgewater,1785598920,1785599111,1785598920,1785599111,SCHEDULED,SCHEDULED,False
1785599880,MBTA|20260801|7015|SouthBase-793173-7015,MBTA,1785595800,SouthBase-793173-7015,7015,Fall River/New Bedford Line,Outbound,Middleborough,1785599640,1785599855,1785599640,1785599855,SCHEDULED,SCHEDULED,False
1785600600,MBTA|20260801|7015|SouthBase-793173-7015,MBTA,1785595800,SouthBase-793173-7015,7015,Fall River/New Bedford Line,Outbound,East Taunton,1785600300,1785600568,1785600300,1785600568,SCHEDULED,SCHEDULED,False
1785601500,MBTA|20260801|7015|SouthBase-793173-7015,MBTA,1785595800,SouthBase-793173-7015,7015,Fall River/New Bedford Line,Outbound,Church Street,1785601200,1785601449,1785601200,1785601449,SCHEDULED,SCHEDULED,False
1785601860,MBTA|20260801|7015|SouthBase-793173-7015,MBTA,1785595800,SouthBase-793173-7015,7015,Fall River/New Bedford Line,Outbound,New Bedford,1785601860,1785601748,1785601860,,SCHEDULED,SCHEDULED,False
,MBTA|20260801|5533|SouthBase-824340-5533,MBTA,1785596400,SouthBase-824340-5533,5533,Framingham/Worcester Line,Outbound,South Station,1785596400,1785596400,1785596400,1785596400,SCHEDULED,SCHEDULED,True
1785597030,MBTA|20260801|5533|SouthBase-824340-5533,MBTA,1785596400,SouthBase-824340-5533,5533,Framingham/Worcester Line,Outbound,Back Bay,1785596820,1785596901,1785596820,1785596901,SCHEDULED,SCHEDULED,False
1785597450,MBTA|20260801|5533|SouthBase-824340-5533,MBTA,1785596400,SouthBase-824340-5533,5533,Framingham/Worcester Line,Outbound,Lansdowne,1785597060,1785597426,1785597060,1785597426,SCHEDULED,SCHEDULED,False
1785597720,MBTA|20260801|5533|SouthBase-824340-5533,MBTA,1785596400,SouthBase-824340-5533,5533,Framingham/Worcester Line,Outbound,Boston Landing,1785597360,1785597701,1785597360,1785597701,SCHEDULED,SCHEDULED,False
1785598050,MBTA|20260801|5533|SouthBase-824340-5533,MBTA,1785596400,SouthBase-824340-5533,5533,Framingham/Worcester Line,Outbound,Newtonville,1785597720,1785598024,1785597720,1785598024,SCHEDULED,SCHEDULED,False
1785598230,MBTA|20260801|5533|SouthBase-824340-5533,MBTA,1785596400,SouthBase-824340-5533,5533,Framingham/Worcester Line,Outbound,West Newton,1785597900,1785598210,1785597900,1785598210,SCHEDULED,SCHEDULED,False
1785598410,MBTA|20260801|5533|SouthBase-824340-5533,MBTA,1785596400,SouthBase-824340-5533,5533,Framingham/Worcester Line,Outbound,Auburndale,1785598080,1785598389,1785598080,1785598389,SCHEDULED,SCHEDULED,False
1785598680,MBTA|20260801|5533|SouthBase-824340-5533,MBTA,1785596400,SouthBase-824340-5533,5533,Framingham/Worcester Line,Outbound,Wellesley Farms,1785598320,1785598621,1785598320,1785598621,SCHEDULED,SCHEDULED,False
1785598860,MBTA|20260801|5533|SouthBase-824340-5533,MBTA,1785596400,SouthBase-824340-5533,5533,Framingham/Worcester Line,Outbound,Wellesley Hills,1785598500,1785598841,1785598500,1785598841,SCHEDULED,SCHEDULED,False
1785599070,MBTA|20260801|5533|SouthBase-824340-5533,MBTA,1785596400,SouthBase-824340-5533,5533,Framingham/Worcester Line,Outbound,Wellesley Square,1785598740,1785599050,1785598740,1785599050,SCHEDULED,SCHEDULED,False
1785599400,MBTA|20260801|5533|SouthBase-824340-5533,MBTA,1785596400,SouthBase-824340-5533,5533,Framingham/Worcester Line,Outbound,Natick Center,1785599040,1785599381,1785599040,1785599381,SCHEDULED,SCHEDULED,False
1785599670,MBTA|20260801|5533|SouthBase-824340-5533,MBTA,1785596400,SouthBase-824340-5533,5533,Framingham/Worcester Line,Outbound,West Natick,1785599340,1785599650,1785599340,1785599650,SCHEDULED,SCHEDULED,False
1785599910,MBTA|20260801|5533|SouthBase-824340-5533,MBTA,1785596400,SouthBase-824340-5533,5533,Framingham/Worcester Line,Outbound,Framingham,1785599580,1785599890,1785599580,1785599890,SCHEDULED,SCHEDULED,False
1785600330,MBTA|20260801|5533|SouthBase-824340-5533,MBTA,1785596400,SouthBase-824340-5533,5533,Framingham/Worcester Line,Outbound,Ashland,1785599940,1785600310,1785599940,1785600310,SCHEDULED,SCHEDULED,False
1785600570,MBTA|20260801|5533|SouthBase-824340-5533,MBTA,1785596400,SouthBase-824340-5533,5533,Framingham/Worcester Line,Outbound,Southborough,1785600180,1785600551,1785600180,1785600551,SCHEDULED,SCHEDULED,False
1785601080,MBTA|20260801|5533|SouthBase-824340-5533,MBTA,1785596400,SouthBase-824340-5533,5533,Framingham/Worcester Line,Outbound,Westborough,1785600720,1785601056,1785600720,1785601056,SCHEDULED,SCHEDULED,False
1785601590,MBTA|20260801|5533|SouthBase-824340-5533,MBTA,1785596400,SouthBase-824340-5533,5533,Framingham/Worcester Line,Outbound,Grafton,1785601020,1785601466,1785601020,1785601466,SCHEDULED,SCHEDULED,False
1785602070,MBTA|20260801|5533|SouthBase-824340-5533,MBTA,1785596400,SouthBase-824340-5533,5533,Framingham/Worcester Line,Outbound,Worcester,1785601980,1785602375,1785601980,,SCHEDULED,SCHEDULED,False
,MBTA|20260801|6638|SouthBase-830382-6638,MBTA,1785596580,SouthBase-830382-6638,6638,Fairmount Line,Inbound,Fairmount,1785596580,1785596580,1785596580,1785596580,SCHEDULED,SCHEDULED,True
1785596850,MBTA|20260801|6638|SouthBase-830382-6638,MBTA,1785596580,SouthBase-830382-6638,6638,Fairmount Line,Inbound,Blue Hill Avenue,1785596760,1785596821,1785596760,1785596821,SCHEDULED,SCHEDULED,False
1785597000,MBTA|20260801|6638|SouthBase-830382-6638,MBTA,1785596580,SouthBase-830382-6638,6638,Fairmount Line,Inbound,Morton Street,1785596880,1785596976,1785596880,1785596976,SCHEDULED,SCHEDULED,False
1785597120,MBTA|20260801|6638|SouthBase-830382-6638,MBTA,1785596580,SouthBase-830382-6638,6638,Fairmount Line,Inbound,Talbot Avenue,1785597060,1785597118,1785597060,1785597118,SCHEDULED,SCHEDULED,False
1785597360,MBTA|20260801|6638|SouthBase-830382-6638,MBTA,1785596580,SouthBase-830382-6638,6638,Fairmount Line,Inbound,Four Corners/Geneva,1785597240,1785597317,1785597240,1785597317,SCHEDULED,SCHEDULED,False
1785597510,MBTA|20260801|6638|SouthBase-830382-6638,MBTA,1785596580,SouthBase-830382-6638,6638,Fairmount Line,Inbound,Uphams Corner,1785597420,1785597485,1785597420,1785597485,SCHEDULED,SCHEDULED,False
1785597570,MBTA|20260801|6638|SouthBase-830382-6638,MBTA,1785596580,SouthBase-830382-6638,6638,Fairmount Line,Inbound,Newmarket,1785597540,1785597552,1785597540,1785597602,SCHEDULED,SCHEDULED,False
1785598440,MBTA|20260801|6638|SouthBase-830382-6638,MBTA,1785596580,SouthBase-830382-6638,6638,Fairmount Line,Inbound,South Station,1785598200,1785598448,1785598200,,SCHEDULED,SCHEDULED,False
,MBTA|20260801|6074|SouthBase-793242-6074,MBTA,1785596640,SouthBase-793242-6074,6074,Greenbush Line,Inbound,Greenbush,1785596640,1785596640,1785596640,1785596640,SCHEDULED,SCHEDULED,True
1785597150,MBTA|20260801|6074|SouthBase-793242-6074,MBTA,1785596640,SouthBase-793242-6074,6074,Greenbush Line,Inbound,North Scituate,1785597060,1785597125,1785597060,1785597125,SCHEDULED,SCHEDULED,False
1785597540,MBTA|20260801|6074|SouthBase-793242-6074,MBTA,1785596640,SouthBase-793242-6074,6074,Greenbush Line,Inbound,Cohasset,1785597420,1785597497,1785597420,1785597497,SCHEDULED,SCHEDULED,False
1785597750,MBTA|20260801|6074|SouthBase-793242-6074,MBTA,1785596640,SouthBase-793242-6074,6074,Greenbush Line,Inbound,Nantasket Junction,1785597600,1785597726,1785597600,1785597726,SCHEDULED,SCHEDULED,False
1785598050,MBTA|20260801|6074|SouthBase-793242-6074,MBTA,1785596640,SouthBase-793242-6074,6074,Greenbush Line,Inbound,West Hingham,1785597900,1785598025,1785597900,1785598025,SCHEDULED,SCHEDULED,False
1785598230,MBTA|20260801|6074|SouthBase-793242-6074,MBTA,1785596640,SouthBase-793242-6074,6074,Greenbush Line,Inbound,East Weymouth,1785598140,1785598249,1785598140,1785598249,SCHEDULED,SCHEDULED,False
1785598590,MBTA|20260801|6074|SouthBase-793242-6074,MBTA,1785596640,SouthBase-793242-6074,6074,Greenbush Line,Inbound,Weymouth Landing/East Braintree,1785598440,1785598577,1785598440,1785598577,SCHEDULED,SCHEDULED,False
1785599760,MBTA|20260801|6074|SouthBase-793242-6074,MBTA,1785596640,SouthBase-793242-6074,6074,Greenbush Line,Inbound,Quincy Center,1785599040,1785599666,1785599040,1785599666,SCHEDULED,SCHEDULED,False
1785600750,MBTA|20260801|6074|SouthBase-793242-6074,MBTA,1785596640,SouthBase-793242-6074,6074,Greenbush Line,Inbound,South Station,1785600180,1785600982,1785600180,,SCHEDULED,SCHEDULED,False
,MBTA|20260801|5136|NorthBase-825519-5136,MBTA,1785596820,NorthBase-825519-5136,5136,Newburyport/Rockport Line,Inbound,Newburyport,1785596820,1785596820,1785596820,1785596820,SCHEDULED,SCHEDULED,True
1785597330,MBTA|20260801|5136|NorthBase-825519-5136,MBTA,1785596820,NorthBase-825519-5136,5136,Newburyport/Rockport Line,Inbound,Rowley,1785597240,1785597311,1785597240,1785597311,SCHEDULED,SCHEDULED,False
1785597720,MBTA|20260801|5136|NorthBase-825519-5136,MBTA,1785596820,NorthBase-825519-5136,5136,Newburyport/Rockport Line,Inbound,Ipswich,1785597600,1785597701,1785597600,1785597701,SCHEDULED,SCHEDULED,False
1785598110,MBTA|20260801|5136|NorthBase-825519-5136,MBTA,1785596820,NorthBase-825519-5136,5136,Newburyport/Rockport Line,Inbound,Hamilton/Wenham,1785597960,1785598089,1785597960,1785598089,SCHEDULED,SCHEDULED,False
1785598410,MBTA|20260801|5136|NorthBase-825519-5136,MBTA,1785596820,NorthBase-825519-5136,5136,Newburyport/Rockport Line,Inbound,North Beverly,1785598200,1785598391,1785598200,1785598391,SCHEDULED,SCHEDULED,False
1785598800,MBTA|20260801|5136|NorthBase-825519-5136,MBTA,1785596820,NorthBase-825519-5136,5136,Newburyport/Rockport Line,Inbound,Beverly,1785598560,1785598781,1785598560,1785598781,SCHEDULED,SCHEDULED,False
1785599190,MBTA|20260801|5136|NorthBase-825519-5136,MBTA,1785596820,NorthBase-825519-5136,5136,Newburyport/Rockport Line,Inbound,Salem,1785598800,1785599141,1785598800,1785599141,SCHEDULED,SCHEDULED,False
1785599520,MBTA|20260801|5136|NorthBase-825519-5136,MBTA,1785596820,NorthBase-825519-5136,5136,Newburyport/Rockport Line,Inbound,Swampscott,1785599220,1785599501,1785599220,1785599501,SCHEDULED,SCHEDULED,False
1785599670,MBTA|20260801|5136|NorthBase-825519-5136,MBTA,1785596820,NorthBase-825519-5136,5136,Newburyport/Rockport Line,Inbound,Lynn Interim,1785599400,1785599656,1785599400,1785599656,SCHEDULED,SCHEDULED,False
1785600300,MBTA|20260801|5136|NorthBase-825519-5136,MBTA,1785596820,NorthBase-825519-5136,5136,Newburyport/Rockport Line,Inbound,Chelsea,1785600000,1785600342,1785600000,1785600342,SCHEDULED,SCHEDULED,False
1785600900,MBTA|20260801|5136|NorthBase-825519-5136,MBTA,1785596820,NorthBase-825519-5136,5136,Newburyport/Rockport Line,Inbound,North Station,1785600960,1785600907,1785600960,,SCHEDULED,SCHEDULED,False
,MBTA|20260801|5538|SouthBase-825443-5538,MBTA,1785597000,SouthBase-825443-5538,5538,Framingham/Worcester Line,Inbound,Worcester,1785597000,1785597000,1785597000,1785597000,SCHEDULED,SCHEDULED,True
1785597870,MBTA|20260801|5538|SouthBase-825443-5538,MBTA,1785597000,SouthBase-825443-5538,5538,Framingham/Worcester Line,Inbound,Grafton,1785597720,1785597819,1785597720,1785597819,SCHEDULED,SCHEDULED,False
1785598200,MBTA|20260801|5538|SouthBase-825443-5538,MBTA,1785597000,SouthBase-825443-5538,5538,Framingham/Worcester Line,Inbound,Westborough,1785598020,1785598181,1785598020,1785598181,SCHEDULED,SCHEDULED,False
1785598710,MBTA|20260801|5538|SouthBase-825443-5538,MBTA,1785597000,SouthBase-825443-5538,5538,Framingham/Worcester Line,Inbound,Southborough,1785598560,1785598690,1785598560,1785598690,SCHEDULED,SCHEDULED,False
1785598980,MBTA|20260801|5538|SouthBase-825443-5538,MBTA,1785597000,SouthBase-825443-5538,5538,Framingham/Worcester Line,Inbound,Ashland,1785598800,1785598960,1785598800,1785598960,SCHEDULED,SCHEDULED,False
1785599940,MBTA|20260801|5538|SouthBase-825443-5538,MBTA,1785597000,SouthBase-825443-5538,5538,Framingham/Worcester Line,Inbound,Framingham,1785599400,1785599921,1785599400,1785599921,SCHEDULED,SCHEDULED,False
1785600300,MBTA|20260801|5538|SouthBase-825443-5538,MBTA,1785597000,SouthBase-825443-5538,5538,Framingham/Worcester Line,Inbound,West Natick,1785599760,1785600295,1785599760,1785600295,SCHEDULED,SCHEDULED,False
1785600570,MBTA|20260801|5538|SouthBase-825443-5538,MBTA,1785597000,SouthBase-825443-5538,5538,Framingham/Worcester Line,Inbound,Natick Center,1785600060,1785600550,1785600060,1785600550,SCHEDULED,SCHEDULED,False
1785600780,MBTA|20260801|5538|SouthBase-825443-5538,MBTA,1785597000,SouthBase-825443-5538,5538,Framingham/Worcester Line,Inbound,Wellesley Square,1785600360,1785600759,1785600360,1785600809,SCHEDULED,SCHEDULED,False
1785601290,MBTA|20260801|5538|SouthBase-825443-5538,MBTA,1785597000,SouthBase-825443-5538,5538,Framingham/Worcester Line,Inbound,Wellesley Hills,1785600600,1785601204,1785600600,1785601204,SCHEDULED,SCHEDULED,False
1785601440,MBTA|20260801|5538|SouthBase-825443-5538,MBTA,1785597000,SouthBase-825443-5538,5538,Framingham/Worcester Line,Inbound,Wellesley Farms,1785600720,1785601420,1785600720,1785601420,SCHEDULED,SCHEDULED,False
1785601710,MBTA|20260801|5538|SouthBase-825443-5538,MBTA,1785597000,SouthBase-825443-5538,5538,Framingham/Worcester Line,Inbound,Auburndale,1785600960,1785601690,1785600960,1785601690,SCHEDULED,SCHEDULED,False
1785601860,MBTA|20260801|5538|SouthBase-825443-5538,MBTA,1785597000,SouthBase-825443-5538,5538,Framingham/Worcester Line,Inbound,West Newton,1785601140,1785601838,1785601140,1785601838,SCHEDULED,SCHEDULED,False
1785602070,MBTA|20260801|5538|SouthBase-825443-5538,MBTA,1785597000,SouthBase-825443-5538,5538,Framingham/Worcester Line,Inbound,Newtonville,1785601380,1785602050,1785601380,1785602050,SCHEDULED,SCHEDULED,False
1785602400,MBTA|20260801|5538|SouthBase-825443-5538,MBTA,1785597000,SouthBase-825443-5538,5538,Framingham/Worcester Line,Inbound,Boston Landing,1785601680,1785602381,1785601680,1785602381,SCHEDULED,SCHEDULED,False
1785602850,MBTA|20260801|5538|SouthBase-825443-5538,MBTA,1785597000,SouthBase-825443-5538,5538,Framingham/Worcester Line,Inbound,Lansdowne,1785601980,1785602826,1785601980,1785602826,SCHEDULED,SCHEDULED,False
1785603120,MBTA|20260801|5538|SouthBase-825443-5538,MBTA,1785597000,SouthBase-825443-5538,5538,Framingham/Worcester Line,Inbound,Back Bay,1785602460,1785602988,1785602460,1785602988,SCHEDULED,SCHEDULED,False
1785603630,MBTA|20260801|5538|SouthBase-825443-5538,MBTA,1785597000,SouthBase-825443-5538,5538,Framingham/Worcester Line,Inbound,South Station,1785602820,1785603528,1785602820,,SCHEDULED,SCHEDULED,False
1785597360,MBTA|20260801|5235|NorthBase-825536-5235,MBTA,1785597300,NorthBase-825536-5235,5235,Haverhill Line,Outbound,North Station,1785597300,,1785597300,1785597327,SCHEDULED,SCHEDULED,False
1785598110,MBTA|20260801|5235|NorthBase-825536-5235,MBTA,1785597300,NorthBase-825536-5235,5235,Haverhill Line,Outbound,Malden Center,1785597960,1785598070,1785597960,1785598070,SCHEDULED,SCHEDULED,False
1785598260,MBTA|20260801|5235|NorthBase-825536-5235,MBTA,1785597300,NorthBase-825536-5235,5235,Haverhill Line,Outbound,Oak Grove,1785598080,1785598164,1785598080,1785598214,SCHEDULED,SCHEDULED,False
1785598410,MBTA|20260801|5235|NorthBase-825536-5235,MBTA,1785597300,NorthBase-825536-5235,5235,Haverhill Line,Outbound,Wyoming Hill,1785598200,1785598418,1785598200,1785598418,SCHEDULED,SCHEDULED,False
1785598530,MBTA|20260801|5235|NorthBase-825536-5235,MBTA,1785597300,NorthBase-825536-5235,5235,Haverhill Line,Outbound,Melrose/Cedar Park,1785598320,1785598504,1785598320,1785598504,SCHEDULED,SCHEDULED,False
1785598710,MBTA|20260801|5235|NorthBase-825536-5235,MBTA,1785597300,NorthBase-825536-5235,5235,Haverhill Line,Outbound,Melrose Highlands,1785598500,1785598669,1785598500,1785598669,SCHEDULED,SCHEDULED,False
1785598860,MBTA|20260801|5235|NorthBase-825536-5235,MBTA,1785597300,NorthBase-825536-5235,5235,Haverhill Line,Outbound,Greenwood,1785598680,1785598817,1785598680,1785598817,SCHEDULED,SCHEDULED,False
1785599100,MBTA|20260801|5235|NorthBase-825536-5235,MBTA,1785597300,NorthBase-825536-5235,5235,Haverhill Line,Outbound,Wakefield,1785598920,1785599062,1785598920,1785599062,SCHEDULED,SCHEDULED,False
1785599400,MBTA|20260801|5235|NorthBase-825536-5235,MBTA,1785597300,NorthBase-825536-5235,5235,Haverhill Line,Outbound,Reading,1785599280,1785599372,1785599280,1785599372,SCHEDULED,SCHEDULED,False
1785599760,MBTA|20260801|5235|NorthBase-825536-5235,MBTA,1785597300,NorthBase-825536-5235,5235,Haverhill Line,Outbound,North Wilmington,1785599640,1785599715,1785599640,1785599715,SCHEDULED,SCHEDULED,False
1785600120,MBTA|20260801|5235|NorthBase-825536-5235,MBTA,1785597300,NorthBase-825536-5235,5235,Haverhill Line,Outbound,Ballardvale,1785600060,1785600085,1785600060,1785600085,SCHEDULED,SCHEDULED,False
1785600390,MBTA|20260801|5235|NorthBase-825536-5235,MBTA,1785597300,NorthBase-825536-5235,5235,Haverhill Line,Outbound,Andover,1785600360,1785600364,1785600360,1785600364,SCHEDULED,SCHEDULED,False
1785600810,MBTA|20260801|5235|NorthBase-825536-5235,MBTA,1785597300,NorthBase-825536-5235,5235,Haverhill Line,Outbound,Lawrence,1785600780,1785600780,1785600780,1785600780,SCHEDULED,SCHEDULED,False
1785601380,MBTA|20260801|5235|NorthBase-825536-5235,MBTA,1785597300,NorthBase-825536-5235,5235,Haverhill Line,Outbound,Bradford,1785601260,1785601275,1785601260,1785601275,SCHEDULED,SCHEDULED,False
1785601680,MBTA|20260801|5235|NorthBase-825536-5235,MBTA,1785597300,NorthBase-825536-5235,5235,Haverhill Line,Outbound,Haverhill,1785601680,1785601368,1785601680,,SCHEDULED,SCHEDULED,False
1785597750,MBTA|20260801|5635|SouthBase-830437-5635,MBTA,1785597300,SouthBase-830437-5635,5635,Needham Line,Outbound,South Station,1785597300,,1785597300,1785597726,SCHEDULED,SCHEDULED,False
1785598050,MBTA|20260801|5635|SouthBase-830437-5635,MBTA,1785597300,SouthBase-830437-5635,5635,Needham Line,Outbound,Back Bay,1785597600,1785598027,1785597600,1785598077,SCHEDULED,SCHEDULED,False
1785598200,MBTA|20260801|5635|SouthBase-830437-5635,MBTA,1785597300,SouthBase-830437-5635,5635,Needham Line,Outbound,Ruggles,1785597780,1785598178,1785597780,1785598178,SCHEDULED,SCHEDULED,False
1785598560,MBTA|20260801|5635|SouthBase-830437-5635,MBTA,1785597300,SouthBase-830437-5635,5635,Needham Line,Outbound,Forest Hills,1785598080,1785598512,1785598080,1785598512,SCHEDULED,SCHEDULED,False
1785598710,MBTA|20260801|5635|SouthBase-830437-5635,MBTA,1785597300,SouthBase-830437-5635,5635,Needham Line,Outbound,Roslindale Village,1785598260,1785598668,1785598260,1785598668,SCHEDULED,SCHEDULED,False
1785598830,MBTA|20260801|5635|SouthBase-830437-5635,MBTA,1785597300,SouthBase-830437-5635,5635,Needham Line,Outbound,Bellevue,1785598440,1785598792,1785598440,1785598792,SCHEDULED,SCHEDULED,False
1785598920,MBTA|20260801|5635|SouthBase-830437-5635,MBTA,1785597300,SouthBase-830437-5635,5635,Needham Line,Outbound,Highland,1785598560,1785598890,1785598560,1785598890,SCHEDULED,SCHEDULED,False
1785599010,MBTA|20260801|5635|SouthBase-830437-5635,MBTA,1785597300,SouthBase-830437-5635,5635,Needham Line,Outbound,West Roxbury,1785598680,1785598978,1785598680,1785598978,SCHEDULED,SCHEDULED,False
1785599250,MBTA|20260801|5635|SouthBase-830437-5635,MBTA,1785597300,SouthBase-830437-5635,5635,Needham Line,Outbound,Hersey,1785598980,1785599235,1785598980,1785599235,SCHEDULED,SCHEDULED,False
1785599460,MBTA|20260801|5635|SouthBase-830437-5635,MBTA,1785597300,SouthBase-830437-5635,5635,Needham Line,Outbound,Needham Junction,1785599160,1785599412,1785599160,1785599412,SCHEDULED,SCHEDULED,False
1785599670,MBTA|20260801|5635|SouthBase-830437-5635,MBTA,1785597300,SouthBase-830437-5635,5635,Needham Line,Outbound,Needham Center,1785599400,1785599621,1785599400,1785599621,SCHEDULED,SCHEDULED,False
1785599820,MBTA|20260801|5635|SouthBase-830437-5635,MBTA,1785597300,SouthBase-830437-5635,5635,Needham Line,Outbound,Needham Heights,1785599700,1785599826,1785599700,,SCHEDULED,SCHEDULED,False
1785597750,MBTA|20260801|6633|SouthBase-830386-6633,MBTA,1785597420,SouthBase-830386-6633,6633,Fairmount Line,Outbound,South Station,1785597420,,1785597420,1785597729,SCHEDULED,SCHEDULED,False
1785598200,MBTA|20260801|6633|SouthBase-830386-6633,MBTA,1785597420,SouthBase-830386-6633,6633,Fairmount Line,Outbound,Newmarket,1785597900,1785598174,1785597900,1785598174,SCHEDULED,SCHEDULED,False
1785598350,MBTA|20260801|6633|SouthBase-830386-6633,MBTA,1785597420,SouthBase-830386-6633,6633,Fairmount Line,Outbound,Uphams Corner,1785598020,1785598298,1785598020,1785598298,SCHEDULED,SCHEDULED,False
1785598530,MBTA|20260801|6633|SouthBase-830386-6633,MBTA,1785597420,SouthBase-830386-6633,6633,Fairmount Line,Outbound,Four Corners/Geneva,1785598200,1785598488,1785598200,1785598488,SCHEDULED,SCHEDULED,False
1785598710,MBTA|20260801|6633|SouthBase-830386-6633,MBTA,1785597420,SouthBase-830386-6633,6633,Fairmount Line,Outbound,Talbot Avenue,1785598380,1785598670,1785598380,1785598670,SCHEDULED,SCHEDULED,False
1785598830,MBTA|20260801|6633|SouthBase-830386-6633,MBTA,1785597420,SouthBase-830386-6633,6633,Fairmount Line,Outbound,Morton Street,1785598560,1785598804,1785598560,1785598804,SCHEDULED,SCHEDULED,False
1785598980,MBTA|20260801|6633|SouthBase-830386-6633,MBTA,1785597420,SouthBase-830386-6633,6633,Fairmount Line,Outbound,Blue Hill Avenue,1785598680,1785598949,1785598680,1785598949,SCHEDULED,SCHEDULED,False
1785599190,MBTA|20260801|6633|SouthBase-830386-6633,MBTA,1785597420,SouthBase-830386-6633,6633,Fairmount Line,Outbound,Fairmount,1785598860,1785599137,1785598860,1785599137,SCHEDULED,SCHEDULED,False
1785599310,MBTA|20260801|6633|SouthBase-830386-6633,MBTA,1785597420,SouthBase-830386-6633,6633,Fairmount Line,Outbound,Readville,1785599220,1785599331,1785599220,,SCHEDULED,SCHEDULED,False
1785598200,MBTA|20260801|6065|SouthBase-793233-6065,MBTA,1785597480,SouthBase-793233-6065,6065,Greenbush Line,Outbound,South Station,1785597480,,1785597480,1785598168,SCHEDULED,SCHEDULED,False
1785599010,MBTA|20260801|6065|SouthBase-793233-6065,MBTA,1785597480,SouthBase-793233-6065,6065,Greenbush Line,Outbound,Quincy Center,1785598380,1785598972,1785598380,1785598972,SCHEDULED,SCHEDULED,False
1785599550,MBTA|20260801|6065|SouthBase-793233-6065,MBTA,1785597480,SouthBase-793233-6065,6065,Greenbush Line,Outbound,Weymouth Landing/East Braintree,1785598920,1785599512,1785598920,1785599512,SCHEDULED,SCHEDULED,False
1785599850,MBTA|20260801|6065|SouthBase-793233-6065,MBTA,1785597480,SouthBase-793233-6065,6065,Greenbush Line,Outbound,East Weymouth,1785599220,1785599866,1785599220,1785599866,SCHEDULED,SCHEDULED,False
1785600030,MBTA|20260801|6065|SouthBase-793233-6065,MBTA,1785597480,SouthBase-793233-6065,6065,Greenbush Line,Outbound,West Hingham,1785599400,1785600005,1785599400,1785600005,SCHEDULED,SCHEDULED,False
1785600270,MBTA|20260801|6065|SouthBase-793233-6065,MBTA,1785597480,SouthBase-793233-6065,6065,Greenbush Line,Outbound,Nantasket Junction,1785599700,1785600264,1785599700,1785600264,SCHEDULED,SCHEDULED,False
1785600480,MBTA|20260801|6065|SouthBase-793233-6065,MBTA,1785597480,SouthBase-793233-6065,6065,Greenbush Line,Outbound,Cohasset,1785599880,1785600442,1785599880,1785600442,SCHEDULED,SCHEDULED,False
1785600900,MBTA|20260801|6065|SouthBase-793233-6065,MBTA,1785597480,SouthBase-793233-6065,6065,Greenbush Line,Outbound,North Scituate,1785600300,1785600881,1785600300,1785600881,SCHEDULED,SCHEDULED,False
1785601230,MBTA|20260801|6065|SouthBase-793233-6065,MBTA,1785597480,SouthBase-793233-6065,6065,Greenbush Line,Outbound,Greenbush,1785600900,1785601230,1785600900,,SCHEDULED,SCHEDULED,False
1785597840,MBTA|20260801|5336|NorthBase-825553-5336,MBTA,1785597720,NorthBase-825553-5336,5336,Lowell Line,Inbound,Lowell,1785597720,,1785597720,1785597821,SCHEDULED,SCHEDULED,False
1785598350,MBTA|20260801|5336|NorthBase-825553-5336,MBTA,1785597720,NorthBase-825553-5336,5336,Lowell Line,Inbound,North Billerica,1785598200,1785598311,1785598200,1785598311,SCHEDULED,SCHEDULED,False
1785598800,MBTA|20260801|5336|NorthBase-825553-5336,MBTA,1785597720,NorthBase-825553-5336,5336,Lowell Line,Inbound,Wilmington,1785598620,1785598776,1785598620,1785598826,SCHEDULED,SCHEDULED,False
1785599100,MBTA|20260801|5336|NorthBase-825553-5336,MBTA,1785597720,NorthBase-825553-5336,5336,Lowell Line,Inbound,Anderson/Woburn,1785598860,1785599055,1785598860,1785599055,SCHEDULED,SCHEDULED,False
1785599520,MBTA|20260801|5336|NorthBase-825553-5336,MBTA,1785597720,NorthBase-825553-5336,5336,Lowell Line,Inbound,Winchester Center,1785599220,1785599489,1785599220,1785599489,SCHEDULED,SCHEDULED,False
1785599610,MBTA|20260801|5336|NorthBase-825553-5336,MBTA,1785597720,NorthBase-825553-5336,5336,Lowell Line,Inbound,Wedgemere,1785599340,1785599586,1785599340,1785599586,SCHEDULED,SCHEDULED,False
1785599790,MBTA|20260801|5336|NorthBase-825553-5336,MBTA,1785597720,NorthBase-825553-5336,5336,Lowell Line,Inbound,West Medford,1785599580,1785599762,1785599580,1785599812,SCHEDULED,SCHEDULED,False
1785600510,MBTA|20260801|5336|NorthBase-825553-5336,MBTA,1785597720,NorthBase-825553-5336,5336,Lowell Line,Inbound,North Station,1785600420,1785600540,1785600420,,SCHEDULED,SCHEDULED,False
,MBTA|20260801|5137|NorthBase-825520-5137,MBTA,1785598200,NorthBase-825520-5137,5137,Newburyport/Rockport Line,Outbound,North Station,1785598200,1785598200,1785598200,1785598200,SCHEDULED,SCHEDULED,True
1785599010,MBTA|20260801|5137|NorthBase-825520-5137,MBTA,1785598200,NorthBase-825520-5137,5137,Newburyport/Rockport Line,Outbound,Chelsea,1785598860,1785598990,1785598860,1785598990,SCHEDULED,SCHEDULED,False
1785599760,MBTA|20260801|5137|NorthBase-825520-5137,MBTA,1785598200,NorthBase-825520-5137,5137,Newburyport/Rockport Line,Outbound,Lynn Interim,1785599520,1785599741,1785599520,1785599741,SCHEDULED,SCHEDULED,False
1785599970,MBTA|20260801|5137|NorthBase-825520-5137,MBTA,1785598200,NorthBase-825520-5137,5137,Newburyport/Rockport Line,Outbound,Swampscott,1785599700,1785599951,1785599700,1785599951,SCHEDULED,SCHEDULED,False
1785600420,MBTA|20260801|5137|NorthBase-825520-5137,MBTA,1785598200,NorthBase-825520-5137,5137,Newburyport/Rockport Line,Outbound,Salem,1785600120,1785600399,1785600120,1785600399,SCHEDULED,SCHEDULED,False
1785600690,MBTA|20260801|5137|NorthBase-825520-5137,MBTA,1785598200,NorthBase-825520-5137,5137,Newburyport/Rockport Line,Outbound,Beverly,1785600360,1785600670,1785600360,1785600670,SCHEDULED,SCHEDULED,False
1785601020,MBTA|20260801|5137|NorthBase-825520-5137,MBTA,1785598200,NorthBase-825520-5137,5137,Newburyport/Rockport Line,Outbound,North Beverly,1785600660,1785601000,1785600660,1785601000,SCHEDULED,SCHEDULED,False
1785601290,MBTA|20260801|5137|NorthBase-825520-5137,MBTA,1785598200,NorthBase-825520-5137,5137,Newburyport/Rockport Line,Outbound,Hamilton/Wenham,1785600900,1785601226,1785600900,1785601226,SCHEDULED,SCHEDULED,False
1785601710,MBTA|20260801|5137|NorthBase-825520-5137,MBTA,1785598200,NorthBase-825520-5137,5137,Newburyport/Rockport Line,Outbound,Ipswich,1785601260,1785601691,1785601260,1785601691,SCHEDULED,SCHEDULED,False
1785602100,MBTA|20260801|5137|NorthBase-825520-5137,MBTA,1785598200,NorthBase-825520-5137,5137,Newburyport/Rockport Line,Outbound,Rowley,1785601560,1785602066,1785601560,1785602066,SCHEDULED,SCHEDULED,False
1785602370,MBTA|20260801|5137|NorthBase-825520-5137,MBTA,1785598200,NorthBase-825520-5137,5137,Newburyport/Rockport Line,Outbound,Newburyport,1785602340,1785602470,1785602340,,SCHEDULED,SCHEDULED,False
,MBTA|20260801|5838|SouthBase-793093-5838,MBTA,1785599100,SouthBase-793093-5838,5838,Providence/Stoughton Line,Inbound,Providence,1785599100,1785599100,1785599100,1785599100,SCHEDULED,SCHEDULED,True
1785599550,MBTA|20260801|5838|SouthBase-793093-5838,MBTA,1785599100,SouthBase-793093-5838,5838,Providence/Stoughton Line,Inbound,Pawtucket/Central Falls,1785599460,1785599560,1785599460,1785599560,SCHEDULED,SCHEDULED,False
1785600330,MBTA|20260801|5838|SouthBase-793093-5838,MBTA,1785599100,SouthBase-793093-5838,5838,Providence/Stoughton Line,Inbound,Attleboro,1785600180,1785600313,1785600180,1785600363,SCHEDULED,SCHEDULED,False
1785600990,MBTA|20260801|5838|SouthBase-793093-5838,MBTA,1785599100,SouthBase-793093-5838,5838,Providence/Stoughton Line,Inbound,Mansfield,1785600780,1785600970,1785600780,1785600970,SCHEDULED,SCHEDULED,False
1785601470,MBTA|20260801|5838|SouthBase-793093-5838,MBTA,1785599100,SouthBase-793093-5838,5838,Providence/Stoughton Line,Inbound,Sharon,1785601320,1785601444,1785601320,1785601444,SCHEDULED,SCHEDULED,False
1785601710,MBTA|20260801|5838|SouthBase-793093-5838,MBTA,1785599100,SouthBase-793093-5838,5838,Providence/Stoughton Line,Inbound,Canton Junction,1785601620,1785601723,1785601620,1785601723,SCHEDULED,SCHEDULED,False
1785602160,MBTA|20260801|5838|SouthBase-793093-5838,MBTA,1785599100,SouthBase-793093-5838,5838,Providence/Stoughton Line,Inbound,Route 128,1785601980,1785602139,1785601980,1785602139,SCHEDULED,SCHEDULED,False
1785602430,MBTA|20260801|5838|SouthBase-793093-5838,MBTA,1785599100,SouthBase-793093-5838,5838,Providence/Stoughton Line,Inbound,Readville,1785602220,1785602410,1785602220,1785602410,SCHEDULED,SCHEDULED,False
1785602640,MBTA|20260801|5838|SouthBase-793093-5838,MBTA,1785599100,SouthBase-793093-5838,5838,Providence/Stoughton Line,Inbound,Hyde Park,1785602400,1785602620,1785602400,1785602620,SCHEDULED,SCHEDULED,False
1785603060,MBTA|20260801|5838|SouthBase-793093-5838,MBTA,1785599100,SouthBase-793093-5838,5838,Providence/Stoughton Line,Inbound,Ruggles,1785603060,1785602974,1785603060,1785602974,SCHEDULED,SCHEDULED,False
1785603300,MBTA|20260801|5838|SouthBase-793093-5838,MBTA,1785599100,SouthBase-793093-5838,5838,Providence/Stoughton Line,Inbound,Back Bay,1785603300,1785603213,1785603300,1785603213,SCHEDULED,SCHEDULED,False
1785603900,MBTA|20260801|5838|SouthBase-793093-5838,MBTA,1785599100,SouthBase-793093-5838,5838,Providence/Stoughton Line,Inbound,South Station,1785603600,1785603774,1785603600,,SCHEDULED,SCHEDULED,False
1785599340,MBTA|20260801|5738|SouthBase-830457-5738,MBTA,1785599220,SouthBase-830457-5738,5738,Franklin/Foxboro Line,Inbound,Forge Park/495,1785599220,,1785599220,1785599315,SCHEDULED,SCHEDULED,False
1785599760,MBTA|20260801|5738|SouthBase-830457-5738,MBTA,1785599220,SouthBase-830457-5738,5738,Franklin/Foxboro Line,Inbound,Franklin,1785599640,1785599734,1785599640,1785599734,SCHEDULED,SCHEDULED,False
1785600300,MBTA|20260801|5738|SouthBase-830457-5738,MBTA,1785599220,SouthBase-830457-5738,5738,Franklin/Foxboro Line,Inbound,Norfolk,1785600060,1785600280,1785600060,1785600330,SCHEDULED,SCHEDULED,False
1785600630,MBTA|20260801|5738|SouthBase-830457-5738,MBTA,1785599220,SouthBase-830457-5738,5738,Franklin/Foxboro Line,Inbound,Walpole,1785600480,1785600594,1785600480,1785600594,SCHEDULED,SCHEDULED,False
1785600900,MBTA|20260801|5738|SouthBase-830457-5738,MBTA,1785599220,SouthBase-830457-5738,5738,Franklin/Foxboro Line,Inbound,Windsor Gardens,1785600660,1785600864,1785600660,1785600864,SCHEDULED,SCHEDULED,False
1785601140,MBTA|20260801|5738|SouthBase-830457-5738,MBTA,1785599220,SouthBase-830457-5738,5738,Franklin/Foxboro Line,Inbound,Norwood Central,1785600900,1785601112,1785600900,1785601112,SCHEDULED,SCHEDULED,False
1785601320,MBTA|20260801|5738|SouthBase-830457-5738,MBTA,1785599220,SouthBase-830457-5738,5738,Franklin/Foxboro Line,Inbound,Norwood Depot,1785601020,1785601267,1785601020,1785601267,SCHEDULED,SCHEDULED,False
1785601500,MBTA|20260801|5738|SouthBase-830457-5738,MBTA,1785599220,SouthBase-830457-5738,5738,Franklin/Foxboro Line,Inbound,Islington,1785601200,1785601453,1785601200,1785601453,SCHEDULED,SCHEDULED,False
1785601650,MBTA|20260801|5738|SouthBase-830457-5738,MBTA,1785599220,SouthBase-830457-5738,5738,Franklin/Foxboro Line,Inbound,Dedham Corporate Center,1785601320,1785601608,1785601320,1785601608,SCHEDULED,SCHEDULED,False
1785601830,MBTA|20260801|5738|SouthBase-830457-5738,MBTA,1785599220,SouthBase-830457-5738,5738,Franklin/Foxboro Line,Inbound,Endicott,1785601500,1785601794,1785601500,1785601794,SCHEDULED,SCHEDULED,False
1785602040,MBTA|20260801|5738|SouthBase-830457-5738,MBTA,1785599220,SouthBase-830457-5738,5738,Franklin/Foxboro Line,Inbound,Readville,1785601800,1785602011,1785601800,1785602011,SCHEDULED,SCHEDULED,False
1785602220,MBTA|20260801|5738|SouthBase-830457-5738,MBTA,1785599220,SouthBase-830457-5738,5738,Franklin/Foxboro Line,Inbound,Fairmount,1785601980,1785602203,1785601980,1785602203,SCHEDULED,SCHEDULED,False
1785602430,MBTA|20260801|5738|SouthBase-830457-5738,MBTA,1785599220,SouthBase-830457-5738,5738,Franklin/Foxboro Line,Inbound,Blue Hill Avenue,1785602160,1785602406,1785602160,1785602406,SCHEDULED,SCHEDULED,False
1785602610,MBTA|20260801|5738|SouthBase-830457-5738,MBTA,1785599220,SouthBase-830457-5738,5738,Franklin/Foxboro Line,Inbound,Morton Street,1785602280,1785602569,1785602280,1785602569,SCHEDULED,SCHEDULED,False
1785602670,MBTA|20260801|5738|SouthBase-830457-5738,MBTA,1785599220,SouthBase-830457-5738,5738,Franklin/Foxboro Line,Inbound,Talbot Avenue,1785602460,1785602661,1785602460,1785602711,SCHEDULED,SCHEDULED,False
1785602940,MBTA|20260801|5738|SouthBase-830457-5738,MBTA,1785599220,SouthBase-830457-5738,5738,Franklin/Foxboro Line,Inbound,Four Corners/Geneva,1785602640,1785602910,1785602640,1785602910,SCHEDULED,SCHEDULED,False
1785603090,MBTA|20260801|5738|SouthBase-830457-5738,MBTA,1785599220,SouthBase-830457-5738,5738,Franklin/Foxboro Line,Inbound,Uphams Corner,1785602820,1785603070,1785602820,1785603070,SCHEDULED,SCHEDULED,False
1785603150,MBTA|20260801|5738|SouthBase-830457-5738,MBTA,1785599220,SouthBase-830457-5738,5738,Franklin/Foxboro Line,Inbound,Newmarket,1785602940,1785603141,1785602940,1785603191,SCHEDULED,SCHEDULED,False
1785603660,MBTA|20260801|5738|SouthBase-830457-5738,MBTA,1785599220,SouthBase-830457-5738,5738,Franklin/Foxboro Line,Inbound,South Station,1785603600,1785603593,1785603600,,SCHEDULED,SCHEDULED,False
1785599310,MBTA|20260801|6637|SouthBase-830381-6637,MBTA,1785599220,SouthBase-830381-6637,6637,Fairmount Line,Outbound,South Station,1785599220,,1785599220,1785599296,SCHEDULED,SCHEDULED,False
1785599760,MBTA|20260801|6637|SouthBase-830381-6637,MBTA,1785599220,SouthBase-830381-6637,6637,Fairmount Line,Outbound,Newmarket,1785599700,1785599709,1785599700,1785599709,SCHEDULED,SCHEDULED,False
1785599880,MBTA|20260801|6637|SouthBase-830381-6637,MBTA,1785599220,SouthBase-830381-6637,6637,Fairmount Line,Outbound,Uphams Corner,1785599820,1785599843,1785599820,1785599843,SCHEDULED,SCHEDULED,False
1785600060,MBTA|20260801|6637|SouthBase-830381-6637,MBTA,1785599220,SouthBase-830381-6637,6637,Fairmount Line,Outbound,Four Corners/Geneva,1785600000,1785600022,1785600000,1785600022,SCHEDULED,SCHEDULED,False
1785600240,MBTA|20260801|6637|SouthBase-830381-6637,MBTA,1785599220,SouthBase-830381-6637,6637,Fairmount Line,Outbound,Talbot Avenue,1785600180,1785600205,1785600180,1785600205,SCHEDULED,SCHEDULED,False
1785600390,MBTA|20260801|6637|SouthBase-830381-6637,MBTA,1785599220,SouthBase-830381-6637,6637,Fairmount Line,Outbound,Morton Street,1785600360,1785600360,1785600360,1785600360,SCHEDULED,SCHEDULED,False
1785600570,MBTA|20260801|6637|SouthBase-830381-6637,MBTA,1785599220,SouthBase-830381-6637,6637,Fairmount Line,Outbound,Blue Hill Avenue,1785600480,1785600453,1785600480,1785600503,SCHEDULED,SCHEDULED,False
1785600810,MBTA|20260801|6637|SouthBase-830381-6637,MBTA,1785599220,SouthBase-830381-6637,6637,Fairmount Line,Outbound,Fairmount,1785600780,1785600712,1785600780,,SCHEDULED,SCHEDULED,False
1785599640,MBTA|20260801|6926|SouthBase-793163-6926,MBTA,1785599580,SouthBase-793163-6926,6926,Fall River/New Bedford Line,Inbound,Fall River Depot,1785599580,,1785599580,1785599625,SCHEDULED,SCHEDULED,False
1785600150,MBTA|20260801|6926|SouthBase-793163-6926,MBTA,1785599580,SouthBase-793163-6926,6926,Fall River/New Bedford Line,Inbound,Freetown,1785600000,1785600111,1785600000,1785600111,SCHEDULED,SCHEDULED,False
1785600930,MBTA|20260801|6926|SouthBase-793163-6926,MBTA,1785599580,SouthBase-793163-6926,6926,Fall River/New Bedford Line,Inbound,East Taunton,1785600780,1785600908,1785600780,1785600908,SCHEDULED,SCHEDULED,False
1785601620,MBTA|20260801|6926|SouthBase-793163-6926,MBTA,1785599580,SouthBase-793163-6926,6926,Fall River/New Bedford Line,Inbound,Middleborough,1785601440,1785601590,1785601440,1785601590,SCHEDULED,SCHEDULED,False
1785602250,MBTA|20260801|6926|SouthBase-793163-6926,MBTA,1785599580,SouthBase-793163-6926,6926,Fall River/New Bedford Line,Inbound,Bridgewater,1785602040,1785602210,1785602040,1785602210,SCHEDULED,SCHEDULED,False
1785602730,MBTA|20260801|6926|SouthBase-793163-6926,MBTA,1785599580,SouthBase-793163-6926,6926,Fall River/New Bedford Line,Inbound,Campello,1785602520,1785602706,1785602520,1785602706,SCHEDULED,SCHEDULED,False
1785602880,MBTA|20260801|6926|SouthBase-793163-6926,MBTA,1785599580,SouthBase-793163-6926,6926,Fall River/New Bedford Line,Inbound,Brockton,1785602760,1785602848,1785602760,1785602898,SCHEDULED,SCHEDULED,False
1785603240,MBTA|20260801|6926|SouthBase-793163-6926,MBTA,1785599580,SouthBase-793163-6926,6926,Fall River/New Bedford Line,Inbound,Montello,1785602940,1785603202,1785602940,1785603202,SCHEDULED,SCHEDULED,False
1785603450,MBTA|20260801|6926|SouthBase-793163-6926,MBTA,1785599580,SouthBase-793163-6926,6926,Fall River/New Bedford Line,Inbound,Holbrook/Randolph,1785603240,1785603427,1785603240,1785603477,SCHEDULED,SCHEDULED,False
1785603840,MBTA|20260801|6926|SouthBase-793163-6926,MBTA,1785599580,SouthBase-793163-6926,6926,Fall River/New Bedford Line,Inbound,Braintree,1785603720,1785603806,1785603720,1785603806,SCHEDULED,SCHEDULED,False
1785604290,MBTA|20260801|6926|SouthBase-793163-6926,MBTA,1785599580,SouthBase-793163-6926,6926,Fall River/New Bedford Line,Inbound,Quincy Center,1785604080,1785604165,1785604080,1785604165,SCHEDULED,SCHEDULED,False
1785605400,MBTA|20260801|6926|SouthBase-793163-6926,MBTA,1785599580,SouthBase-793163-6926,6926,Fall River/New Bedford Line,Inbound,South Station,1785605400,1785605201,1785605400,,SCHEDULED,SCHEDULED,False
,MBTA|20260801|5040|NorthBase-825502-5040,MBTA,1785600000,NorthBase-825502-5040,5040,Newburyport/Rockport Line,Inbound,Rockport,1785600000,1785600000,1785600000,1785600000,SCHEDULED,SCHEDULED,True
1785601050,MBTA|20260801|5040|NorthBase-825502-5040,MBTA,1785600000,NorthBase-825502-5040,5040,Newburyport/Rockport Line,Inbound,Gloucester,1785600480,1785601024,1785600480,1785601024,SCHEDULED,SCHEDULED,False
1785601320,MBTA|20260801|5040|NorthBase-825502-5040,MBTA,1785600000,NorthBase-825502-5040,5040,Newburyport/Rockport Line,Inbound,West Gloucester,1785600780,1785601284,1785600780,1785601284,SCHEDULED,SCHEDULED,False
1785601740,MBTA|20260801|5040|NorthBase-825502-5040,MBTA,1785600000,NorthBase-825502-5040,5040,Newburyport/Rockport Line,Inbound,Manchester,1785601140,1785601706,1785601140,1785601706,SCHEDULED,SCHEDULED,False
1785602010,MBTA|20260801|5040|NorthBase-825502-5040,MBTA,1785600000,NorthBase-825502-5040,5040,Newburyport/Rockport Line,Inbound,Beverly Farms,1785601440,1785601985,1785601440,1785601985,SCHEDULED,SCHEDULED,False
1785602400,MBTA|20260801|5040|NorthBase-825502-5040,MBTA,1785600000,NorthBase-825502-5040,5040,Newburyport/Rockport Line,Inbound,Montserrat,1785601800,1785602357,1785601800,1785602357,SCHEDULED,SCHEDULED,False
1785602670,MBTA|20260801|5040|NorthBase-825502-5040,MBTA,1785600000,NorthBase-825502-5040,5040,Newburyport/Rockport Line,Inbound,Beverly,1785602160,1785602636,1785602160,1785602636,SCHEDULED,SCHEDULED,False
1785603240,MBTA|20260801|5040|NorthBase-825502-5040,MBTA,1785600000,NorthBase-825502-5040,5040,Newburyport/Rockport Line,Inbound,Salem,1785602400,1785603132,1785602400,1785603132,SCHEDULED,SCHEDULED,False
1785603390,MBTA|20260801|5040|NorthBase-825502-5040,MBTA,1785600000,NorthBase-825502-5040,5040,Newburyport/Rockport Line,Inbound,Swampscott,1785602820,1785603349,1785602820,1785603349,SCHEDULED,SCHEDULED,False
1785603570,MBTA|20260801|5040|NorthBase-825502-5040,MBTA,1785600000,NorthBase-825502-5040,5040,Newburyport/Rockport Line,Inbound,Lynn Interim,1785603000,1785603535,1785603000,1785603535,SCHEDULED,SCHEDULED,False
1785604170,MBTA|20260801|5040|NorthBase-825502-5040,MBTA,1785600000,NorthBase-825502-5040,5040,Newburyport/Rockport Line,Inbound,Chelsea,1785603600,1785604129,1785603600,1785604179,SCHEDULED,SCHEDULED,False
1785604860,MBTA|20260801|5040|NorthBase-825502-5040,MBTA,1785600000,NorthBase-825502-5040,5040,Newburyport/Rockport Line,Inbound,North Station,1785604560,1785604876,1785604560,,SCHEDULED,SCHEDULED,False
1785600060,MBTA|20260801|6644|SouthBase-830435-6644,MBTA,1785600000,SouthBase-830435-6644,6644,Fairmount Line,Inbound,Readville,1785600000,,1785600000,1785600036,SCHEDULED,SCHEDULED,False
1785600270,MBTA|20260801|6644|SouthBase-830435-6644,MBTA,1785600000,SouthBase-830435-6644,6644,Fairmount Line,Inbound,Fairmount,1785600180,1785600246,1785600180,1785600246,SCHEDULED,SCHEDULED,False
1785600480,MBTA|20260801|6644|SouthBase-830435-6644,MBTA,1785600000,SouthBase-830435-6644,6644,Fairmount Line,Inbound,Blue Hill Avenue,1785600360,1785600455,1785600360,1785600455,SCHEDULED,SCHEDULED,False
1785600660,MBTA|20260801|6644|SouthBase-830435-6644,MBTA,1785600000,SouthBase-830435-6644,6644,Fairmount Line,Inbound,Morton Street,1785600480,1785600623,1785600480,1785600623,SCHEDULED,SCHEDULED,False
1785600750,MBTA|20260801|6644|SouthBase-830435-6644,MBTA,1785600000,SouthBase-830435-6644,6644,Fairmount Line,Inbound,Talbot Avenue,1785600660,1785600763,1785600660,1785600763,SCHEDULED,SCHEDULED,False
1785601050,MBTA|20260801|6644|SouthBase-830435-6644,MBTA,1785600000,SouthBase-830435-6644,6644,Fairmount Line,Inbound,Four Corners/Geneva,1785600840,1785600995,1785600840,1785600995,SCHEDULED,SCHEDULED,False
1785601290,MBTA|20260801|6644|SouthBase-830435-6644,MBTA,1785600000,SouthBase-830435-6644,6644,Fairmount Line,Inbound,Uphams Corner,1785601020,1785601212,1785601020,1785601212,SCHEDULED,SCHEDULED,False
1785601380,MBTA|20260801|6644|SouthBase-830435-6644,MBTA,1785600000,SouthBase-830435-6644,6644,Fairmount Line,Inbound,Newmarket,1785601140,1785601315,1785601140,1785601315,SCHEDULED,SCHEDULED,False
1785601830,MBTA|20260801|6644|SouthBase-830435-6644,MBTA,1785600000,SouthBase-830435-6644,6644,Fairmount Line,Inbound,South Station,1785601800,1785601856,1785601800,,SCHEDULED,SCHEDULED,False
1785600360,MBTA|20260801|6026|SouthBase-793114-6026,MBTA,1785600300,SouthBase-793114-6026,6026,Kingston Line,Inbound,Kingston,1785600300,,1785600300,1785600319,SCHEDULED,SCHEDULED,False
1785600930,MBTA|20260801|6026|SouthBase-793114-6026,MBTA,1785600300,SouthBase-793114-6026,6026,Kingston Line,Inbound,Halifax,1785600840,1785600907,1785600840,1785600907,SCHEDULED,SCHEDULED,False
1785601200,MBTA|20260801|6026|SouthBase-793114-6026,MBTA,1785600300,SouthBase-793114-6026,6026,Kingston Line,Inbound,Hanson,1785601140,1785601171,1785601140,1785601221,SCHEDULED,SCHEDULED,False
1785601590,MBTA|20260801|6026|SouthBase-793114-6026,MBTA,1785600300,SouthBase-793114-6026,6026,Kingston Line,Inbound,Whitman,1785601440,1785601558,1785601440,1785601558,SCHEDULED,SCHEDULED,False
1785601800,MBTA|20260801|6026|SouthBase-793114-6026,MBTA,1785600300,SouthBase-793114-6026,6026,Kingston Line,Inbound,Abington,1785601620,1785601775,1785601620,1785601775,SCHEDULED,SCHEDULED,False
1785602130,MBTA|20260801|6026|SouthBase-793114-6026,MBTA,1785600300,SouthBase-793114-6026,6026,Kingston Line,Inbound,South Weymouth,1785601920,1785602085,1785601920,1785602085,SCHEDULED,SCHEDULED,False
1785602490,MBTA|20260801|6026|SouthBase-793114-6026,MBTA,1785600300,SouthBase-793114-6026,6026,Kingston Line,Inbound,Braintree,1785602400,1785602471,1785602400,1785602471,SCHEDULED,SCHEDULED,False
1785602910,MBTA|20260801|6026|SouthBase-793114-6026,MBTA,1785600300,SouthBase-793114-6026,6026,Kingston Line,Inbound,Quincy Center,1785602760,1785602801,1785602760,1785602801,SCHEDULED,SCHEDULED,False
1785604050,MBTA|20260801|6026|SouthBase-793114-6026,MBTA,1785600300,SouthBase-793114-6026,6026,Kingston Line,Inbound,South Station,1785603900,1785604059,1785603900,,SCHEDULED,SCHEDULED,False
1785600420,MBTA|20260801|6917|SouthBase-793160-6917,MBTA,1785600300,SouthBase-793160-6917,6917,Fall River/New Bedford Line,Outbound,South Station,1785600300,,1785600300,1785600406,SCHEDULED,SCHEDULED,False
1785601380,MBTA|20260801|6917|SouthBase-793160-6917,MBTA,1785600300,SouthBase-793160-6917,6917,Fall River/New Bedford Line,Outbound,Quincy Center,1785601200,1785601347,1785601200,1785601347,SCHEDULED,SCHEDULED,False
1785601710,MBTA|20260801|6917|SouthBase-793160-6917,MBTA,1785600300,SouthBase-793160-6917,6917,Fall River/New Bedford Line,Outbound,Braintree,1785601560,1785601665,1785601560,1785601665,SCHEDULED,SCHEDULED,False
1785602250,MBTA|20260801|6917|SouthBase-793160-6917,MBTA,1785600300,SouthBase-793160-6917,6917,Fall River/New Bedford Line,Outbound,Holbrook/Randolph,1785602100,1785602262,1785602100,1785602262,SCHEDULED,SCHEDULED,False
1785602610,MBTA|20260801|6917|SouthBase-793160-6917,MBTA,1785600300,SouthBase-793160-6917,6917,Fall River/New Bedford Line,Outbound,Montello,1785602460,1785602556,1785602460,1785602556,SCHEDULED,SCHEDULED,False
1785602850,MBTA|20260801|6917|SouthBase-793160-6917,MBTA,1785600300,SouthBase-793160-6917,6917,Fall River/New Bedford Line,Outbound,Brockton,1785602700,1785602838,1785602700,1785602838,SCHEDULED,SCHEDULED,False
1785603030,MBTA|20260801|6917|SouthBase-793160-6917,MBTA,1785600300,SouthBase-793160-6917,6917,Fall River/New Bedford Line,Outbound,Campello,1785602940,1785603015,1785602940,1785603015,SCHEDULED,SCHEDULED,False
1785603510,MBTA|20260801|6917|SouthBase-793160-6917,MBTA,1785600300,SouthBase-793160-6917,6917,Fall River/New Bedford Line,Outbound,Bridgewater,1785603420,1785603486,1785603420,1785603486,SCHEDULED,SCHEDULED,False
1785604290,MBTA|20260801|6917|SouthBase-793160-6917,MBTA,1785600300,SouthBase-793160-6917,6917,Fall River/New Bedford Line,Outbound,Middleborough,1785604140,1785604261,1785604140,1785604261,SCHEDULED,SCHEDULED,False
1785604950,MBTA|20260801|6917|SouthBase-793160-6917,MBTA,1785600300,SouthBase-793160-6917,6917,Fall River/New Bedford Line,Outbound,East Taunton,1785604800,1785604912,1785604800,1785604912,SCHEDULED,SCHEDULED,False
1785605580,MBTA|20260801|6917|SouthBase-793160-6917,MBTA,1785600300,SouthBase-793160-6917,6917,Fall River/New Bedford Line,Outbound,Freetown,1785605460,1785605532,1785605460,1785605532,SCHEDULED,SCHEDULED,False
1785606300,MBTA|20260801|6917|SouthBase-793160-6917,MBTA,1785600300,SouthBase-793160-6917,6917,Fall River/New Bedford Line,Outbound,Fall River Depot,1785606300,1785606099,1785606300,,SCHEDULED,SCHEDULED,False
1785600750,MBTA|20260801|5638|SouthBase-830445-5638,MBTA,1785600600,SouthBase-830445-5638,5638,Needham Line,Inbound,Needham Heights,1785600600,,1785600600,1785600721,SCHEDULED,SCHEDULED,False
1785600960,MBTA|20260801|5638|SouthBase-830445-5638,MBTA,1785600600,SouthBase-830445-5638,5638,Needham Line,Inbound,Needham Center,1785600840,1785600931,1785600840,1785600931,SCHEDULED,SCHEDULED,False
1785601170,MBTA|20260801|5638|SouthBase-830445-5638,MBTA,1785600600,SouthBase-830445-5638,5638,Needham Line,Inbound,Needham Junction,1785601080,1785601148,1785601080,1785601148,SCHEDULED,SCHEDULED,False
1785601350,MBTA|20260801|5638|SouthBase-830445-5638,MBTA,1785600600,SouthBase-830445-5638,5638,Needham Line,Inbound,Hersey,1785601260,1785601303,1785601260,1785601303,SCHEDULED,SCHEDULED,False
1785601740,MBTA|20260801|5638|SouthBase-830445-5638,MBTA,1785600600,SouthBase-830445-5638,5638,Needham Line,Inbound,West Roxbury,1785601560,1785601705,1785601560,1785601705,SCHEDULED,SCHEDULED,False
1785601830,MBTA|20260801|5638|SouthBase-830445-5638,MBTA,1785600600,SouthBase-830445-5638,5638,Needham Line,Inbound,Highland,1785601680,1785601806,1785601680,1785601806,SCHEDULED,SCHEDULED,False
1785601950,MBTA|20260801|5638|SouthBase-830445-5638,MBTA,1785600600,SouthBase-830445-5638,5638,Needham Line,Inbound,Bellevue,1785601800,1785601923,1785601800,1785601923,SCHEDULED,SCHEDULED,False
1785602100,MBTA|20260801|5638|SouthBase-830445-5638,MBTA,1785600600,SouthBase-830445-5638,5638,Needham Line,Inbound,Roslindale Village,1785601980,1785602062,1785601980,1785602062,SCHEDULED,SCHEDULED,False
1785602250,MBTA|20260801|5638|SouthBase-830445-5638,MBTA,1785600600,SouthBase-830445-5638,5638,Needham Line,Inbound,Forest Hills,1785602160,1785602204,1785602160,1785602254,SCHEDULED,SCHEDULED,False
1785602490,MBTA|20260801|5638|SouthBase-830445-5638,MBTA,1785600600,SouthBase-830445-5638,5638,Needham Line,Inbound,Ruggles,1785602460,1785602462,1785602460,1785602462,SCHEDULED,SCHEDULED,False
1785602700,MBTA|20260801|5638|SouthBase-830445-5638,MBTA,1785600600,SouthBase-830445-5638,5638,Needham Line,Inbound,Back Bay,1785602700,1785602672,1785602700,1785602672,SCHEDULED,SCHEDULED,False
1785603030,MBTA|20260801|5638|SouthBase-830445-5638,MBTA,1785600600,SouthBase-830445-5638,5638,Needham Line,Inbound,South Station,1785603000,1785603082,1785603000,,SCHEDULED,SCHEDULED,False
1785600990,MBTA|20260801|5417|NorthBase-825569-5417,MBTA,1785600900,NorthBase-825569-5417,5417,Fitchburg Line,Outbound,North Station,1785600900,,1785600900,1785600977,SCHEDULED,SCHEDULED,False
1785601590,MBTA|20260801|5417|NorthBase-825569-5417,MBTA,1785600900,NorthBase-825569-5417,5417,Fitchburg Line,Outbound,Porter,1785601500,1785601550,1785601500,1785601550,SCHEDULED,SCHEDULED,False
1785601890,MBTA|20260801|5417|NorthBase-825569-5417,MBTA,1785600900,NorthBase-825569-5417,5417,Fitchburg Line,Outbound,Belmont,1785601800,1785601860,1785601800,1785601860,SCHEDULED,SCHEDULED,False
1785602010,MBTA|20260801|5417|NorthBase-825569-5417,MBTA,1785600900,NorthBase-825569-5417,5417,Fitchburg Line,Outbound,Waverley,1785601920,1785601996,1785601920,1785601996,SCHEDULED,SCHEDULED,False
1785602370,MBTA|20260801|5417|NorthBase-825569-5417,MBTA,1785600900,NorthBase-825569-5417,5417,Fitchburg Line,Outbound,Waltham,1785602220,1785602325,1785602220,1785602325,SCHEDULED,SCHEDULED,False
1785602550,MBTA|20260801|5417|NorthBase-825569-5417,MBTA,1785600900,NorthBase-825569-5417,5417,Fitchburg Line,Outbound,Brandeis/Roberts,1785602400,1785602519,1785602400,1785602519,SCHEDULED,SCHEDULED,False
1785602760,MBTA|20260801|5417|NorthBase-825569-5417,MBTA,1785600900,NorthBase-825569-5417,5417,Fitchburg Line,Outbound,Kendal Green,1785602640,1785602731,1785602640,1785602731,SCHEDULED,SCHEDULED,False
1785603060,MBTA|20260801|5417|NorthBase-825569-5417,MBTA,1785600900,NorthBase-825569-5417,5417,Fitchburg Line,Outbound,Lincoln,1785602940,1785603042,1785602940,1785603042,SCHEDULED,SCHEDULED,False
1785603450,MBTA|20260801|5417|NorthBase-825569-5417,MBTA,1785600900,NorthBase-825569-5417,5417,Fitchburg Line,Outbound,Concord,1785603240,1785603410,1785603240,1785603410,SCHEDULED,SCHEDULED,False
1785603660,MBTA|20260801|5417|NorthBase-825569-5417,MBTA,1785600900,NorthBase-825569-5417,5417,Fitchburg Line,Outbound,West Concord,1785603480,1785603630,1785603480,1785603630,SCHEDULED,SCHEDULED,False
1785603960,MBTA|20260801|5417|NorthBase-825569-5417,MBTA,1785600900,NorthBase-825569-5417,5417,Fitchburg Line,Outbound,South Acton,1785603780,1785603945,1785603780,1785603945,SCHEDULED,SCHEDULED,False
1785604290,MBTA|20260801|5417|NorthBase-825569-5417,MBTA,1785600900,NorthBase-825569-5417,5417,Fitchburg Line,Outbound,Littleton/Route 495,1785604200,1785604296,1785604200,1785604296,SCHEDULED,SCHEDULED,False
1785604800,MBTA|20260801|5417|NorthBase-825569-5417,MBTA,1785600900,NorthBase-825569-5417,5417,Fitchburg Line,Outbound,Ayer,1785604680,1785604774,1785604680,1785604774,SCHEDULED,SCHEDULED,False
1785605100,MBTA|20260801|5417|NorthBase-825569-5417,MBTA,1785600900,NorthBase-825569-5417,5417,Fitchburg Line,Outbound,Shirley,1785604980,1785605053,1785604980,1785605053,SCHEDULED,SCHEDULED,False
1785605550,MBTA|20260801|5417|NorthBase-825569-5417,MBTA,1785600900,NorthBase-825569-5417,5417,Fitchburg Line,Outbound,North Leominster,1785605520,1785605520,1785605520,1785605520,SCHEDULED,SCHEDULED,False
1785606060,MBTA|20260801|5417|NorthBase-825569-5417,MBTA,1785600900,NorthBase-825569-5417,5417,Fitchburg Line,Outbound,Fitchburg,1785606000,1785606014,1785606000,1785606014,SCHEDULED,SCHEDULED,False
1785606660,MBTA|20260801|5417|NorthBase-825569-5417,MBTA,1785600900,NorthBase-825569-5417,5417,Fitchburg Line,Outbound,Wachusett,1785606660,1785606507,1785606660,,SCHEDULED,SCHEDULED,False
1785600960,MBTA|20260801|5839|SouthBase-793094-5839,MBTA,1785600900,SouthBase-793094-5839,5839,Providence/Stoughton Line,Outbound,South Station,1785600900,,1785600900,1785600950,SCHEDULED,SCHEDULED,False
1785601350,MBTA|20260801|5839|SouthBase-793094-5839,MBTA,1785600900,SouthBase-793094-5839,5839,Providence/Stoughton Line,Outbound,Back Bay,1785601200,1785601353,1785601200,1785601353,SCHEDULED,SCHEDULED,False
1785601530,MBTA|20260801|5839|SouthBase-793094-5839,MBTA,1785600900,SouthBase-793094-5839,5839,Providence/Stoughton Line,Outbound,Ruggles,1785601380,1785601489,1785601380,1785601489,SCHEDULED,SCHEDULED,False
1785601950,MBTA|20260801|5839|SouthBase-793094-5839,MBTA,1785600900,SouthBase-793094-5839,5839,Providence/Stoughton Line,Outbound,Hyde Park,1785601860,1785601923,1785601860,1785601923,SCHEDULED,SCHEDULED,False
1785602190,MBTA|20260801|5839|SouthBase-793094-5839,MBTA,1785600900,SouthBase-793094-5839,5839,Providence/Stoughton Line,Outbound,Readville,1785602040,1785602140,1785602040,1785602140,SCHEDULED,SCHEDULED,False
1785602430,MBTA|20260801|5839|SouthBase-793094-5839,MBTA,1785600900,SouthBase-793094-5839,5839,Providence/Stoughton Line,Outbound,Route 128,1785602280,1785602388,1785602280,1785602388,SCHEDULED,SCHEDULED,False
1785602730,MBTA|20260801|5839|SouthBase-793094-5839,MBTA,1785600900,SouthBase-793094-5839,5839,Providence/Stoughton Line,Outbound,Canton Junction,1785602640,1785602698,1785602640,1785602698,SCHEDULED,SCHEDULED,False
1785603030,MBTA|20260801|5839|SouthBase-793094-5839,MBTA,1785600900,SouthBase-793094-5839,5839,Providence/Stoughton Line,Outbound,Sharon,1785602940,1785603002,1785602940,1785603002,SCHEDULED,SCHEDULED,False
1785603540,MBTA|20260801|5839|SouthBase-793094-5839,MBTA,1785600900,SouthBase-793094-5839,5839,Providence/Stoughton Line,Outbound,Mansfield,1785603420,1785603504,1785603420,1785603504,SCHEDULED,SCHEDULED,False
1785604110,MBTA|20260801|5839|SouthBase-793094-5839,MBTA,1785600900,SouthBase-793094-5839,5839,Providence/Stoughton Line,Outbound,Attleboro,1785604020,1785604062,1785604020,1785604062,SCHEDULED,SCHEDULED,False
1785604620,MBTA|20260801|5839|SouthBase-793094-5839,MBTA,1785600900,SouthBase-793094-5839,5839,Providence/Stoughton Line,Outbound,Pawtucket/Central Falls,1785604560,1785604589,1785604560,1785604589,SCHEDULED,SCHEDULED,False
1785605280,MBTA|20260801|5839|SouthBase-793094-5839,MBTA,1785600900,SouthBase-793094-5839,5839,Providence/Stoughton Line,Outbound,Providence,1785605280,1785604977,1785605280,,SCHEDULED,SCHEDULED,False
1785601200,MBTA|20260801|5739|SouthBase-830458-5739,MBTA,1785601020,SouthBase-830458-5739,5739,Franklin/Foxboro Line,Outbound,South Station,1785601020,,1785601020,1785601172,SCHEDULED,SCHEDULED,False
1785601650,MBTA|20260801|5739|SouthBase-830458-5739,MBTA,1785601020,SouthBase-830458-5739,5739,Franklin/Foxboro Line,Outbound,Newmarket,1785601500,1785601613,1785601500,1785601613,SCHEDULED,SCHEDULED,False
1785601770,MBTA|20260801|5739|SouthBase-830458-5739,MBTA,1785601020,SouthBase-830458-5739,5739,Franklin/Foxboro Line,Outbound,Uphams Corner,1785601620,1785601759,1785601620,1785601759,SCHEDULED,SCHEDULED,False
1785601980,MBTA|20260801|5739|SouthBase-830458-5739,MBTA,1785601020,SouthBase-830458-5739,5739,Franklin/Foxboro Line,Outbound,Four Corners/Geneva,1785601800,1785601954,1785601800,1785601954,SCHEDULED,SCHEDULED,False
1785602160,MBTA|20260801|5739|SouthBase-830458-5739,MBTA,1785601020,SouthBase-830458-5739,5739,Franklin/Foxboro Line,Outbound,Talbot Avenue,1785601980,1785602122,1785601980,1785602172,SCHEDULED,SCHEDULED,False
1785602280,MBTA|20260801|5739|SouthBase-830458-5739,MBTA,1785601020,SouthBase-830458-5739,5739,Franklin/Foxboro Line,Outbound,Morton Street,1785602160,1785602259,1785602160,1785602259,SCHEDULED,SCHEDULED,False
1785602460,MBTA|20260801|5739|SouthBase-830458-5739,MBTA,1785601020,SouthBase-830458-5739,5739,Franklin/Foxboro Line,Outbound,Blue Hill Avenue,1785602280,1785602419,1785602280,1785602419,SCHEDULED,SCHEDULED,False
1785602640,MBTA|20260801|5739|SouthBase-830458-5739,MBTA,1785601020,SouthBase-830458-5739,5739,Franklin/Foxboro Line,Outbound,Fairmount,1785602460,1785602614,1785602460,1785602614,SCHEDULED,SCHEDULED,False
1785602880,MBTA|20260801|5739|SouthBase-830458-5739,MBTA,1785601020,SouthBase-830458-5739,5739,Franklin/Foxboro Line,Outbound,Readville,1785602700,1785602853,1785602700,1785602853,SCHEDULED,SCHEDULED,False
1785603180,MBTA|20260801|5739|SouthBase-830458-5739,MBTA,1785601020,SouthBase-830458-5739,5739,Franklin/Foxboro Line,Outbound,Endicott,1785602940,1785603132,1785602940,1785603132,SCHEDULED,SCHEDULED,False
1785603330,MBTA|20260801|5739|SouthBase-830458-5739,MBTA,1785601020,SouthBase-830458-5739,5739,Franklin/Foxboro Line,Outbound,Dedham Corporate Center,1785603120,1785603287,1785603120,1785603287,SCHEDULED,SCHEDULED,False
1785603480,MBTA|20260801|5739|SouthBase-830458-5739,MBTA,1785601020,SouthBase-830458-5739,5739,Franklin/Foxboro Line,Outbound,Islington,1785603240,1785603442,1785603240,1785603442,SCHEDULED,SCHEDULED,False
1785603660,MBTA|20260801|5739|SouthBase-830458-5739,MBTA,1785601020,SouthBase-830458-5739,5739,Franklin/Foxboro Line,Outbound,Norwood Depot,1785603420,1785603645,1785603420,1785603645,SCHEDULED,SCHEDULED,False
1785603810,MBTA|20260801|5739|SouthBase-830458-5739,MBTA,1785601020,SouthBase-830458-5739,5739,Franklin/Foxboro Line,Outbound,Norwood Central,1785603540,1785603783,1785603540,1785603783,SCHEDULED,SCHEDULED,False
1785604050,MBTA|20260801|5739|SouthBase-830458-5739,MBTA,1785601020,SouthBase-830458-5739,5739,Franklin/Foxboro Line,Outbound,Windsor Gardens,1785603720,1785604000,1785603720,1785604000,SCHEDULED,SCHEDULED,False
1785604290,MBTA|20260801|5739|SouthBase-830458-5739,MBTA,1785601020,SouthBase-830458-5739,5739,Franklin/Foxboro Line,Outbound,Walpole,1785603960,1785604273,1785603960,1785604273,SCHEDULED,SCHEDULED,False
1785604590,MBTA|20260801|5739|SouthBase-830458-5739,MBTA,1785601020,SouthBase-830458-5739,5739,Franklin/Foxboro Line,Outbound,Norfolk,1785604380,1785604598,1785604380,1785604598,SCHEDULED,SCHEDULED,False
1785605250,MBTA|20260801|5739|SouthBase-830458-5739,MBTA,1785601020,SouthBase-830458-5739,5739,Franklin/Foxboro Line,Outbound,Franklin,1785604800,1785605209,1785604800,1785605209,SCHEDULED,SCHEDULED,False
1785605700,MBTA|20260801|5739|SouthBase-830458-5739,MBTA,1785601020,SouthBase-830458-5739,5739,Franklin/Foxboro Line,Outbound,Forge Park/495,1785605520,1785605709,1785605520,,SCHEDULED,SCHEDULED,False
,MBTA|20260801|5339|NorthBase-825554-5339,MBTA,1785601200,NorthBase-825554-5339,5339,Lowell Line,Outbound,North Station,1785601200,1785601200,1785601200,1785601200,SCHEDULED,SCHEDULED,True
1785601980,MBTA|20260801|5339|NorthBase-825554-5339,MBTA,1785601200,NorthBase-825554-5339,5339,Lowell Line,Outbound,West Medford,1785601860,1785601945,1785601860,1785601945,SCHEDULED,SCHEDULED,False
1785602190,MBTA|20260801|5339|NorthBase-825554-5339,MBTA,1785601200,NorthBase-825554-5339,5339,Lowell Line,Outbound,Wedgemere,1785602040,1785602162,1785602040,1785602162,SCHEDULED,SCHEDULED,False
1785602310,MBTA|20260801|5339|NorthBase-825554-5339,MBTA,1785601200,NorthBase-825554-5339,5339,Lowell Line,Outbound,Winchester Center,1785602160,1785602286,1785602160,1785602286,SCHEDULED,SCHEDULED,False
1785602700,MBTA|20260801|5339|NorthBase-825554-5339,MBTA,1785601200,NorthBase-825554-5339,5339,Lowell Line,Outbound,Anderson/Woburn,1785602580,1785602658,1785602580,1785602658,SCHEDULED,SCHEDULED,False
1785602970,MBTA|20260801|5339|NorthBase-825554-5339,MBTA,1785601200,NorthBase-825554-5339,5339,Lowell Line,Outbound,Wilmington,1785602760,1785602937,1785602760,1785602937,SCHEDULED,SCHEDULED,False
1785603450,MBTA|20260801|5339|NorthBase-825554-5339,MBTA,1785601200,NorthBase-825554-5339,5339,Lowell Line,Outbound,North Billerica,1785603300,1785603402,1785603300,1785603402,SCHEDULED,SCHEDULED,False
1785604110,MBTA|20260801|5339|NorthBase-825554-5339,MBTA,1785601200,NorthBase-825554-5339,5339,Lowell Line,Outbound,Lowell,1785604020,1785603989,1785604020,,SCHEDULED,SCHEDULED,False
,MBTA|20260801|6017|SouthBase-793111-6017,MBTA,1785601200,SouthBase-793111-6017,6017,Kingston Line,Outbound,South Station,1785601200,1785601200,1785601200,1785601200,SCHEDULED,SCHEDULED,True
1785602220,MBTA|20260801|6017|SouthBase-793111-6017,MBTA,1785601200,SouthBase-793111-6017,6017,Kingston Line,Outbound,Quincy Center,1785602100,1785602201,1785602100,1785602201,SCHEDULED,SCHEDULED,False
1785602580,MBTA|20260801|6017|SouthBase-793111-6017,MBTA,1785601200,SouthBase-793111-6017,6017,Kingston Line,Outbound,Braintree,1785602460,1785602561,1785602460,1785602561,SCHEDULED,SCHEDULED,False
1785603000,MBTA|20260801|6017|SouthBase-793111-6017,MBTA,1785601200,SouthBase-793111-6017,6017,Kingston Line,Outbound,South Weymouth,1785602940,1785602981,1785602940,1785602981,SCHEDULED,SCHEDULED,False
1785603270,MBTA|20260801|6017|SouthBase-793111-6017,MBTA,1785601200,SouthBase-793111-6017,6017,Kingston Line,Outbound,Abington,1785603240,1785603251,1785603240,1785603251,SCHEDULED,SCHEDULED,False
1785603480,MBTA|20260801|6017|SouthBase-793111-6017,MBTA,1785601200,SouthBase-793111-6017,6017,Kingston Line,Outbound,Whitman,1785603420,1785603457,1785603420,1785603457,SCHEDULED,SCHEDULED,False
1785603780,MBTA|20260801|6017|SouthBase-793111-6017,MBTA,1785601200,SouthBase-793111-6017,6017,Kingston Line,Outbound,Hanson,1785603720,1785603761,1785603720,1785603761,SCHEDULED,SCHEDULED,False
1785604080,MBTA|20260801|6017|SouthBase-793111-6017,MBTA,1785601200,SouthBase-793111-6017,6017,Kingston Line,Outbound,Halifax,1785604020,1785604067,1785604020,1785604067,SCHEDULED,SCHEDULED,False
1785604560,MBTA|20260801|6017|SouthBase-793111-6017,MBTA,1785601200,SouthBase-793111-6017,6017,Kingston Line,Outbound,Kingston,1785604800,1785604573,1785604800,,SCHEDULED,SCHEDULED,False
,MBTA|20260801|5422|NorthBase-825572-5422,MBTA,1785601500,NorthBase-825572-5422,5422,Fitchburg Line,Inbound,Wachusett,1785601500,1785601500,1785601500,1785601500,SCHEDULED,SCHEDULED,True
1785602190,MBTA|20260801|5422|NorthBase-825572-5422,MBTA,1785601500,NorthBase-825572-5422,5422,Fitchburg Line,Inbound,Fitchburg,1785601980,1785602136,1785601980,1785602136,SCHEDULED,SCHEDULED,False
1785602670,MBTA|20260801|5422|NorthBase-825572-5422,MBTA,1785601500,NorthBase-825572-5422,5422,Fitchburg Line,Inbound,North Leominster,1785602400,1785602632,1785602400,1785602632,SCHEDULED,SCHEDULED,False
1785603150,MBTA|20260801|5422|NorthBase-825572-5422,MBTA,1785601500,NorthBase-825572-5422,5422,Fitchburg Line,Inbound,Shirley,1785602880,1785603097,1785602880,1785603097,SCHEDULED,SCHEDULED,False
1785603450,MBTA|20260801|5422|NorthBase-825572-5422,MBTA,1785601500,NorthBase-825572-5422,5422,Fitchburg Line,Inbound,Ayer,1785603180,1785603407,1785603180,1785603407,SCHEDULED,SCHEDULED,False
1785603930,MBTA|20260801|5422|NorthBase-825572-5422,MBTA,1785601500,NorthBase-825572-5422,5422,Fitchburg Line,Inbound,Littleton/Route 495,1785603660,1785603912,1785603660,1785603962,SCHEDULED,SCHEDULED,False
1785604290,MBTA|20260801|5422|NorthBase-825572-5422,MBTA,1785601500,NorthBase-825572-5422,5422,Fitchburg Line,Inbound,South Acton,1785604020,1785604244,1785604020,1785604244,SCHEDULED,SCHEDULED,False
1785604590,MBTA|20260801|5422|NorthBase-825572-5422,MBTA,1785601500,NorthBase-825572-5422,5422,Fitchburg Line,Inbound,West Concord,1785604260,1785604554,1785604260,1785604554,SCHEDULED,SCHEDULED,False
1785604830,MBTA|20260801|5422|NorthBase-825572-5422,MBTA,1785601500,NorthBase-825572-5422,5422,Fitchburg Line,Inbound,Concord,1785604500,1785604802,1785604500,1785604802,SCHEDULED,SCHEDULED,False
1785605160,MBTA|20260801|5422|NorthBase-825572-5422,MBTA,1785601500,NorthBase-825572-5422,5422,Fitchburg Line,Inbound,Lincoln,1785604860,1785605112,1785604860,1785605112,SCHEDULED,SCHEDULED,False
1785605460,MBTA|20260801|5422|NorthBase-825572-5422,MBTA,1785601500,NorthBase-825572-5422,5422,Fitchburg Line,Inbound,Kendal Green,1785605160,1785605422,1785605160,1785605422,SCHEDULED,SCHEDULED,False
1785605670,MBTA|20260801|5422|NorthBase-825572-5422,MBTA,1785601500,NorthBase-825572-5422,5422,Fitchburg Line,Inbound,Brandeis/Roberts,1785605400,1785605639,1785605400,1785605639,SCHEDULED,SCHEDULED,False
1785606000,MBTA|20260801|5422|NorthBase-825572-5422,MBTA,1785601500,NorthBase-825572-5422,5422,Fitchburg Line,Inbound,Waltham,1785605640,1785605949,1785605640,1785605949,SCHEDULED,SCHEDULED,False
1785606150,MBTA|20260801|5422|NorthBase-825572-5422,MBTA,1785601500,NorthBase-825572-5422,5422,Fitchburg Line,Inbound,Waverley,1785605940,1785606118,1785605940,1785606168,SCHEDULED,SCHEDULED,False
1785606390,MBTA|20260801|5422|NorthBase-825572-5422,MBTA,1785601500,NorthBase-825572-5422,5422,Fitchburg Line,Inbound,Belmont,1785606060,1785606352,1785606060,1785606352,SCHEDULED,SCHEDULED,False
1785606600,MBTA|20260801|5422|NorthBase-825572-5422,MBTA,1785601500,NorthBase-825572-5422,5422,Fitchburg Line,Inbound,Porter,1785606420,1785606613,1785606420,1785606613,SCHEDULED,SCHEDULED,False
1785607320,MBTA|20260801|5422|NorthBase-825572-5422,MBTA,1785601500,NorthBase-825572-5422,5422,Fitchburg Line,Inbound,North Station,1785607260,1785607329,1785607260,,SCHEDULED,SCHEDULED,False
1785601950,MBTA|20260801|5041|NorthBase-825503-5041,MBTA,1785601800,NorthBase-825503-5041,5041,Newburyport/Rockport Line,Outbound,North Station,1785601800,,1785601800,1785601919,SCHEDULED,SCHEDULED,False
1785602730,MBTA|20260801|5041|NorthBase-825503-5041,MBTA,1785601800,NorthBase-825503-5041,5041,Newburyport/Rockport Line,Outbound,Chelsea,1785602460,1785602662,1785602460,1785602712,SCHEDULED,SCHEDULED,False
1785603330,MBTA|20260801|5041|NorthBase-825503-5041,MBTA,1785601800,NorthBase-825503-5041,5041,Newburyport/Rockport Line,Outbound,Lynn Interim,1785603120,1785603205,1785603120,1785603205,SCHEDULED,SCHEDULED,False
1785603570,MBTA|20260801|5041|NorthBase-825503-5041,MBTA,1785601800,NorthBase-825503-5041,5041,Newburyport/Rockport Line,Outbound,Swampscott,1785603300,1785603564,1785603300,1785603564,SCHEDULED,SCHEDULED,False
1785604230,MBTA|20260801|5041|NorthBase-825503-5041,MBTA,1785601800,NorthBase-825503-5041,5041,Newburyport/Rockport Line,Outbound,Salem,1785603720,1785604267,1785603720,1785604317,SCHEDULED,SCHEDULED,False
1785604290,MBTA|20260801|5041|NorthBase-825503-5041,MBTA,1785601800,NorthBase-825503-5041,5041,Newburyport/Rockport Line,Outbound,Beverly,1785603960,1785604291,1785603960,1785604291,SCHEDULED,SCHEDULED,False
1785605040,MBTA|20260801|5041|NorthBase-825503-5041,MBTA,1785601800,NorthBase-825503-5041,5041,Newburyport/Rockport Line,Outbound,Montserrat,1785604200,1785604894,1785604200,1785604944,SCHEDULED,SCHEDULED,False
1785605040,MBTA|20260801|5041|NorthBase-825503-5041,MBTA,1785601800,NorthBase-825503-5041,5041,Newburyport/Rockport Line,Outbound,Beverly Farms,1785604500,1785605160,1785604500,1785605210,SCHEDULED,SCHEDULED,False
1785605220,MBTA|20260801|5041|NorthBase-825503-5041,MBTA,1785601800,NorthBase-825503-5041,5041,Newburyport/Rockport Line,Outbound,Manchester,1785604860,1785605189,1785604860,1785605189,SCHEDULED,SCHEDULED,False
1785605640,MBTA|20260801|5041|NorthBase-825503-5041,MBTA,1785601800,NorthBase-825503-5041,5041,Newburyport/Rockport Line,Outbound,West Gloucester,1785605220,1785605616,1785605220,1785605666,SCHEDULED,SCHEDULED,False
1785606060,MBTA|20260801|5041|NorthBase-825503-5041,MBTA,1785601800,NorthBase-825503-5041,5041,Newburyport/Rockport Line,Outbound,Gloucester,1785605580,1785605962,1785605580,1785605962,SCHEDULED,SCHEDULED,False
1785606000,MBTA|20260801|5041|NorthBase-825503-5041,MBTA,1785601800,NorthBase-825503-5041,5041,Newburyport/Rockport Line,Outbound,Rockport,1785606300,1785606512,1785606300,,SCHEDULED,SCHEDULED,False
,MBTA|20260801|6643|SouthBase-830377-6643,MBTA,1785602820,SouthBase-830377-6643,6643,Fairmount Line,Outbound,South Station,1785602820,1785602820,1785602820,1785602820,SCHEDULED,SCHEDULED,True
1785603420,MBTA|20260801|6643|SouthBase-830377-6643,MBTA,1785602820,SouthBase-830377-6643,6643,Fairmount Line,Outbound,Newmarket,1785603300,1785603382,1785603300,1785603382,SCHEDULED,SCHEDULED,False
1785603540,MBTA|20260801|6643|SouthBase-830377-6643,MBTA,1785602820,SouthBase-830377-6643,6643,Fairmount Line,Outbound,Uphams Corner,1785603420,1785603506,1785603420,1785603506,SCHEDULED,SCHEDULED,False
1785603750,MBTA|20260801|6643|SouthBase-830377-6643,MBTA,1785602820,SouthBase-830377-6643,6643,Fairmount Line,Outbound,Four Corners/Geneva,1785603600,1785603692,1785603600,1785603692,SCHEDULED,SCHEDULED,False
1785603900,MBTA|20260801|6643|SouthBase-830377-6643,MBTA,1785602820,SouthBase-830377-6643,6643,Fairmount Line,Outbound,Talbot Avenue,1785603780,1785603903,1785603780,1785603903,SCHEDULED,SCHEDULED,False
1785604050,MBTA|20260801|6643|SouthBase-830377-6643,MBTA,1785602820,SouthBase-830377-6643,6643,Fairmount Line,Outbound,Morton Street,1785603960,1785604008,1785603960,1785604008,SCHEDULED,SCHEDULED,False
1785604230,MBTA|20260801|6643|SouthBase-830377-6643,MBTA,1785602820,SouthBase-830377-6643,6643,Fairmount Line,Outbound,Blue Hill Avenue,1785604080,1785604188,1785604080,1785604188,SCHEDULED,SCHEDULED,False
1785604440,MBTA|20260801|6643|SouthBase-830377-6643,MBTA,1785602820,SouthBase-830377-6643,6643,Fairmount Line,Outbound,Fairmount,1785604260,1785604376,1785604260,1785604376,SCHEDULED,SCHEDULED,False
1785604560,MBTA|20260801|6643|SouthBase-830377-6643,MBTA,1785602820,SouthBase-830377-6643,6643,Fairmount Line,Outbound,Readville,1785604620,1785604566,1785604620,,SCHEDULED,SCHEDULED,False
1785603150,MBTA|20260801|5242|NorthBase-825537-5242,MBTA,1785603000,NorthBase-825537-5242,5242,Haverhill Line,Inbound,Haverhill,1785603000,,1785603000,1785603105,SCHEDULED,SCHEDULED,False
1785603240,MBTA|20260801|5242|NorthBase-825537-5242,MBTA,1785603000,NorthBase-825537-5242,5242,Haverhill Line,Inbound,Bradford,1785603120,1785603199,1785603120,1785603199,SCHEDULED,SCHEDULED,False
1785603750,MBTA|20260801|5242|NorthBase-825537-5242,MBTA,1785603000,NorthBase-825537-5242,5242,Haverhill Line,Inbound,Lawrence,1785603540,1785603715,1785603540,1785603715,SCHEDULED,SCHEDULED,False
1785604200,MBTA|20260801|5242|NorthBase-825537-5242,MBTA,1785603000,NorthBase-825537-5242,5242,Haverhill Line,Inbound,Andover,1785603960,1785604146,1785603960,1785604146,SCHEDULED,SCHEDULED,False
1785604440,MBTA|20260801|5242|NorthBase-825537-5242,MBTA,1785603000,NorthBase-825537-5242,5242,Haverhill Line,Inbound,Ballardvale,1785604260,1785604394,1785604260,1785604394,SCHEDULED,SCHEDULED,False
1785604770,MBTA|20260801|5242|NorthBase-825537-5242,MBTA,1785603000,NorthBase-825537-5242,5242,Haverhill Line,Inbound,North Wilmington,1785604680,1785604746,1785604680,1785604746,SCHEDULED,SCHEDULED,False
1785605160,MBTA|20260801|5242|NorthBase-825537-5242,MBTA,1785603000,NorthBase-825537-5242,5242,Haverhill Line,Inbound,Reading,1785605100,1785605138,1785605100,1785605138,SCHEDULED,SCHEDULED,False
1785605520,MBTA|20260801|5242|NorthBase-825537-5242,MBTA,1785603000,NorthBase-825537-5242,5242,Haverhill Line,Inbound,Wakefield,1785605460,1785605493,1785605460,1785605493,SCHEDULED,SCHEDULED,False
1785605730,MBTA|20260801|5242|NorthBase-825537-5242,MBTA,1785603000,NorthBase-825537-5242,5242,Haverhill Line,Inbound,Greenwood,1785605640,1785605698,1785605640,1785605698,SCHEDULED,SCHEDULED,False
1785605880,MBTA|20260801|5242|NorthBase-825537-5242,MBTA,1785603000,NorthBase-825537-5242,5242,Haverhill Line,Inbound,Melrose Highlands,1785605760,1785605851,1785605760,1785605851,SCHEDULED,SCHEDULED,False
1785606060,MBTA|20260801|5242|NorthBase-825537-5242,MBTA,1785603000,NorthBase-825537-5242,5242,Haverhill Line,Inbound,Melrose/Cedar Park,1785605880,1785606006,1785605880,1785606006,SCHEDULED,SCHEDULED,False
1785606090,MBTA|20260801|5242|NorthBase-825537-5242,MBTA,1785603000,NorthBase-825537-5242,5242,Haverhill Line,Inbound,Wyoming Hill,1785606000,1785606114,1785606000,1785606114,SCHEDULED,SCHEDULED,False
1785606270,MBTA|20260801|5242|NorthBase-825537-5242,MBTA,1785603000,NorthBase-825537-5242,5242,Haverhill Line,Inbound,Oak Grove,1785606180,1785606232,1785606180,1785606232,SCHEDULED,SCHEDULED,False
1785606420,MBTA|20260801|5242|NorthBase-825537-5242,MBTA,1785603000,NorthBase-825537-5242,5242,Haverhill Line,Inbound,Malden Center,1785606300,1785606319,1785606300,1785606319,SCHEDULED,SCHEDULED,False
1785606990,MBTA|20260801|5242|NorthBase-825537-5242,MBTA,1785603000,NorthBase-825537-5242,5242,Haverhill Line,Inbound,North Station,1785607200,1785607010,1785607200,,SCHEDULED,SCHEDULED,False
,MBTA|20260801|5541|SouthBase-824339-5541,MBTA,1785603600,SouthBase-824339-5541,5541,Framingham/Worcester Line,Outbound,South Station,1785603600,1785603600,1785603600,1785603600,SCHEDULED,SCHEDULED,True
1785604830,MBTA|20260801|5541|SouthBase-824339-5541,MBTA,1785603600,SouthBase-824339-5541,5541,Framingham/Worcester Line,Outbound,Back Bay,1785604020,1785604652,1785604020,1785604702,SCHEDULED,SCHEDULED,False
1785605250,MBTA|20260801|5541|SouthBase-824339-5541,MBTA,1785603600,SouthBase-824339-5541,5541,Framingham/Worcester Line,Outbound,Lansdowne,1785604260,1785605226,1785604260,1785605226,SCHEDULED,SCHEDULED,False
1785605520,MBTA|20260801|5541|SouthBase-824339-5541,MBTA,1785603600,SouthBase-824339-5541,5541,Framingham/Worcester Line,Outbound,Boston Landing,1785604560,1785605501,1785604560,1785605501,SCHEDULED,SCHEDULED,False
1785605850,MBTA|20260801|5541|SouthBase-824339-5541,MBTA,1785603600,SouthBase-824339-5541,5541,Framingham/Worcester Line,Outbound,Newtonville,1785604920,1785605825,1785604920,1785605825,SCHEDULED,SCHEDULED,False
1785606060,MBTA|20260801|5541|SouthBase-824339-5541,MBTA,1785603600,SouthBase-824339-5541,5541,Framingham/Worcester Line,Outbound,West Newton,1785605100,1785606040,1785605100,1785606040,SCHEDULED,SCHEDULED,False
1785606270,MBTA|20260801|5541|SouthBase-824339-5541,MBTA,1785603600,SouthBase-824339-5541,5541,Framingham/Worcester Line,Outbound,Auburndale,1785605280,1785606250,1785605280,1785606250,SCHEDULED,SCHEDULED,False
1785606480,MBTA|20260801|5541|SouthBase-824339-5541,MBTA,1785603600,SouthBase-824339-5541,5541,Framingham/Worcester Line,Outbound,Wellesley Farms,1785605520,1785606460,1785605520,1785606460,SCHEDULED,SCHEDULED,False
1785606660,MBTA|20260801|5541|SouthBase-824339-5541,MBTA,1785603600,SouthBase-824339-5541,5541,Framingham/Worcester Line,Outbound,Wellesley Hills,1785605700,1785606641,1785605700,1785606641,SCHEDULED,SCHEDULED,False
1785606870,MBTA|20260801|5541|SouthBase-824339-5541,MBTA,1785603600,SouthBase-824339-5541,5541,Framingham/Worcester Line,Outbound,Wellesley Square,1785605940,1785606851,1785605940,1785606851,SCHEDULED,SCHEDULED,False
1785607170,MBTA|20260801|5541|SouthBase-824339-5541,MBTA,1785603600,SouthBase-824339-5541,5541,Framingham/Worcester Line,Outbound,Natick Center,1785606240,1785607151,1785606240,1785607151,SCHEDULED,SCHEDULED,False
1785607410,MBTA|20260801|5541|SouthBase-824339-5541,MBTA,1785603600,SouthBase-824339-5541,5541,Framingham/Worcester Line,Outbound,West Natick,1785606540,1785607390,1785606540,1785607390,SCHEDULED,SCHEDULED,False
1785607680,MBTA|20260801|5541|SouthBase-824339-5541,MBTA,1785603600,SouthBase-824339-5541,5541,Framingham/Worcester Line,Outbound,Framingham,1785606780,1785607661,1785606780,1785607661,SCHEDULED,SCHEDULED,False
1785608040,MBTA|20260801|5541|SouthBase-824339-5541,MBTA,1785603600,SouthBase-824339-5541,5541,Framingham/Worcester Line,Outbound,Ashland,1785607140,1785608021,1785607140,1785608021,SCHEDULED,SCHEDULED,False
1785608280,MBTA|20260801|5541|SouthBase-824339-5541,MBTA,1785603600,SouthBase-824339-5541,5541,Framingham/Worcester Line,Outbound,Southborough,1785607380,1785608261,1785607380,1785608261,SCHEDULED,SCHEDULED,False
1785608790,MBTA|20260801|5541|SouthBase-824339-5541,MBTA,1785603600,SouthBase-824339-5541,5541,Framingham/Worcester Line,Outbound,Westborough,1785607920,1785608770,1785607920,1785608770,SCHEDULED,SCHEDULED,False
1785609060,MBTA|20260801|5541|SouthBase-824339-5541,MBTA,1785603600,SouthBase-824339-5541,5541,Framingham/Worcester Line,Outbound,Grafton,1785608220,1785609026,1785608220,1785609026,SCHEDULED,SCHEDULED,False
1785609900,MBTA|20260801|5541|SouthBase-824339-5541,MBTA,1785603600,SouthBase-824339-5541,5541,Framingham/Worcester Line,Outbound,Worcester,1785609180,1785609791,1785609180,,SCHEDULED,SCHEDULED,False
1785603870,MBTA|20260801|6650|SouthBase-830420-6650,MBTA,1785603780,SouthBase-830420-6650,6650,Fairmount Line,Inbound,Fairmount,1785603780,,1785603780,1785603846,SCHEDULED,SCHEDULED,False
1785604080,MBTA|20260801|6650|SouthBase-830420-6650,MBTA,1785603780,SouthBase-830420-6650,6650,Fairmount Line,Inbound,Blue Hill Avenue,1785603960,1785604055,1785603960,1785604055,SCHEDULED,SCHEDULED,False
1785604230,MBTA|20260801|6650|SouthBase-830420-6650,MBTA,1785603780,SouthBase-830420-6650,6650,Fairmount Line,Inbound,Morton Street,1785604080,1785604204,1785604080,1785604204,SCHEDULED,SCHEDULED,False
1785604320,MBTA|20260801|6650|SouthBase-830420-6650,MBTA,1785603780,SouthBase-830420-6650,6650,Fairmount Line,Inbound,Talbot Avenue,1785604260,1785604297,1785604260,1785604347,SCHEDULED,SCHEDULED,False
1785604560,MBTA|20260801|6650|SouthBase-830420-6650,MBTA,1785603780,SouthBase-830420-6650,6650,Fairmount Line,Inbound,Four Corners/Geneva,1785604440,1785604525,1785604440,1785604525,SCHEDULED,SCHEDULED,False
1785604680,MBTA|20260801|6650|SouthBase-830420-6650,MBTA,1785603780,SouthBase-830420-6650,6650,Fairmount Line,Inbound,Uphams Corner,1785604620,1785604667,1785604620,1785604667,SCHEDULED,SCHEDULED,False
1785604740,MBTA|20260801|6650|SouthBase-830420-6650,MBTA,1785603780,SouthBase-830420-6650,6650,Fairmount Line,Inbound,Newmarket,1785604740,1785604726,1785604740,1785604776,SCHEDULED,SCHEDULED,False
1785605430,MBTA|20260801|6650|SouthBase-830420-6650,MBTA,1785603780,SouthBase-830420-6650,6650,Fairmount Line,Inbound,South Station,1785605400,1785605441,1785605400,,SCHEDULED,SCHEDULED,False
1785603870,MBTA|20260801|7028|SouthBase-793178-7028,MBTA,1785603780,SouthBase-793178-7028,7028,Fall River/New Bedford Line,Inbound,New Bedford,1785603780,,1785603780,1785603829,SCHEDULED,SCHEDULED,False
1785604230,MBTA|20260801|7028|SouthBase-793178-7028,MBTA,1785603780,SouthBase-793178-7028,7028,Fall River/New Bedford Line,Inbound,Church Street,1785604140,1785604195,1785604140,1785604195,SCHEDULED,SCHEDULED,False
1785605340,MBTA|20260801|7028|SouthBase-793178-7028,MBTA,1785603780,SouthBase-793178-7028,7028,Fall River/New Bedford Line,Inbound,East Taunton,1785605280,1785605311,1785605280,1785605311,SCHEDULED,SCHEDULED,False
1785606060,MBTA|20260801|7028|SouthBase-793178-7028,MBTA,1785603780,SouthBase-793178-7028,7028,Fall River/New Bedford Line,Inbound,Middleborough,1785605940,1785606024,1785605940,1785606024,SCHEDULED,SCHEDULED,False
1785606690,MBTA|20260801|7028|SouthBase-793178-7028,MBTA,1785603780,SouthBase-793178-7028,7028,Fall River/New Bedford Line,Inbound,Bridgewater,1785606540,1785606655,1785606540,1785606655,SCHEDULED,SCHEDULED,False
1785607200,MBTA|20260801|7028|SouthBase-793178-7028,MBTA,1785603780,SouthBase-793178-7028,7028,Fall River/New Bedford Line,Inbound,Campello,1785607140,1785607171,1785607140,1785607171,SCHEDULED,SCHEDULED,False
1785607380,MBTA|20260801|7028|SouthBase-793178-7028,MBTA,1785603780,SouthBase-793178-7028,7028,Fall River/New Bedford Line,Inbound,Brockton,1785607380,1785607300,1785607380,1785607346,SCHEDULED,SCHEDULED,False
1785607650,MBTA|20260801|7028|SouthBase-793178-7028,MBTA,1785603780,SouthBase-793178-7028,7028,Fall River/New Bedford Line,Inbound,Montello,1785607560,1785607613,1785607560,1785607613,SCHEDULED,SCHEDULED,False
1785607890,MBTA|20260801|7028|SouthBase-793178-7028,MBTA,1785603780,SouthBase-793178-7028,7028,Fall River/New Bedford Line,Inbound,Holbrook/Randolph,1785607860,1785607909,1785607860,1785607909,SCHEDULED,SCHEDULED,False
1785608370,MBTA|20260801|7028|SouthBase-793178-7028,MBTA,1785603780,SouthBase-793178-7028,7028,Fall River/New Bedford Line,Inbound,Braintree,1785608340,1785608347,1785608340,1785608347,SCHEDULED,SCHEDULED,False
1785608820,MBTA|20260801|7028|SouthBase-793178-7028,MBTA,1785603780,SouthBase-793178-7028,7028,Fall River/New Bedford Line,Inbound,Quincy Center,1785608700,1785608711,1785608700,1785608711,SCHEDULED,SCHEDULED,False
1785609900,MBTA|20260801|7028|SouthBase-793178-7028,MBTA,1785603780,SouthBase-793178-7028,7028,Fall River/New Bedford Line,Inbound,South Station,1785609900,1785609912,1785609900,,SCHEDULED,SCHEDULED,False
1785603930,MBTA|20260801|6078|SouthBase-793248-6078,MBTA,1785603840,SouthBase-793248-6078,6078,Greenbush Line,Inbound,Greenbush,1785603840,,1785603840,1785603891,SCHEDULED,SCHEDULED,False
1785604320,MBTA|20260801|6078|SouthBase-793248-6078,MBTA,1785603840,SouthBase-793248-6078,6078,Greenbush Line,Inbound,North Scituate,1785604260,1785604286,1785604260,1785604286,SCHEDULED,SCHEDULED,False
1785604710,MBTA|20260801|6078|SouthBase-793248-6078,MBTA,1785603840,SouthBase-793248-6078,6078,Greenbush Line,Inbound,Cohasset,1785604620,1785604658,1785604620,1785604658,SCHEDULED,SCHEDULED,False
1785604890,MBTA|20260801|6078|SouthBase-793248-6078,MBTA,1785603840,SouthBase-793248-6078,6078,Greenbush Line,Inbound,Nantasket Junction,1785604800,1785604845,1785604800,1785604845,SCHEDULED,SCHEDULED,False
1785605160,MBTA|20260801|6078|SouthBase-793248-6078,MBTA,1785603840,SouthBase-793248-6078,6078,Greenbush Line,Inbound,West Hingham,1785605100,1785605123,1785605100,1785605123,SCHEDULED,SCHEDULED,False
1785605340,MBTA|20260801|6078|SouthBase-793248-6078,MBTA,1785603840,SouthBase-793248-6078,6078,Greenbush Line,Inbound,East Weymouth,1785605340,1785605321,1785605340,1785605321,SCHEDULED,SCHEDULED,False
1785605700,MBTA|20260801|6078|SouthBase-793248-6078,MBTA,1785603840,SouthBase-793248-6078,6078,Greenbush Line,Inbound,Weymouth Landing/East Braintree,1785605640,1785605661,1785605640,1785605661,SCHEDULED,SCHEDULED,False
1785606510,MBTA|20260801|6078|SouthBase-793248-6078,MBTA,1785603840,SouthBase-793248-6078,6078,Greenbush Line,Inbound,Quincy Center,1785606240,1785606399,1785606240,1785606399,SCHEDULED,SCHEDULED,False
1785607740,MBTA|20260801|6078|SouthBase-793248-6078,MBTA,1785603840,SouthBase-793248-6078,6078,Greenbush Line,Inbound,South Station,1785607380,1785607732,1785607380,,SCHEDULED,SCHEDULED,False
,MBTA|20260801|7019|SouthBase-793175-7019,MBTA,1785603900,SouthBase-793175-7019,7019,Fall River/New Bedford Line,Outbound,South Station,1785603900,1785603900,1785603900,1785603900,SCHEDULED,SCHEDULED,True
1785605850,MBTA|20260801|7019|SouthBase-793175-7019,MBTA,1785603900,SouthBase-793175-7019,7019,Fall River/New Bedford Line,Outbound,Quincy Center,1785604800,1785605810,1785604800,1785605810,SCHEDULED,SCHEDULED,False
1785606240,MBTA|20260801|7019|SouthBase-793175-7019,MBTA,1785603900,SouthBase-793175-7019,7019,Fall River/New Bedford Line,Outbound,Braintree,1785605160,1785606197,1785605160,1785606197,SCHEDULED,SCHEDULED,False
1785606750,MBTA|20260801|7019|SouthBase-793175-7019,MBTA,1785603900,SouthBase-793175-7019,7019,Fall River/New Bedford Line,Outbound,Holbrook/Randolph,1785605700,1785606741,1785605700,1785606791,SCHEDULED,SCHEDULED,False
1785607110,MBTA|20260801|7019|SouthBase-793175-7019,MBTA,1785603900,SouthBase-793175-7019,7019,Fall River/New Bedford Line,Outbound,Montello,1785606060,1785607065,1785606060,1785607065,SCHEDULED,SCHEDULED,False
1785607380,MBTA|20260801|7019|SouthBase-793175-7019,MBTA,1785603900,SouthBase-793175-7019,7019,Fall River/New Bedford Line,Outbound,Brockton,1785606300,1785607371,1785606300,1785607371,SCHEDULED,SCHEDULED,False
1785607650,MBTA|20260801|7019|SouthBase-793175-7019,MBTA,1785603900,SouthBase-793175-7019,7019,Fall River/New Bedford Line,Outbound,Campello,1785606540,1785607592,1785606540,1785607592,SCHEDULED,SCHEDULED,False
1785608130,MBTA|20260801|7019|SouthBase-793175-7019,MBTA,1785603900,SouthBase-793175-7019,7019,Fall River/New Bedford Line,Outbound,Bridgewater,1785607140,1785608088,1785607140,1785608088,SCHEDULED,SCHEDULED,False
1785608850,MBTA|20260801|7019|SouthBase-793175-7019,MBTA,1785603900,SouthBase-793175-7019,7019,Fall River/New Bedford Line,Outbound,Middleborough,1785607860,1785608801,1785607860,1785608801,SCHEDULED,SCHEDULED,False
1785609540,MBTA|20260801|7019|SouthBase-793175-7019,MBTA,1785603900,SouthBase-793175-7019,7019,Fall River/New Bedford Line,Outbound,East Taunton,1785608520,1785609552,1785608520,1785609552,SCHEDULED,SCHEDULED,False
1785610440,MBTA|20260801|7019|SouthBase-793175-7019,MBTA,1785603900,SouthBase-793175-7019,7019,Fall River/New Bedford Line,Outbound,Church Street,1785609420,1785610382,1785609420,1785610382,SCHEDULED,SCHEDULED,False
1785610680,MBTA|20260801|7019|SouthBase-793175-7019,MBTA,1785603900,SouthBase-793175-7019,7019,Fall River/New Bedford Line,Outbound,New Bedford,1785610080,1785610696,1785610080,,SCHEDULED,SCHEDULED,False
,MBTA|20260801|5144|NorthBase-825521-5144,MBTA,1785604020,NorthBase-825521-5144,5144,Newburyport/Rockport Line,Inbound,Newburyport,1785604020,1785604020,1785604020,1785604020,SCHEDULED,SCHEDULED,True
1785604530,MBTA|20260801|5144|NorthBase-825521-5144,MBTA,1785604020,NorthBase-825521-5144,5144,Newburyport/Rockport Line,Inbound,Rowley,1785604440,1785604517,1785604440,1785604517,SCHEDULED,SCHEDULED,False
1785604950,MBTA|20260801|5144|NorthBase-825521-5144,MBTA,1785604020,NorthBase-825521-5144,5144,Newburyport/Rockport Line,Inbound,Ipswich,1785604800,1785604926,1785604800,1785604926,SCHEDULED,SCHEDULED,False
1785605310,MBTA|20260801|5144|NorthBase-825521-5144,MBTA,1785604020,NorthBase-825521-5144,5144,Newburyport/Rockport Line,Inbound,Hamilton/Wenham,1785605160,1785605302,1785605160,1785605302,SCHEDULED,SCHEDULED,False
1785605580,MBTA|20260801|5144|NorthBase-825521-5144,MBTA,1785604020,NorthBase-825521-5144,5144,Newburyport/Rockport Line,Inbound,North Beverly,1785605400,1785605561,1785605400,1785605561,SCHEDULED,SCHEDULED,False
1785605940,MBTA|20260801|5144|NorthBase-825521-5144,MBTA,1785604020,NorthBase-825521-5144,5144,Newburyport/Rockport Line,Inbound,Beverly,1785605760,1785605920,1785605760,1785605920,SCHEDULED,SCHEDULED,False
1785606300,MBTA|20260801|5144|NorthBase-825521-5144,MBTA,1785604020,NorthBase-825521-5144,5144,Newburyport/Rockport Line,Inbound,Salem,1785606000,1785606236,1785606000,1785606236,SCHEDULED,SCHEDULED,False
1785606600,MBTA|20260801|5144|NorthBase-825521-5144,MBTA,1785604020,NorthBase-825521-5144,5144,Newburyport/Rockport Line,Inbound,Swampscott,1785606420,1785606562,1785606420,1785606562,SCHEDULED,SCHEDULED,False
1785606810,MBTA|20260801|5144|NorthBase-825521-5144,MBTA,1785604020,NorthBase-825521-5144,5144,Newburyport/Rockport Line,Inbound,Lynn Interim,1785606600,1785606789,1785606600,1785606789,SCHEDULED,SCHEDULED,False
1785607440,MBTA|20260801|5144|NorthBase-825521-5144,MBTA,1785604020,NorthBase-825521-5144,5144,Newburyport/Rockport Line,Inbound,Chelsea,1785607200,1785607425,1785607200,1785607475,SCHEDULED,SCHEDULED,False
1785608040,MBTA|20260801|5144|NorthBase-825521-5144,MBTA,1785604020,NorthBase-825521-5144,5144,Newburyport/Rockport Line,Inbound,North Station,1785608160,1785608065,1785608160,,SCHEDULED,SCHEDULED,False
,MBTA|20260801|5546|SouthBase-825450-5546,MBTA,1785604200,SouthBase-825450-5546,5546,Framingham/Worcester Line,Inbound,Worcester,1785604200,1785604200,1785604200,1785604200,SCHEDULED,SCHEDULED,True
1785605040,MBTA|20260801|5546|SouthBase-825450-5546,MBTA,1785604200,SouthBase-825450-5546,5546,Framingham/Worcester Line,Inbound,Grafton,1785604920,1785605019,1785604920,1785605019,SCHEDULED,SCHEDULED,False
1785605310,MBTA|20260801|5546|SouthBase-825450-5546,MBTA,1785604200,SouthBase-825450-5546,5546,Framingham/Worcester Line,Inbound,Westborough,1785605220,1785605289,1785605220,1785605289,SCHEDULED,SCHEDULED,False
1785605820,MBTA|20260801|5546|SouthBase-825450-5546,MBTA,1785604200,SouthBase-825450-5546,5546,Framingham/Worcester Line,Inbound,Southborough,1785605760,1785605760,1785605760,1785605760,SCHEDULED,SCHEDULED,False
1785606150,MBTA|20260801|5546|SouthBase-825450-5546,MBTA,1785604200,SouthBase-825450-5546,5546,Framingham/Worcester Line,Inbound,Ashland,1785606000,1785606126,1785606000,1785606126,SCHEDULED,SCHEDULED,False
1785606690,MBTA|20260801|5546|SouthBase-825450-5546,MBTA,1785604200,SouthBase-825450-5546,5546,Framingham/Worcester Line,Inbound,Framingham,1785606600,1785606670,1785606600,1785606670,SCHEDULED,SCHEDULED,False
1785607050,MBTA|20260801|5546|SouthBase-825450-5546,MBTA,1785604200,SouthBase-825450-5546,5546,Framingham/Worcester Line,Inbound,West Natick,1785606960,1785607026,1785606960,1785607026,SCHEDULED,SCHEDULED,False
1785607380,MBTA|20260801|5546|SouthBase-825450-5546,MBTA,1785604200,SouthBase-825450-5546,5546,Framingham/Worcester Line,Inbound,Natick Center,1785607260,1785607263,1785607260,1785607263,SCHEDULED,SCHEDULED,False
1785607680,MBTA|20260801|5546|SouthBase-825450-5546,MBTA,1785604200,SouthBase-825450-5546,5546,Framingham/Worcester Line,Inbound,Wellesley Square,1785607560,1785607621,1785607560,1785607621,SCHEDULED,SCHEDULED,False
1785607920,MBTA|20260801|5546|SouthBase-825450-5546,MBTA,1785604200,SouthBase-825450-5546,5546,Framingham/Worcester Line,Inbound,Wellesley Hills,1785607800,1785607850,1785607800,1785607850,SCHEDULED,SCHEDULED,False
1785608100,MBTA|20260801|5546|SouthBase-825450-5546,MBTA,1785604200,SouthBase-825450-5546,5546,Framingham/Worcester Line,Inbound,Wellesley Farms,1785607920,1785608081,1785607920,1785608081,SCHEDULED,SCHEDULED,False
1785608310,MBTA|20260801|5546|SouthBase-825450-5546,MBTA,1785604200,SouthBase-825450-5546,5546,Framingham/Worcester Line,Inbound,Auburndale,1785608160,1785608266,1785608160,1785608266,SCHEDULED,SCHEDULED,False
1785608520,MBTA|20260801|5546|SouthBase-825450-5546,MBTA,1785604200,SouthBase-825450-5546,5546,Framingham/Worcester Line,Inbound,West Newton,1785608340,1785608500,1785608340,1785608500,SCHEDULED,SCHEDULED,False
1785608700,MBTA|20260801|5546|SouthBase-825450-5546,MBTA,1785604200,SouthBase-825450-5546,5546,Framingham/Worcester Line,Inbound,Newtonville,1785608580,1785608680,1785608580,1785608680,SCHEDULED,SCHEDULED,False
1785609000,MBTA|20260801|5546|SouthBase-825450-5546,MBTA,1785604200,SouthBase-825450-5546,5546,Framingham/Worcester Line,Inbound,Boston Landing,1785608880,1785608993,1785608880,1785608993,SCHEDULED,SCHEDULED,False
1785609450,MBTA|20260801|5546|SouthBase-825450-5546,MBTA,1785604200,SouthBase-825450-5546,5546,Framingham/Worcester Line,Inbound,Lansdowne,1785609180,1785609426,1785609180,1785609426,SCHEDULED,SCHEDULED,False
1785609750,MBTA|20260801|5546|SouthBase-825450-5546,MBTA,1785604200,SouthBase-825450-5546,5546,Framingham/Worcester Line,Inbound,Back Bay,1785609660,1785609622,1785609660,1785609622,SCHEDULED,SCHEDULED,False
1785611040,MBTA|20260801|5546|SouthBase-825450-5546,MBTA,1785604200,SouthBase-825450-5546,5546,Framingham/Worcester Line,Inbound,South Station,1785610020,1785611037,1785610020,,SCHEDULED,SCHEDULED,False
,MBTA|20260801|5243|NorthBase-825538-5243,MBTA,1785604500,NorthBase-825538-5243,5243,Haverhill Line,Outbound,North Station,1785604500,1785604500,1785604500,1785604500,SCHEDULED,SCHEDULED,True
1785605220,MBTA|20260801|5243|NorthBase-825538-5243,MBTA,1785604500,NorthBase-825538-5243,5243,Haverhill Line,Outbound,Malden Center,1785605160,1785605201,1785605160,1785605201,SCHEDULED,SCHEDULED,False
1785605340,MBTA|20260801|5243|NorthBase-825538-5243,MBTA,1785604500,NorthBase-825538-5243,5243,Haverhill Line,Outbound,Oak Grove,1785605280,1785605339,1785605280,1785605339,SCHEDULED,SCHEDULED,False
1785605520,MBTA|20260801|5243|NorthBase-825538-5243,MBTA,1785604500,NorthBase-825538-5243,5243,Haverhill Line,Outbound,Wyoming Hill,1785605400,1785605535,1785605400,1785605535,SCHEDULED,SCHEDULED,False
1785605640,MBTA|20260801|5243|NorthBase-825538-5243,MBTA,1785604500,NorthBase-825538-5243,5243,Haverhill Line,Outbound,Melrose/Cedar Park,1785605520,1785605621,1785605520,1785605621,SCHEDULED,SCHEDULED,False
1785605760,MBTA|20260801|5243|NorthBase-825538-5243,MBTA,1785604500,NorthBase-825538-5243,5243,Haverhill Line,Outbound,Melrose Highlands,1785605700,1785605756,1785605700,1785605756,SCHEDULED,SCHEDULED,False
1785605970,MBTA|20260801|5243|NorthBase-825538-5243,MBTA,1785604500,NorthBase-825538-5243,5243,Haverhill Line,Outbound,Greenwood,1785605880,1785605962,1785605880,1785605962,SCHEDULED,SCHEDULED,False
1785606210,MBTA|20260801|5243|NorthBase-825538-5243,MBTA,1785604500,NorthBase-825538-5243,5243,Haverhill Line,Outbound,Wakefield,1785606120,1785606191,1785606120,1785606191,SCHEDULED,SCHEDULED,False
1785606570,MBTA|20260801|5243|NorthBase-825538-5243,MBTA,1785604500,NorthBase-825538-5243,5243,Haverhill Line,Outbound,Reading,1785606480,1785606551,1785606480,1785606551,SCHEDULED,SCHEDULED,False
1785606930,MBTA|20260801|5243|NorthBase-825538-5243,MBTA,1785604500,NorthBase-825538-5243,5243,Haverhill Line,Outbound,North Wilmington,1785606840,1785606912,1785606840,1785606912,SCHEDULED,SCHEDULED,False
1785607320,MBTA|20260801|5243|NorthBase-825538-5243,MBTA,1785604500,NorthBase-825538-5243,5243,Haverhill Line,Outbound,Ballardvale,1785607260,1785607301,1785607260,1785607301,SCHEDULED,SCHEDULED,False
1785607590,MBTA|20260801|5243|NorthBase-825538-5243,MBTA,1785604500,NorthBase-825538-5243,5243,Haverhill Line,Outbound,Andover,1785607560,1785607571,1785607560,1785607571,SCHEDULED,SCHEDULED,False
1785608040,MBTA|20260801|5243|NorthBase-825538-5243,MBTA,1785604500,NorthBase-825538-5243,5243,Haverhill Line,Outbound,Lawrence,1785607980,1785608021,1785607980,1785608021,SCHEDULED,SCHEDULED,False
1785608520,MBTA|20260801|5243|NorthBase-825538-5243,MBTA,1785604500,NorthBase-825538-5243,5243,Haverhill Line,Outbound,Bradford,1785608460,1785608486,1785608460,1785608486,SCHEDULED,SCHEDULED,False
1785608880,MBTA|20260801|5243|NorthBase-825538-5243,MBTA,1785604500,NorthBase-825538-5243,5243,Haverhill Line,Outbound,Haverhill,1785608880,1785608547,1785608880,,SCHEDULED,SCHEDULED,False
1785604650,MBTA|20260801|5643|SouthBase-830448-5643,MBTA,1785604500,SouthBase-830448-5643,5643,Needham Line,Outbound,South Station,1785604500,,1785604500,1785604638,SCHEDULED,SCHEDULED,False
,MBTA|20260801|5643|SouthBase-830448-5643,MBTA,1785604500,SouthBase-830448-5643,5643,Needham Line,Outbound,Back Bay,1785604800,1785604800,1785604800,1785604800,SCHEDULED,SCHEDULED,True
,MBTA|20260801|5643|SouthBase-830448-5643,MBTA,1785604500,SouthBase-830448-5643,5643,Needham Line,Outbound,Ruggles,1785604980,1785604980,1785604980,1785604980,SCHEDULED,SCHEDULED,True
1785605490,MBTA|20260801|5643|SouthBase-830448-5643,MBTA,1785604500,SouthBase-830448-5643,5643,Needham Line,Outbound,Forest Hills,1785605280,1785605462,1785605280,1785605512,SCHEDULED,SCHEDULED,False
1785605700,MBTA|20260801|5643|SouthBase-830448-5643,MBTA,1785604500,SouthBase-830448-5643,5643,Needham Line,Outbound,Roslindale Village,1785605460,1785605673,1785605460,1785605673,SCHEDULED,SCHEDULED,False
1785605850,MBTA|20260801|5643|SouthBase-830448-5643,MBTA,1785604500,SouthBase-830448-5643,5643,Needham Line,Outbound,Bellevue,1785605640,1785605797,1785605640,1785605797,SCHEDULED,SCHEDULED,False
1785605940,MBTA|20260801|5643|SouthBase-830448-5643,MBTA,1785604500,SouthBase-830448-5643,5643,Needham Line,Outbound,Highland,1785605760,1785605905,1785605760,1785605905,SCHEDULED,SCHEDULED,False
1785606030,MBTA|20260801|5643|SouthBase-830448-5643,MBTA,1785604500,SouthBase-830448-5643,5643,Needham Line,Outbound,West Roxbury,1785605880,1785605987,1785605880,1785605987,SCHEDULED,SCHEDULED,False
1785606300,MBTA|20260801|5643|SouthBase-830448-5643,MBTA,1785604500,SouthBase-830448-5643,5643,Needham Line,Outbound,Hersey,1785606180,1785606269,1785606180,1785606269,SCHEDULED,SCHEDULED,False
1785606510,MBTA|20260801|5643|SouthBase-830448-5643,MBTA,1785604500,SouthBase-830448-5643,5643,Needham Line,Outbound,Needham Junction,1785606360,1785606480,1785606360,1785606480,SCHEDULED,SCHEDULED,False
1785606750,MBTA|20260801|5643|SouthBase-830448-5643,MBTA,1785604500,SouthBase-830448-5643,5643,Needham Line,Outbound,Needham Center,1785606600,1785606672,1785606600,1785606672,SCHEDULED,SCHEDULED,False
1785606870,MBTA|20260801|5643|SouthBase-830448-5643,MBTA,1785604500,SouthBase-830448-5643,5643,Needham Line,Outbound,Needham Heights,1785606900,1785606872,1785606900,,SCHEDULED,SCHEDULED,False
,MBTA|20260801|6647|SouthBase-830434-6647,MBTA,1785604620,SouthBase-830434-6647,6647,Fairmount Line,Outbound,South Station,1785604620,1785604620,1785604620,1785604620,SCHEDULED,SCHEDULED,True
1785605220,MBTA|20260801|6647|SouthBase-830434-6647,MBTA,1785604620,SouthBase-830434-6647,6647,Fairmount Line,Outbound,Newmarket,1785605100,1785605173,1785605100,1785605173,SCHEDULED,SCHEDULED,False
1785605340,MBTA|20260801|6647|SouthBase-830434-6647,MBTA,1785604620,SouthBase-830434-6647,6647,Fairmount Line,Outbound,Uphams Corner,1785605220,1785605298,1785605220,1785605298,SCHEDULED,SCHEDULED,False
1785605550,MBTA|20260801|6647|SouthBase-830434-6647,MBTA,1785604620,SouthBase-830434-6647,6647,Fairmount Line,Outbound,Four Corners/Geneva,1785605400,1785605514,1785605400,1785605514,SCHEDULED,SCHEDULED,False
1785605700,MBTA|20260801|6647|SouthBase-830434-6647,MBTA,1785604620,SouthBase-830434-6647,6647,Fairmount Line,Outbound,Talbot Avenue,1785605580,1785605716,1785605580,1785605716,SCHEDULED,SCHEDULED,False
1785605850,MBTA|20260801|6647|SouthBase-830434-6647,MBTA,1785604620,SouthBase-830434-6647,6647,Fairmount Line,Outbound,Morton Street,1785605760,1785605824,1785605760,1785605824,SCHEDULED,SCHEDULED,False
1785606030,MBTA|20260801|6647|SouthBase-830434-6647,MBTA,1785604620,SouthBase-830434-6647,6647,Fairmount Line,Outbound,Blue Hill Avenue,1785605880,1785605979,1785605880,1785605979,SCHEDULED,SCHEDULED,False
1785606240,MBTA|20260801|6647|SouthBase-830434-6647,MBTA,1785604620,SouthBase-830434-6647,6647,Fairmount Line,Outbound,Fairmount,1785606060,1785606164,1785606060,1785606164,SCHEDULED,SCHEDULED,False
1785606330,MBTA|20260801|6647|SouthBase-830434-6647,MBTA,1785604620,SouthBase-830434-6647,6647,Fairmount Line,Outbound,Readville,1785606420,1785606349,1785606420,,SCHEDULED,SCHEDULED,False
,MBTA|20260801|5344|NorthBase-825555-5344,MBTA,1785604920,NorthBase-825555-5344,5344,Lowell Line,Inbound,Lowell,1785604920,1785604920,1785604920,1785604920,SCHEDULED,SCHEDULED,True
1785605520,MBTA|20260801|5344|NorthBase-825555-5344,MBTA,1785604920,NorthBase-825555-5344,5344,Lowell Line,Inbound,North Billerica,1785605400,1785605479,1785605400,1785605479,SCHEDULED,SCHEDULED,False
1785606000,MBTA|20260801|5344|NorthBase-825555-5344,MBTA,1785604920,NorthBase-825555-5344,5344,Lowell Line,Inbound,Wilmington,1785605820,1785605975,1785605820,1785605975,SCHEDULED,SCHEDULED,False
1785606300,MBTA|20260801|5344|NorthBase-825555-5344,MBTA,1785604920,NorthBase-825555-5344,5344,Lowell Line,Inbound,Anderson/Woburn,1785606060,1785606254,1785606060,1785606254,SCHEDULED,SCHEDULED,False
1785606780,MBTA|20260801|5344|NorthBase-825555-5344,MBTA,1785604920,NorthBase-825555-5344,5344,Lowell Line,Inbound,Winchester Center,1785606420,1785606750,1785606420,1785606750,SCHEDULED,SCHEDULED,False
1785606990,MBTA|20260801|5344|NorthBase-825555-5344,MBTA,1785604920,NorthBase-825555-5344,5344,Lowell Line,Inbound,Wedgemere,1785606540,1785606967,1785606540,1785606967,SCHEDULED,SCHEDULED,False
1785608610,MBTA|20260801|5344|NorthBase-825555-5344,MBTA,1785604920,NorthBase-825555-5344,5344,Lowell Line,Inbound,West Medford,1785606780,1785608596,1785606780,1785608646,SCHEDULED,SCHEDULED,False
1785609780,MBTA|20260801|5344|NorthBase-825555-5344,MBTA,1785604920,NorthBase-825555-5344,5344,Lowell Line,Inbound,North Station,1785607620,1785609764,1785607620,,SCHEDULED,SCHEDULED,False
1785605490,MBTA|20260801|5145|NorthBase-825522-5145,MBTA,1785605400,NorthBase-825522-5145,5145,Newburyport/Rockport Line,Outbound,North Station,1785605400,,1785605400,1785605448,SCHEDULED,SCHEDULED,False
1785606150,MBTA|20260801|5145|NorthBase-825522-5145,MBTA,1785605400,NorthBase-825522-5145,5145,Newburyport/Rockport Line,Outbound,Chelsea,1785606060,1785606123,1785606060,1785606123,SCHEDULED,SCHEDULED,False
1785606840,MBTA|20260801|5145|NorthBase-825522-5145,MBTA,1785605400,NorthBase-825522-5145,5145,Newburyport/Rockport Line,Outbound,Lynn Interim,1785606720,1785606805,1785606720,1785606805,SCHEDULED,SCHEDULED,False
1785607050,MBTA|20260801|5145|NorthBase-825522-5145,MBTA,1785605400,NorthBase-825522-5145,5145,Newburyport/Rockport Line,Outbound,Swampscott,1785606900,1785606991,1785606900,1785606991,SCHEDULED,SCHEDULED,False
1785607470,MBTA|20260801|5145|NorthBase-825522-5145,MBTA,1785605400,NorthBase-825522-5145,5145,Newburyport/Rockport Line,Outbound,Salem,1785607320,1785607449,1785607320,1785607449,SCHEDULED,SCHEDULED,False
1785607740,MBTA|20260801|5145|NorthBase-825522-5145,MBTA,1785605400,NorthBase-825522-5145,5145,Newburyport/Rockport Line,Outbound,Beverly,1785607560,1785607704,1785607560,1785607704,SCHEDULED,SCHEDULED,False
1785608100,MBTA|20260801|5145|NorthBase-825522-5145,MBTA,1785605400,NorthBase-825522-5145,5145,Newburyport/Rockport Line,Outbound,North Beverly,1785607860,1785608045,1785607860,1785608045,SCHEDULED,SCHEDULED,False
1785608280,MBTA|20260801|5145|NorthBase-825522-5145,MBTA,1785605400,NorthBase-825522-5145,5145,Newburyport/Rockport Line,Outbound,Hamilton/Wenham,1785608100,1785608238,1785608100,1785608238,SCHEDULED,SCHEDULED,False
1785608700,MBTA|20260801|5145|NorthBase-825522-5145,MBTA,1785605400,NorthBase-825522-5145,5145,Newburyport/Rockport Line,Outbound,Ipswich,1785608460,1785608665,1785608460,1785608665,SCHEDULED,SCHEDULED,False
1785609030,MBTA|20260801|5145|NorthBase-825522-5145,MBTA,1785605400,NorthBase-825522-5145,5145,Newburyport/Rockport Line,Outbound,Rowley,1785608760,1785609013,1785608760,1785609013,SCHEDULED,SCHEDULED,False
1785609390,MBTA|20260801|5145|NorthBase-825522-5145,MBTA,1785605400,NorthBase-825522-5145,5145,Newburyport/Rockport Line,Outbound,Newburyport,1785609540,1785609394,1785609540,,SCHEDULED,SCHEDULED,False
1785605460,MBTA|20260801|6654|SouthBase-830374-6654,MBTA,1785605400,SouthBase-830374-6654,6654,Fairmount Line,Inbound,Readville,1785605400,,1785605400,1785605433,SCHEDULED,SCHEDULED,False
1785605700,MBTA|20260801|6654|SouthBase-830374-6654,MBTA,1785605400,SouthBase-830374-6654,6654,Fairmount Line,Inbound,Fairmount,1785605580,1785605645,1785605580,1785605645,SCHEDULED,SCHEDULED,False
1785605880,MBTA|20260801|6654|SouthBase-830374-6654,MBTA,1785605400,SouthBase-830374-6654,6654,Fairmount Line,Inbound,Blue Hill Avenue,1785605760,1785605831,1785605760,1785605831,SCHEDULED,SCHEDULED,False
1785606030,MBTA|20260801|6654|SouthBase-830374-6654,MBTA,1785605400,SouthBase-830374-6654,6654,Fairmount Line,Inbound,Morton Street,1785605880,1785605986,1785605880,1785605986,SCHEDULED,SCHEDULED,False
1785606150,MBTA|20260801|6654|SouthBase-830374-6654,MBTA,1785605400,SouthBase-830374-6654,6654,Fairmount Line,Inbound,Talbot Avenue,1785606060,1785606134,1785606060,1785606134,SCHEDULED,SCHEDULED,False
1785606510,MBTA|20260801|6654|SouthBase-830374-6654,MBTA,1785605400,SouthBase-830374-6654,6654,Fairmount Line,Inbound,Four Corners/Geneva,1785606240,1785606389,1785606240,1785606389,SCHEDULED,SCHEDULED,False
1785606600,MBTA|20260801|6654|SouthBase-830374-6654,MBTA,1785605400,SouthBase-830374-6654,6654,Fairmount Line,Inbound,Uphams Corner,1785606420,1785606575,1785606420,1785606575,SCHEDULED,SCHEDULED,False
1785606660,MBTA|20260801|6654|SouthBase-830374-6654,MBTA,1785605400,SouthBase-830374-6654,6654,Fairmount Line,Inbound,Newmarket,1785606540,1785606645,1785606540,1785606695,SCHEDULED,SCHEDULED,False
1785607140,MBTA|20260801|6654|SouthBase-830374-6654,MBTA,1785605400,SouthBase-830374-6654,6654,Fairmount Line,Inbound,South Station,1785607200,1785607151,1785607200,,SCHEDULED,SCHEDULED,False
,MBTA|20260801|6069|SouthBase-793244-6069,MBTA,1785605820,SouthBase-793244-6069,6069,Greenbush Line,Outbound,South Station,1785605820,1785605820,1785605820,1785605820,SCHEDULED,SCHEDULED,True
1785606930,MBTA|20260801|6069|SouthBase-793244-6069,MBTA,1785605820,SouthBase-793244-6069,6069,Greenbush Line,Outbound,Quincy Center,1785606780,1785606890,1785606780,1785606890,SCHEDULED,SCHEDULED,False
1785607440,MBTA|20260801|6069|SouthBase-793244-6069,MBTA,1785605820,SouthBase-793244-6069,6069,Greenbush Line,Outbound,Weymouth Landing/East Braintree,1785607320,1785607417,1785607320,1785607417,SCHEDULED,SCHEDULED,False
1785607770,MBTA|20260801|6069|SouthBase-793244-6069,MBTA,1785605820,SouthBase-793244-6069,6069,Greenbush Line,Outbound,East Weymouth,1785607620,1785607742,1785607620,1785607792,SCHEDULED,SCHEDULED,False
1785607980,MBTA|20260801|6069|SouthBase-793244-6069,MBTA,1785605820,SouthBase-793244-6069,6069,Greenbush Line,Outbound,West Hingham,1785607800,1785607944,1785607800,1785607944,SCHEDULED,SCHEDULED,False
1785608220,MBTA|20260801|6069|SouthBase-793244-6069,MBTA,1785605820,SouthBase-793244-6069,6069,Greenbush Line,Outbound,Nantasket Junction,1785608100,1785608207,1785608100,1785608207,SCHEDULED,SCHEDULED,False
1785608430,MBTA|20260801|6069|SouthBase-793244-6069,MBTA,1785605820,SouthBase-793244-6069,6069,Greenbush Line,Outbound,Cohasset,1785608280,1785608409,1785608280,1785608409,SCHEDULED,SCHEDULED,False
1785608850,MBTA|20260801|6069|SouthBase-793244-6069,MBTA,1785605820,SouthBase-793244-6069,6069,Greenbush Line,Outbound,North Scituate,1785608700,1785608848,1785608700,1785608898,SCHEDULED,SCHEDULED,False
1785609330,MBTA|20260801|6069|SouthBase-793244-6069,MBTA,1785605820,SouthBase-793244-6069,6069,Greenbush Line,Outbound,Greenbush,1785609300,1785609220,1785609300,,SCHEDULED,SCHEDULED,False
1785606360,MBTA|20260801|5846|SouthBase-793095-5846,MBTA,1785606300,SouthBase-793095-5846,5846,Providence/Stoughton Line,Inbound,Providence,1785606300,,1785606300,1785606331,SCHEDULED,SCHEDULED,False
1785606870,MBTA|20260801|5846|SouthBase-793095-5846,MBTA,1785606300,SouthBase-793095-5846,5846,Providence/Stoughton Line,Inbound,Pawtucket/Central Falls,1785606660,1785606827,1785606660,1785606827,SCHEDULED,SCHEDULED,False
1785607740,MBTA|20260801|5846|SouthBase-793095-5846,MBTA,1785606300,SouthBase-793095-5846,5846,Providence/Stoughton Line,Inbound,Attleboro,1785607380,1785607690,1785607380,1785607690,SCHEDULED,SCHEDULED,False
1785608310,MBTA|20260801|5846|SouthBase-793095-5846,MBTA,1785606300,SouthBase-793095-5846,5846,Providence/Stoughton Line,Inbound,Mansfield,1785607980,1785608279,1785607980,1785608279,SCHEDULED,SCHEDULED,False
1785608820,MBTA|20260801|5846|SouthBase-793095-5846,MBTA,1785606300,SouthBase-793095-5846,5846,Providence/Stoughton Line,Inbound,Sharon,1785608520,1785608775,1785608520,1785608775,SCHEDULED,SCHEDULED,False
1785609090,MBTA|20260801|5846|SouthBase-793095-5846,MBTA,1785606300,SouthBase-793095-5846,5846,Providence/Stoughton Line,Inbound,Canton Junction,1785608820,1785609054,1785608820,1785609054,SCHEDULED,SCHEDULED,False
1785609390,MBTA|20260801|5846|SouthBase-793095-5846,MBTA,1785606300,SouthBase-793095-5846,5846,Providence/Stoughton Line,Inbound,Route 128,1785609180,1785609337,1785609180,1785609337,SCHEDULED,SCHEDULED,False
1785609660,MBTA|20260801|5846|SouthBase-793095-5846,MBTA,1785606300,SouthBase-793095-5846,5846,Providence/Stoughton Line,Inbound,Readville,1785609420,1785609618,1785609420,1785609618,SCHEDULED,SCHEDULED,False
1785609840,MBTA|20260801|5846|SouthBase-793095-5846,MBTA,1785606300,SouthBase-793095-5846,5846,Providence/Stoughton Line,Inbound,Hyde Park,1785609600,1785609798,1785609600,1785609798,SCHEDULED,SCHEDULED,False
1785610260,MBTA|20260801|5846|SouthBase-793095-5846,MBTA,1785606300,SouthBase-793095-5846,5846,Providence/Stoughton Line,Inbound,Ruggles,1785610260,1785610155,1785610260,1785610155,SCHEDULED,SCHEDULED,False
1785610500,MBTA|20260801|5846|SouthBase-793095-5846,MBTA,1785606300,SouthBase-793095-5846,5846,Providence/Stoughton Line,Inbound,Back Bay,1785610500,1785610371,1785610500,1785610371,SCHEDULED,SCHEDULED,False
1785610830,MBTA|20260801|5846|SouthBase-793095-5846,MBTA,1785606300,SouthBase-793095-5846,5846,Providence/Stoughton Line,Inbound,South Station,1785610800,1785610824,1785610800,,SCHEDULED,SCHEDULED,False
1785606600,MBTA|20260801|5746|SouthBase-830459-5746,MBTA,1785606420,SouthBase-830459-5746,5746,Franklin/Foxboro Line,Inbound,Forge Park/495,1785606420,,1785606420,1785606483,SCHEDULED,SCHEDULED,False
1785606990,MBTA|20260801|5746|SouthBase-830459-5746,MBTA,1785606420,SouthBase-830459-5746,5746,Franklin/Foxboro Line,Inbound,Franklin,1785606840,1785606959,1785606840,1785606959,SCHEDULED,SCHEDULED,False
1785607530,MBTA|20260801|5746|SouthBase-830459-5746,MBTA,1785606420,SouthBase-830459-5746,5746,Franklin/Foxboro Line,Inbound,Norfolk,1785607260,1785607527,1785607260,1785607577,SCHEDULED,SCHEDULED,False
1785607890,MBTA|20260801|5746|SouthBase-830459-5746,MBTA,1785606420,SouthBase-830459-5746,5746,Franklin/Foxboro Line,Inbound,Walpole,1785607680,1785607844,1785607680,1785607844,SCHEDULED,SCHEDULED,False
1785608190,MBTA|20260801|5746|SouthBase-830459-5746,MBTA,1785606420,SouthBase-830459-5746,5746,Franklin/Foxboro Line,Inbound,Windsor Gardens,1785607860,1785608154,1785607860,1785608154,SCHEDULED,SCHEDULED,False
1785608430,MBTA|20260801|5746|SouthBase-830459-5746,MBTA,1785606420,SouthBase-830459-5746,5746,Franklin/Foxboro Line,Inbound,Norwood Central,1785608100,1785608402,1785608100,1785608402,SCHEDULED,SCHEDULED,False
1785608610,MBTA|20260801|5746|SouthBase-830459-5746,MBTA,1785606420,SouthBase-830459-5746,5746,Franklin/Foxboro Line,Inbound,Norwood Depot,1785608220,1785608585,1785608220,1785608585,SCHEDULED,SCHEDULED,False
1785608850,MBTA|20260801|5746|SouthBase-830459-5746,MBTA,1785606420,SouthBase-830459-5746,5746,Franklin/Foxboro Line,Inbound,Islington,1785608400,1785608805,1785608400,1785608805,SCHEDULED,SCHEDULED,False
1785608970,MBTA|20260801|5746|SouthBase-830459-5746,MBTA,1785606420,SouthBase-830459-5746,5746,Franklin/Foxboro Line,Inbound,Dedham Corporate Center,1785608520,1785608929,1785608520,1785608929,SCHEDULED,SCHEDULED,False
1785609180,MBTA|20260801|5746|SouthBase-830459-5746,MBTA,1785606420,SouthBase-830459-5746,5746,Franklin/Foxboro Line,Inbound,Endicott,1785608700,1785609145,1785608700,1785609145,SCHEDULED,SCHEDULED,False
1785609420,MBTA|20260801|5746|SouthBase-830459-5746,MBTA,1785606420,SouthBase-830459-5746,5746,Franklin/Foxboro Line,Inbound,Readville,1785609000,1785609394,1785609000,1785609394,SCHEDULED,SCHEDULED,False
1785609660,MBTA|20260801|5746|SouthBase-830459-5746,MBTA,1785606420,SouthBase-830459-5746,5746,Franklin/Foxboro Line,Inbound,Fairmount,1785609180,1785609615,1785609180,1785609615,SCHEDULED,SCHEDULED,False
1785609840,MBTA|20260801|5746|SouthBase-830459-5746,MBTA,1785606420,SouthBase-830459-5746,5746,Franklin/Foxboro Line,Inbound,Blue Hill Avenue,1785609360,1785609809,1785609360,1785609809,SCHEDULED,SCHEDULED,False
1785610050,MBTA|20260801|5746|SouthBase-830459-5746,MBTA,1785606420,SouthBase-830459-5746,5746,Franklin/Foxboro Line,Inbound,Morton Street,1785609480,1785610024,1785609480,1785610024,SCHEDULED,SCHEDULED,False
1785610140,MBTA|20260801|5746|SouthBase-830459-5746,MBTA,1785606420,SouthBase-830459-5746,5746,Franklin/Foxboro Line,Inbound,Talbot Avenue,1785609660,1785610169,1785609660,1785610169,SCHEDULED,SCHEDULED,False
1785610440,MBTA|20260801|5746|SouthBase-830459-5746,MBTA,1785606420,SouthBase-830459-5746,5746,Franklin/Foxboro Line,Inbound,Four Corners/Geneva,1785609840,1785610386,1785609840,1785610386,SCHEDULED,SCHEDULED,False
1785610590,MBTA|20260801|5746|SouthBase-830459-5746,MBTA,1785606420,SouthBase-830459-5746,5746,Franklin/Foxboro Line,Inbound,Uphams Corner,1785610020,1785610552,1785610020,1785610552,SCHEDULED,SCHEDULED,False
1785610650,MBTA|20260801|5746|SouthBase-830459-5746,MBTA,1785606420,SouthBase-830459-5746,5746,Franklin/Foxboro Line,Inbound,Newmarket,1785610140,1785610622,1785610140,1785610672,SCHEDULED,SCHEDULED,False
1785611280,MBTA|20260801|5746|SouthBase-830459-5746,MBTA,1785606420,SouthBase-830459-5746,5746,Franklin/Foxboro Line,Inbound,South Station,1785610800,1785611286,1785610800,,SCHEDULED,SCHEDULED,False
1785606720,MBTA|20260801|6649|SouthBase-830367-6649,MBTA,1785606420,SouthBase-830367-6649,6649,Fairmount Line,Outbound,South Station,1785606420,,1785606420,1785606703,SCHEDULED,SCHEDULED,False
1785607170,MBTA|20260801|6649|SouthBase-830367-6649,MBTA,1785606420,SouthBase-830367-6649,6649,Fairmount Line,Outbound,Newmarket,1785606900,1785607140,1785606900,1785607140,SCHEDULED,SCHEDULED,False
1785607320,MBTA|20260801|6649|SouthBase-830367-6649,MBTA,1785606420,SouthBase-830367-6649,6649,Fairmount Line,Outbound,Uphams Corner,1785607020,1785607273,1785607020,1785607273,SCHEDULED,SCHEDULED,False
1785607500,MBTA|20260801|6649|SouthBase-830367-6649,MBTA,1785606420,SouthBase-830367-6649,6649,Fairmount Line,Outbound,Four Corners/Geneva,1785607200,1785607459,1785607200,1785607459,SCHEDULED,SCHEDULED,False
1785607620,MBTA|20260801|6649|SouthBase-830367-6649,MBTA,1785606420,SouthBase-830367-6649,6649,Fairmount Line,Outbound,Talbot Avenue,1785607380,1785607594,1785607380,1785607644,SCHEDULED,SCHEDULED,False
1785607770,MBTA|20260801|6649|SouthBase-830367-6649,MBTA,1785606420,SouthBase-830367-6649,6649,Fairmount Line,Outbound,Morton Street,1785607560,1785607742,1785607560,1785607742,SCHEDULED,SCHEDULED,False
1785607860,MBTA|20260801|6649|SouthBase-830367-6649,MBTA,1785606420,SouthBase-830367-6649,6649,Fairmount Line,Outbound,Blue Hill Avenue,1785607680,1785607868,1785607680,1785607868,SCHEDULED,SCHEDULED,False
1785608070,MBTA|20260801|6649|SouthBase-830367-6649,MBTA,1785606420,SouthBase-830367-6649,6649,Fairmount Line,Outbound,Fairmount,1785607980,1785608059,1785607980,,SCHEDULED,SCHEDULED,False
,MBTA|20260801|6021|SouthBase-793113-6021,MBTA,1785607080,SouthBase-793113-6021,6021,Kingston Line,Outbound,South Station,1785607080,1785607080,1785607080,1785607080,SCHEDULED,SCHEDULED,True
1785609270,MBTA|20260801|6021|SouthBase-793113-6021,MBTA,1785607080,SouthBase-793113-6021,6021,Kingston Line,Outbound,Quincy Center,1785607980,1785609244,1785607980,1785609244,SCHEDULED,SCHEDULED,False
1785609720,MBTA|20260801|6021|SouthBase-793113-6021,MBTA,1785607080,SouthBase-793113-6021,6021,Kingston Line,Outbound,Braintree,1785608340,1785609678,1785608340,1785609678,SCHEDULED,SCHEDULED,False
1785610140,MBTA|20260801|6021|SouthBase-793113-6021,MBTA,1785607080,SouthBase-793113-6021,6021,Kingston Line,Outbound,South Weymouth,1785608760,1785610126,1785608760,1785610126,SCHEDULED,SCHEDULED,False
1785610440,MBTA|20260801|6021|SouthBase-793113-6021,MBTA,1785607080,SouthBase-793113-6021,6021,Kingston Line,Outbound,Abington,1785609180,1785610391,1785609180,1785610391,SCHEDULED,SCHEDULED,False
1785610650,MBTA|20260801|6021|SouthBase-793113-6021,MBTA,1785607080,SouthBase-793113-6021,6021,Kingston Line,Outbound,Whitman,1785609360,1785610608,1785609360,1785610608,SCHEDULED,SCHEDULED,False
1785610920,MBTA|20260801|6021|SouthBase-793113-6021,MBTA,1785607080,SouthBase-793113-6021,6021,Kingston Line,Outbound,Hanson,1785609660,1785610887,1785609660,1785610887,SCHEDULED,SCHEDULED,False
1785611250,MBTA|20260801|6021|SouthBase-793113-6021,MBTA,1785607080,SouthBase-793113-6021,6021,Kingston Line,Outbound,Halifax,1785609960,1785611197,1785609960,1785611197,SCHEDULED,SCHEDULED,False
1785611730,MBTA|20260801|6021|SouthBase-793113-6021,MBTA,1785607080,SouthBase-793113-6021,6021,Kingston Line,Outbound,Kingston,1785610740,1785611721,1785610740,,SCHEDULED,SCHEDULED,False
,MBTA|20260801|5048|NorthBase-825504-5048,MBTA,1785607200,NorthBase-825504-5048,5048,Newburyport/Rockport Line,Inbound,Rockport,1785607200,1785607200,1785607200,1785607200,SCHEDULED,SCHEDULED,True
1785607950,MBTA|20260801|5048|NorthBase-825504-5048,MBTA,1785607200,NorthBase-825504-5048,5048,Newburyport/Rockport Line,Inbound,Gloucester,1785607680,1785607824,1785607680,1785607824,SCHEDULED,SCHEDULED,False
1785608190,MBTA|20260801|5048|NorthBase-825504-5048,MBTA,1785607200,NorthBase-825504-5048,5048,Newburyport/Rockport Line,Inbound,West Gloucester,1785607980,1785608018,1785607980,1785608068,SCHEDULED,SCHEDULED,False
1785608610,MBTA|20260801|5048|NorthBase-825504-5048,MBTA,1785607200,NorthBase-825504-5048,5048,Newburyport/Rockport Line,Inbound,Manchester,1785608340,1785608568,1785608340,1785608568,SCHEDULED,SCHEDULED,False
1785608940,MBTA|20260801|5048|NorthBase-825504-5048,MBTA,1785607200,NorthBase-825504-5048,5048,Newburyport/Rockport Line,Inbound,Beverly Farms,1785608640,1785608793,1785608640,1785608843,SCHEDULED,SCHEDULED,False
1785609240,MBTA|20260801|5048|NorthBase-825504-5048,MBTA,1785607200,NorthBase-825504-5048,5048,Newburyport/Rockport Line,Inbound,Montserrat,1785609000,1785609139,1785609000,1785609189,SCHEDULED,SCHEDULED,False
1785609600,MBTA|20260801|5048|NorthBase-825504-5048,MBTA,1785607200,NorthBase-825504-5048,5048,Newburyport/Rockport Line,Inbound,Beverly,1785609360,1785609473,1785609360,1785609473,SCHEDULED,SCHEDULED,False
1785610050,MBTA|20260801|5048|NorthBase-825504-5048,MBTA,1785607200,NorthBase-825504-5048,5048,Newburyport/Rockport Line,Inbound,Salem,1785609600,1785610010,1785609600,1785610060,SCHEDULED,SCHEDULED,False
1785610200,MBTA|20260801|5048|NorthBase-825504-5048,MBTA,1785607200,NorthBase-825504-5048,5048,Newburyport/Rockport Line,Inbound,Swampscott,1785610020,1785610168,1785610020,1785610168,SCHEDULED,SCHEDULED,False
1785610410,MBTA|20260801|5048|NorthBase-825504-5048,MBTA,1785607200,NorthBase-825504-5048,5048,Newburyport/Rockport Line,Inbound,Lynn Interim,1785610200,1785610366,1785610200,1785610366,SCHEDULED,SCHEDULED,False
1785611070,MBTA|20260801|5048|NorthBase-825504-5048,MBTA,1785607200,NorthBase-825504-5048,5048,Newburyport/Rockport Line,Inbound,Chelsea,1785610800,1785610976,1785610800,1785611026,SCHEDULED,SCHEDULED,False
1785611550,MBTA|20260801|5048|NorthBase-825504-5048,MBTA,1785607200,NorthBase-825504-5048,5048,Newburyport/Rockport Line,Inbound,North Station,1785611760,1785611561,1785611760,,SCHEDULED,SCHEDULED,False
1785607290,MBTA|20260801|6656|SouthBase-830373-6656,MBTA,1785607200,SouthBase-830373-6656,6656,Fairmount Line,Inbound,Readville,1785607200,,1785607200,1785607262,SCHEDULED,SCHEDULED,False
1785607500,MBTA|20260801|6656|SouthBase-830373-6656,MBTA,1785607200,SouthBase-830373-6656,6656,Fairmount Line,Inbound,Fairmount,1785607380,1785607467,1785607380,1785607467,SCHEDULED,SCHEDULED,False
1785607650,MBTA|20260801|6656|SouthBase-830373-6656,MBTA,1785607200,SouthBase-830373-6656,6656,Fairmount Line,Inbound,Blue Hill Avenue,1785607560,1785607605,1785607560,1785607655,SCHEDULED,SCHEDULED,False
1785607890,MBTA|20260801|6656|SouthBase-830373-6656,MBTA,1785607200,SouthBase-830373-6656,6656,Fairmount Line,Inbound,Morton Street,1785607680,1785607839,1785607680,1785607839,SCHEDULED,SCHEDULED,False
1785608040,MBTA|20260801|6656|SouthBase-830373-6656,MBTA,1785607200,SouthBase-830373-6656,6656,Fairmount Line,Inbound,Talbot Avenue,1785607860,1785608006,1785607860,1785608006,SCHEDULED,SCHEDULED,False
1785608280,MBTA|20260801|6656|SouthBase-830373-6656,MBTA,1785607200,SouthBase-830373-6656,6656,Fairmount Line,Inbound,Four Corners/Geneva,1785608040,1785608242,1785608040,1785608242,SCHEDULED,SCHEDULED,False
1785608460,MBTA|20260801|6656|SouthBase-830373-6656,MBTA,1785607200,SouthBase-830373-6656,6656,Fairmount Line,Inbound,Uphams Corner,1785608220,1785608428,1785608220,1785608428,SCHEDULED,SCHEDULED,False
1785608520,MBTA|20260801|6656|SouthBase-830373-6656,MBTA,1785607200,SouthBase-830373-6656,6656,Fairmount Line,Inbound,Newmarket,1785608340,1785608491,1785608340,1785608541,SCHEDULED,SCHEDULED,False
1785609180,MBTA|20260801|6656|SouthBase-830373-6656,MBTA,1785607200,SouthBase-830373-6656,6656,Fairmount Line,Inbound,South Station,1785609000,1785609179,1785609000,,SCHEDULED,SCHEDULED,False
,MBTA|20260801|6030|SouthBase-793116-6030,MBTA,1785607500,SouthBase-793116-6030,6030,Kingston Line,Inbound,Kingston,1785607500,1785607500,1785607500,1785607500,SCHEDULED,SCHEDULED,True
1785608070,MBTA|20260801|6030|SouthBase-793116-6030,MBTA,1785607500,SouthBase-793116-6030,6030,Kingston Line,Inbound,Halifax,1785608040,1785608056,1785608040,1785608056,SCHEDULED,SCHEDULED,False
1785608370,MBTA|20260801|6030|SouthBase-793116-6030,MBTA,1785607500,SouthBase-793116-6030,6030,Kingston Line,Inbound,Hanson,1785608340,1785608351,1785608340,1785608351,SCHEDULED,SCHEDULED,False
1785608670,MBTA|20260801|6030|SouthBase-793116-6030,MBTA,1785607500,SouthBase-793116-6030,6030,Kingston Line,Inbound,Whitman,1785608640,1785608651,1785608640,1785608651,SCHEDULED,SCHEDULED,False
1785608880,MBTA|20260801|6030|SouthBase-793116-6030,MBTA,1785607500,SouthBase-793116-6030,6030,Kingston Line,Inbound,Abington,1785608820,1785608861,1785608820,1785608861,SCHEDULED,SCHEDULED,False
1785609240,MBTA|20260801|6030|SouthBase-793116-6030,MBTA,1785607500,SouthBase-793116-6030,6030,Kingston Line,Inbound,South Weymouth,1785609120,1785609221,1785609120,1785609221,SCHEDULED,SCHEDULED,False
1785609630,MBTA|20260801|6030|SouthBase-793116-6030,MBTA,1785607500,SouthBase-793116-6030,6030,Kingston Line,Inbound,Braintree,1785609600,1785609625,1785609600,1785609625,SCHEDULED,SCHEDULED,False
1785610200,MBTA|20260801|6030|SouthBase-793116-6030,MBTA,1785607500,SouthBase-793116-6030,6030,Kingston Line,Inbound,Quincy Center,1785609960,1785610122,1785609960,1785610122,SCHEDULED,SCHEDULED,False
1785611250,MBTA|20260801|6030|SouthBase-793116-6030,MBTA,1785607500,SouthBase-793116-6030,6030,Kingston Line,Inbound,South Station,1785611100,1785611151,1785611100,,SCHEDULED,SCHEDULED,False
1785607800,MBTA|20260801|6930|SouthBase-793164-6930,MBTA,1785607740,SouthBase-793164-6930,6930,Fall River/New Bedford Line,Inbound,Fall River Depot,1785607740,,1785607740,1785607778,SCHEDULED,SCHEDULED,False
1785608250,MBTA|20260801|6930|SouthBase-793164-6930,MBTA,1785607740,SouthBase-793164-6930,6930,Fall River/New Bedford Line,Inbound,Freetown,1785608160,1785608204,1785608160,1785608204,SCHEDULED,SCHEDULED,False
1785609480,MBTA|20260801|6930|SouthBase-793164-6930,MBTA,1785607740,SouthBase-793164-6930,6930,Fall River/New Bedford Line,Inbound,East Taunton,1785608940,1785609448,1785608940,1785609448,SCHEDULED,SCHEDULED,False
1785610170,MBTA|20260801|6930|SouthBase-793164-6930,MBTA,1785607740,SouthBase-793164-6930,6930,Fall River/New Bedford Line,Inbound,Middleborough,1785609600,1785610120,1785609600,1785610120,SCHEDULED,SCHEDULED,False
1785610800,MBTA|20260801|6930|SouthBase-793164-6930,MBTA,1785607740,SouthBase-793164-6930,6930,Fall River/New Bedford Line,Inbound,Bridgewater,1785610200,1785610771,1785610200,1785610771,SCHEDULED,SCHEDULED,False
1785611250,MBTA|20260801|6930|SouthBase-793164-6930,MBTA,1785607740,SouthBase-793164-6930,6930,Fall River/New Bedford Line,Inbound,Campello,1785610680,1785611219,1785610680,1785611219,SCHEDULED,SCHEDULED,False
1785611400,MBTA|20260801|6930|SouthBase-793164-6930,MBTA,1785607740,SouthBase-793164-6930,6930,Fall River/New Bedford Line,Inbound,Brockton,1785610920,1785611409,1785610920,1785611409,SCHEDULED,SCHEDULED,False
1785611700,MBTA|20260801|6930|SouthBase-793164-6930,MBTA,1785607740,SouthBase-793164-6930,6930,Fall River/New Bedford Line,Inbound,Montello,1785611100,1785611670,1785611100,1785611670,SCHEDULED,SCHEDULED,False
1785611910,MBTA|20260801|6930|SouthBase-793164-6930,MBTA,1785607740,SouthBase-793164-6930,6930,Fall River/New Bedford Line,Inbound,Holbrook/Randolph,1785611400,1785611935,1785611400,1785611935,SCHEDULED,SCHEDULED,False
1785612270,MBTA|20260801|6930|SouthBase-793164-6930,MBTA,1785607740,SouthBase-793164-6930,6930,Fall River/New Bedford Line,Inbound,Braintree,1785611880,1785612242,1785611880,1785612242,SCHEDULED,SCHEDULED,False
1785612690,MBTA|20260801|6930|SouthBase-793164-6930,MBTA,1785607740,SouthBase-793164-6930,6930,Fall River/New Bedford Line,Inbound,Quincy Center,1785612240,1785612580,1785612240,1785612580,SCHEDULED,SCHEDULED,False
1785614100,MBTA|20260801|6930|SouthBase-793164-6930,MBTA,1785607740,SouthBase-793164-6930,6930,Fall River/New Bedford Line,Inbound,South Station,1785613440,1785614109,1785613440,,SCHEDULED,SCHEDULED,False
1785607920,MBTA|20260801|5646|SouthBase-830440-5646,MBTA,1785607800,SouthBase-830440-5646,5646,Needham Line,Inbound,Needham Heights,1785607800,,1785607800,1785607877,SCHEDULED,SCHEDULED,False
1785608190,MBTA|20260801|5646|SouthBase-830440-5646,MBTA,1785607800,SouthBase-830440-5646,5646,Needham Line,Inbound,Needham Center,1785608040,1785608153,1785608040,1785608153,SCHEDULED,SCHEDULED,False
1785608400,MBTA|20260801|5646|SouthBase-830440-5646,MBTA,1785607800,SouthBase-830440-5646,5646,Needham Line,Inbound,Needham Junction,1785608280,1785608370,1785608280,1785608370,SCHEDULED,SCHEDULED,False
1785608610,MBTA|20260801|5646|SouthBase-830440-5646,MBTA,1785607800,SouthBase-830440-5646,5646,Needham Line,Inbound,Hersey,1785608460,1785608561,1785608460,1785608561,SCHEDULED,SCHEDULED,False
1785608940,MBTA|20260801|5646|SouthBase-830440-5646,MBTA,1785607800,SouthBase-830440-5646,5646,Needham Line,Inbound,West Roxbury,1785608760,1785608897,1785608760,1785608897,SCHEDULED,SCHEDULED,False
1785609090,MBTA|20260801|5646|SouthBase-830440-5646,MBTA,1785607800,SouthBase-830440-5646,5646,Needham Line,Inbound,Highland,1785608880,1785609052,1785608880,1785609052,SCHEDULED,SCHEDULED,False
1785609180,MBTA|20260801|5646|SouthBase-830440-5646,MBTA,1785607800,SouthBase-830440-5646,5646,Needham Line,Inbound,Bellevue,1785609000,1785609160,1785609000,1785609160,SCHEDULED,SCHEDULED,False
1785609330,MBTA|20260801|5646|SouthBase-830440-5646,MBTA,1785607800,SouthBase-830440-5646,5646,Needham Line,Inbound,Roslindale Village,1785609180,1785609300,1785609180,1785609300,SCHEDULED,SCHEDULED,False
1785609450,MBTA|20260801|5646|SouthBase-830440-5646,MBTA,1785607800,SouthBase-830440-5646,5646,Needham Line,Inbound,Forest Hills,1785609360,1785609431,1785609360,1785609481,SCHEDULED,SCHEDULED,False
1785609720,MBTA|20260801|5646|SouthBase-830440-5646,MBTA,1785607800,SouthBase-830440-5646,5646,Needham Line,Inbound,Ruggles,1785609660,1785609680,1785609660,1785609680,SCHEDULED,SCHEDULED,False
1785609900,MBTA|20260801|5646|SouthBase-830440-5646,MBTA,1785607800,SouthBase-830440-5646,5646,Needham Line,Inbound,Back Bay,1785609900,1785609862,1785609900,1785609862,SCHEDULED,SCHEDULED,False
1785610380,MBTA|20260801|5646|SouthBase-830440-5646,MBTA,1785607800,SouthBase-830440-5646,5646,Needham Line,Inbound,South Station,1785610200,1785610388,1785610200,,SCHEDULED,SCHEDULED,False
,MBTA|20260801|5421|NorthBase-825571-5421,MBTA,1785608100,NorthBase-825571-5421,5421,Fitchburg Line,Outbound,North Station,1785608100,1785608100,1785608100,1785608100,SCHEDULED,SCHEDULED,True
1785608880,MBTA|20260801|5421|NorthBase-825571-5421,MBTA,1785608100,NorthBase-825571-5421,5421,Fitchburg Line,Outbound,Porter,1785608700,1785608837,1785608700,1785608837,SCHEDULED,SCHEDULED,False
1785609120,MBTA|20260801|5421|NorthBase-825571-5421,MBTA,1785608100,NorthBase-825571-5421,5421,Fitchburg Line,Outbound,Belmont,1785609000,1785609084,1785609000,1785609084,SCHEDULED,SCHEDULED,False
1785609270,MBTA|20260801|5421|NorthBase-825571-5421,MBTA,1785608100,NorthBase-825571-5421,5421,Fitchburg Line,Outbound,Waverley,1785609120,1785609192,1785609120,1785609242,SCHEDULED,SCHEDULED,False
1785609660,MBTA|20260801|5421|NorthBase-825571-5421,MBTA,1785608100,NorthBase-825571-5421,5421,Fitchburg Line,Outbound,Waltham,1785609420,1785609611,1785609420,1785609611,SCHEDULED,SCHEDULED,False
1785609840,MBTA|20260801|5421|NorthBase-825571-5421,MBTA,1785608100,NorthBase-825571-5421,5421,Fitchburg Line,Outbound,Brandeis/Roberts,1785609600,1785609797,1785609600,1785609797,SCHEDULED,SCHEDULED,False
1785610020,MBTA|20260801|5421|NorthBase-825571-5421,MBTA,1785608100,NorthBase-825571-5421,5421,Fitchburg Line,Outbound,Kendal Green,1785609840,1785609983,1785609840,1785609983,SCHEDULED,SCHEDULED,False
1785610350,MBTA|20260801|5421|NorthBase-825571-5421,MBTA,1785608100,NorthBase-825571-5421,5421,Fitchburg Line,Outbound,Lincoln,1785610140,1785610293,1785610140,1785610293,SCHEDULED,SCHEDULED,False
1785610620,MBTA|20260801|5421|NorthBase-825571-5421,MBTA,1785608100,NorthBase-825571-5421,5421,Fitchburg Line,Outbound,Concord,1785610440,1785610572,1785610440,1785610572,SCHEDULED,SCHEDULED,False
1785610860,MBTA|20260801|5421|NorthBase-825571-5421,MBTA,1785608100,NorthBase-825571-5421,5421,Fitchburg Line,Outbound,West Concord,1785610680,1785610820,1785610680,1785610820,SCHEDULED,SCHEDULED,False
1785611190,MBTA|20260801|5421|NorthBase-825571-5421,MBTA,1785608100,NorthBase-825571-5421,5421,Fitchburg Line,Outbound,South Acton,1785610980,1785611161,1785610980,1785611161,SCHEDULED,SCHEDULED,False
1785611490,MBTA|20260801|5421|NorthBase-825571-5421,MBTA,1785608100,NorthBase-825571-5421,5421,Fitchburg Line,Outbound,Littleton/Route 495,1785611400,1785611483,1785611400,1785611483,SCHEDULED,SCHEDULED,False
1785612000,MBTA|20260801|5421|NorthBase-825571-5421,MBTA,1785608100,NorthBase-825571-5421,5421,Fitchburg Line,Outbound,Ayer,1785611880,1785611967,1785611880,1785611967,SCHEDULED,SCHEDULED,False
1785612300,MBTA|20260801|5421|NorthBase-825571-5421,MBTA,1785608100,NorthBase-825571-5421,5421,Fitchburg Line,Outbound,Shirley,1785612180,1785612246,1785612180,1785612246,SCHEDULED,SCHEDULED,False
1785612780,MBTA|20260801|5421|NorthBase-825571-5421,MBTA,1785608100,NorthBase-825571-5421,5421,Fitchburg Line,Outbound,North Leominster,1785612720,1785612742,1785612720,1785612742,SCHEDULED,SCHEDULED,False
1785613260,MBTA|20260801|5421|NorthBase-825571-5421,MBTA,1785608100,NorthBase-825571-5421,5421,Fitchburg Line,Outbound,Fitchburg,1785613200,1785613207,1785613200,1785613207,SCHEDULED,SCHEDULED,False
1785613860,MBTA|20260801|5421|NorthBase-825571-5421,MBTA,1785608100,NorthBase-825571-5421,5421,Fitchburg Line,Outbound,Wachusett,1785613860,1785613717,1785613860,,SCHEDULED,SCHEDULED,False
,MBTA|20260801|5847|SouthBase-793096-5847,MBTA,1785608100,SouthBase-793096-5847,5847,Providence/Stoughton Line,Outbound,South Station,1785608100,1785608100,1785608100,1785608100,SCHEDULED,SCHEDULED,True
1785608670,MBTA|20260801|5847|SouthBase-793096-5847,MBTA,1785608100,SouthBase-793096-5847,5847,Providence/Stoughton Line,Outbound,Back Bay,1785608400,1785608588,1785608400,1785608638,SCHEDULED,SCHEDULED,False
1785608850,MBTA|20260801|5847|SouthBase-793096-5847,MBTA,1785608100,SouthBase-793096-5847,5847,Providence/Stoughton Line,Outbound,Ruggles,1785608580,1785608825,1785608580,1785608825,SCHEDULED,SCHEDULED,False
1785609300,MBTA|20260801|5847|SouthBase-793096-5847,MBTA,1785608100,SouthBase-793096-5847,5847,Providence/Stoughton Line,Outbound,Hyde Park,1785609060,1785609235,1785609060,1785609235,SCHEDULED,SCHEDULED,False
1785609540,MBTA|20260801|5847|SouthBase-793096-5847,MBTA,1785608100,SouthBase-793096-5847,5847,Providence/Stoughton Line,Outbound,Readville,1785609240,1785609521,1785609240,1785609521,SCHEDULED,SCHEDULED,False
1785609810,MBTA|20260801|5847|SouthBase-793096-5847,MBTA,1785608100,SouthBase-793096-5847,5847,Providence/Stoughton Line,Outbound,Route 128,1785609480,1785609791,1785609480,1785609791,SCHEDULED,SCHEDULED,False
1785610170,MBTA|20260801|5847|SouthBase-793096-5847,MBTA,1785608100,SouthBase-793096-5847,5847,Providence/Stoughton Line,Outbound,Canton Junction,1785609840,1785610150,1785609840,1785610200,SCHEDULED,SCHEDULED,False
1785610530,MBTA|20260801|5847|SouthBase-793096-5847,MBTA,1785608100,SouthBase-793096-5847,5847,Providence/Stoughton Line,Outbound,Sharon,1785610140,1785610510,1785610140,1785610510,SCHEDULED,SCHEDULED,False
1785611070,MBTA|20260801|5847|SouthBase-793096-5847,MBTA,1785608100,SouthBase-793096-5847,5847,Providence/Stoughton Line,Outbound,Mansfield,1785610620,1785611051,1785610620,1785611051,SCHEDULED,SCHEDULED,False
1785611580,MBTA|20260801|5847|SouthBase-793096-5847,MBTA,1785608100,SouthBase-793096-5847,5847,Providence/Stoughton Line,Outbound,Attleboro,1785611220,1785611560,1785611220,1785611610,SCHEDULED,SCHEDULED,False
1785612150,MBTA|20260801|5847|SouthBase-793096-5847,MBTA,1785608100,SouthBase-793096-5847,5847,Providence/Stoughton Line,Outbound,Pawtucket/Central Falls,1785611760,1785612113,1785611760,1785612113,SCHEDULED,SCHEDULED,False
1785612510,MBTA|20260801|5847|SouthBase-793096-5847,MBTA,1785608100,SouthBase-793096-5847,5847,Providence/Stoughton Line,Outbound,Providence,1785612480,1785612509,1785612480,,SCHEDULED,SCHEDULED,False
1785608550,MBTA|20260801|5747|SouthBase-830461-5747,MBTA,1785608220,SouthBase-830461-5747,5747,Franklin/Foxboro Line,Outbound,South Station,1785608220,,1785608220,1785608528,SCHEDULED,SCHEDULED,False
1785609030,MBTA|20260801|5747|SouthBase-830461-5747,MBTA,1785608220,SouthBase-830461-5747,5747,Franklin/Foxboro Line,Outbound,Newmarket,1785608700,1785608999,1785608700,1785608999,SCHEDULED,SCHEDULED,False
1785609150,MBTA|20260801|5747|SouthBase-830461-5747,MBTA,1785608220,SouthBase-830461-5747,5747,Franklin/Foxboro Line,Outbound,Uphams Corner,1785608820,1785609165,1785608820,1785609165,SCHEDULED,SCHEDULED,False
1785609360,MBTA|20260801|5747|SouthBase-830461-5747,MBTA,1785608220,SouthBase-830461-5747,5747,Franklin/Foxboro Line,Outbound,Four Corners/Geneva,1785609000,1785609309,1785609000,1785609309,SCHEDULED,SCHEDULED,False
1785609510,MBTA|20260801|5747|SouthBase-830461-5747,MBTA,1785608220,SouthBase-830461-5747,5747,Franklin/Foxboro Line,Outbound,Talbot Avenue,1785609180,1785609511,1785609180,1785609511,SCHEDULED,SCHEDULED,False
1785609630,MBTA|20260801|5747|SouthBase-830461-5747,MBTA,1785608220,SouthBase-830461-5747,5747,Franklin/Foxboro Line,Outbound,Morton Street,1785609360,1785609604,1785609360,1785609604,SCHEDULED,SCHEDULED,False
1785609810,MBTA|20260801|5747|SouthBase-830461-5747,MBTA,1785608220,SouthBase-830461-5747,5747,Franklin/Foxboro Line,Outbound,Blue Hill Avenue,1785609480,1785609774,1785609480,1785609774,SCHEDULED,SCHEDULED,False
1785609990,MBTA|20260801|5747|SouthBase-830461-5747,MBTA,1785608220,SouthBase-830461-5747,5747,Franklin/Foxboro Line,Outbound,Fairmount,1785609660,1785609975,1785609660,1785610025,SCHEDULED,SCHEDULED,False
1785610230,MBTA|20260801|5747|SouthBase-830461-5747,MBTA,1785608220,SouthBase-830461-5747,5747,Franklin/Foxboro Line,Outbound,Readville,1785609900,1785610208,1785609900,1785610208,SCHEDULED,SCHEDULED,False
1785610440,MBTA|20260801|5747|SouthBase-830461-5747,MBTA,1785608220,SouthBase-830461-5747,5747,Franklin/Foxboro Line,Outbound,Endicott,1785610140,1785610394,1785610140,1785610394,SCHEDULED,SCHEDULED,False
1785610590,MBTA|20260801|5747|SouthBase-830461-5747,MBTA,1785608220,SouthBase-830461-5747,5747,Franklin/Foxboro Line,Outbound,Dedham Corporate Center,1785610320,1785610549,1785610320,1785610549,SCHEDULED,SCHEDULED,False
1785610740,MBTA|20260801|5747|SouthBase-830461-5747,MBTA,1785608220,SouthBase-830461-5747,5747,Franklin/Foxboro Line,Outbound,Islington,1785610440,1785610704,1785610440,1785610704,SCHEDULED,SCHEDULED,False
1785610920,MBTA|20260801|5747|SouthBase-830461-5747,MBTA,1785608220,SouthBase-830461-5747,5747,Franklin/Foxboro Line,Outbound,Norwood Depot,1785610620,1785610904,1785610620,1785610904,SCHEDULED,SCHEDULED,False
1785611040,MBTA|20260801|5747|SouthBase-830461-5747,MBTA,1785608220,SouthBase-830461-5747,5747,Franklin/Foxboro Line,Outbound,Norwood Central,1785610740,1785611013,1785610740,1785611013,SCHEDULED,SCHEDULED,False
1785611250,MBTA|20260801|5747|SouthBase-830461-5747,MBTA,1785608220,SouthBase-830461-5747,5747,Franklin/Foxboro Line,Outbound,Windsor Gardens,1785610920,1785611208,1785610920,1785611208,SCHEDULED,SCHEDULED,False
1785611550,MBTA|20260801|5747|SouthBase-830461-5747,MBTA,1785608220,SouthBase-830461-5747,5747,Franklin/Foxboro Line,Outbound,Walpole,1785611160,1785611510,1785611160,1785611510,SCHEDULED,SCHEDULED,False
1785611820,MBTA|20260801|5747|SouthBase-830461-5747,MBTA,1785608220,SouthBase-830461-5747,5747,Franklin/Foxboro Line,Outbound,Norfolk,1785611580,1785611821,1785611580,1785611821,SCHEDULED,SCHEDULED,False
1785612480,MBTA|20260801|5747|SouthBase-830461-5747,MBTA,1785608220,SouthBase-830461-5747,5747,Franklin/Foxboro Line,Outbound,Franklin,1785612000,1785612415,1785612000,1785612415,SCHEDULED,SCHEDULED,False
1785612900,MBTA|20260801|5747|SouthBase-830461-5747,MBTA,1785608220,SouthBase-830461-5747,5747,Franklin/Foxboro Line,Outbound,Forge Park/495,1785612720,1785612921,1785612720,,SCHEDULED,SCHEDULED,False
1785608490,MBTA|20260801|5347|NorthBase-825556-5347,MBTA,1785608400,NorthBase-825556-5347,5347,Lowell Line,Outbound,North Station,1785608400,,1785608400,1785608464,SCHEDULED,SCHEDULED,False
1785609120,MBTA|20260801|5347|NorthBase-825556-5347,MBTA,1785608400,NorthBase-825556-5347,5347,Lowell Line,Outbound,West Medford,1785609060,1785609075,1785609060,1785609075,SCHEDULED,SCHEDULED,False
1785609360,MBTA|20260801|5347|NorthBase-825556-5347,MBTA,1785608400,NorthBase-825556-5347,5347,Lowell Line,Outbound,Wedgemere,1785609240,1785609323,1785609240,1785609323,SCHEDULED,SCHEDULED,False
1785609450,MBTA|20260801|5347|NorthBase-825556-5347,MBTA,1785608400,NorthBase-825556-5347,5347,Lowell Line,Outbound,Winchester Center,1785609360,1785609415,1785609360,1785609415,SCHEDULED,SCHEDULED,False
1785609810,MBTA|20260801|5347|NorthBase-825556-5347,MBTA,1785608400,NorthBase-825556-5347,5347,Lowell Line,Outbound,Anderson/Woburn,1785609780,1785609788,1785609780,1785609788,SCHEDULED,SCHEDULED,False
1785610110,MBTA|20260801|5347|NorthBase-825556-5347,MBTA,1785608400,NorthBase-825556-5347,5347,Lowell Line,Outbound,Wilmington,1785609960,1785610080,1785609960,1785610080,SCHEDULED,SCHEDULED,False
1785610470,MBTA|20260801|5347|NorthBase-825556-5347,MBTA,1785608400,NorthBase-825556-5347,5347,Lowell Line,Outbound,North Billerica,1785610500,1785610455,1785610500,1785610505,SCHEDULED,SCHEDULED,False
1785611220,MBTA|20260801|5347|NorthBase-825556-5347,MBTA,1785608400,NorthBase-825556-5347,5347,Lowell Line,Outbound,Lowell,1785611220,1785611083,1785611220,,SCHEDULED,SCHEDULED,False
1785608730,MBTA|20260801|6921|SouthBase-793161-6921,MBTA,1785608400,SouthBase-793161-6921,6921,Fall River/New Bedford Line,Outbound,South Station,1785608400,,1785608400,1785608711,SCHEDULED,SCHEDULED,False
1785609630,MBTA|20260801|6921|SouthBase-793161-6921,MBTA,1785608400,SouthBase-793161-6921,6921,Fall River/New Bedford Line,Outbound,Quincy Center,1785609300,1785609587,1785609300,1785609587,SCHEDULED,SCHEDULED,False
1785609960,MBTA|20260801|6921|SouthBase-793161-6921,MBTA,1785608400,SouthBase-793161-6921,6921,Fall River/New Bedford Line,Outbound,Braintree,1785609660,1785609928,1785609660,1785609928,SCHEDULED,SCHEDULED,False
1785610530,MBTA|20260801|6921|SouthBase-793161-6921,MBTA,1785608400,SouthBase-793161-6921,6921,Fall River/New Bedford Line,Outbound,Holbrook/Randolph,1785610200,1785610507,1785610200,1785610507,SCHEDULED,SCHEDULED,False
1785610860,MBTA|20260801|6921|SouthBase-793161-6921,MBTA,1785608400,SouthBase-793161-6921,6921,Fall River/New Bedford Line,Outbound,Montello,1785610560,1785610827,1785610560,1785610827,SCHEDULED,SCHEDULED,False
1785611130,MBTA|20260801|6921|SouthBase-793161-6921,MBTA,1785608400,SouthBase-793161-6921,6921,Fall River/New Bedford Line,Outbound,Brockton,1785610800,1785611075,1785610800,1785611075,SCHEDULED,SCHEDULED,False
1785611610,MBTA|20260801|6921|SouthBase-793161-6921,MBTA,1785608400,SouthBase-793161-6921,6921,Fall River/New Bedford Line,Outbound,Campello,1785611100,1785611571,1785611100,1785611571,SCHEDULED,SCHEDULED,False
1785612060,MBTA|20260801|6921|SouthBase-793161-6921,MBTA,1785608400,SouthBase-793161-6921,6921,Fall River/New Bedford Line,Outbound,Bridgewater,1785611580,1785612040,1785611580,1785612040,SCHEDULED,SCHEDULED,False
1785612810,MBTA|20260801|6921|SouthBase-793161-6921,MBTA,1785608400,SouthBase-793161-6921,6921,Fall River/New Bedford Line,Outbound,Middleborough,1785612300,1785612780,1785612300,1785612780,SCHEDULED,SCHEDULED,False
1785613470,MBTA|20260801|6921|SouthBase-793161-6921,MBTA,1785608400,SouthBase-793161-6921,6921,Fall River/New Bedford Line,Outbound,East Taunton,1785612960,1785613466,1785612960,1785613466,SCHEDULED,SCHEDULED,False
1785614160,MBTA|20260801|6921|SouthBase-793161-6921,MBTA,1785608400,SouthBase-793161-6921,6921,Fall River/New Bedford Line,Outbound,Freetown,1785613620,1785614113,1785613620,1785614113,SCHEDULED,SCHEDULED,False
1785614850,MBTA|20260801|6921|SouthBase-793161-6921,MBTA,1785608400,SouthBase-793161-6921,6921,Fall River/New Bedford Line,Outbound,Fall River Depot,1785614640,1785614849,1785614640,,SCHEDULED,SCHEDULED,False
1785608760,MBTA|20260801|5426|NorthBase-825573-5426,MBTA,1785608700,NorthBase-825573-5426,5426,Fitchburg Line,Inbound,Wachusett,1785608700,,1785608700,1785608724,SCHEDULED,SCHEDULED,False
1785609300,MBTA|20260801|5426|NorthBase-825573-5426,MBTA,1785608700,NorthBase-825573-5426,5426,Fitchburg Line,Inbound,Fitchburg,1785609180,1785609269,1785609180,1785609269,SCHEDULED,SCHEDULED,False
1785609780,MBTA|20260801|5426|NorthBase-825573-5426,MBTA,1785608700,NorthBase-825573-5426,5426,Fitchburg Line,Inbound,North Leominster,1785609600,1785609734,1785609600,1785609734,SCHEDULED,SCHEDULED,False
1785610230,MBTA|20260801|5426|NorthBase-825573-5426,MBTA,1785608700,NorthBase-825573-5426,5426,Fitchburg Line,Inbound,Shirley,1785610080,1785610198,1785610080,1785610198,SCHEDULED,SCHEDULED,False
1785610530,MBTA|20260801|5426|NorthBase-825573-5426,MBTA,1785608700,NorthBase-825573-5426,5426,Fitchburg Line,Inbound,Ayer,1785610380,1785610478,1785610380,1785610478,SCHEDULED,SCHEDULED,False
1785611040,MBTA|20260801|5426|NorthBase-825573-5426,MBTA,1785608700,NorthBase-825573-5426,5426,Fitchburg Line,Inbound,Littleton/Route 495,1785610860,1785611057,1785610860,1785611057,SCHEDULED,SCHEDULED,False
1785611400,MBTA|20260801|5426|NorthBase-825573-5426,MBTA,1785608700,NorthBase-825573-5426,5426,Fitchburg Line,Inbound,South Acton,1785611220,1785611346,1785611220,1785611346,SCHEDULED,SCHEDULED,False
1785611760,MBTA|20260801|5426|NorthBase-825573-5426,MBTA,1785608700,NorthBase-825573-5426,5426,Fitchburg Line,Inbound,West Concord,1785611460,1785611718,1785611460,1785611718,SCHEDULED,SCHEDULED,False
1785612000,MBTA|20260801|5426|NorthBase-825573-5426,MBTA,1785608700,NorthBase-825573-5426,5426,Fitchburg Line,Inbound,Concord,1785611700,1785611966,1785611700,1785611966,SCHEDULED,SCHEDULED,False
1785612330,MBTA|20260801|5426|NorthBase-825573-5426,MBTA,1785608700,NorthBase-825573-5426,5426,Fitchburg Line,Inbound,Lincoln,1785612060,1785612307,1785612060,1785612307,SCHEDULED,SCHEDULED,False
1785612660,MBTA|20260801|5426|NorthBase-825573-5426,MBTA,1785608700,NorthBase-825573-5426,5426,Fitchburg Line,Inbound,Kendal Green,1785612360,1785612632,1785612360,1785612632,SCHEDULED,SCHEDULED,False
1785612870,MBTA|20260801|5426|NorthBase-825573-5426,MBTA,1785608700,NorthBase-825573-5426,5426,Fitchburg Line,Inbound,Brandeis/Roberts,1785612600,1785612832,1785612600,1785612832,SCHEDULED,SCHEDULED,False
1785613140,MBTA|20260801|5426|NorthBase-825573-5426,MBTA,1785608700,NorthBase-825573-5426,5426,Fitchburg Line,Inbound,Waltham,1785612840,1785613113,1785612840,1785613113,SCHEDULED,SCHEDULED,False
1785613440,MBTA|20260801|5426|NorthBase-825573-5426,MBTA,1785608700,NorthBase-825573-5426,5426,Fitchburg Line,Inbound,Waverley,1785613140,1785613392,1785613140,1785613392,SCHEDULED,SCHEDULED,False
1785613620,MBTA|20260801|5426|NorthBase-825573-5426,MBTA,1785608700,NorthBase-825573-5426,5426,Fitchburg Line,Inbound,Belmont,1785613260,1785613578,1785613260,1785613578,SCHEDULED,SCHEDULED,False
1785613830,MBTA|20260801|5426|NorthBase-825573-5426,MBTA,1785608700,NorthBase-825573-5426,5426,Fitchburg Line,Inbound,Porter,1785613620,1785613783,1785613620,1785613833,SCHEDULED,SCHEDULED,False
1785614490,MBTA|20260801|5426|NorthBase-825573-5426,MBTA,1785608700,NorthBase-825573-5426,5426,Fitchburg Line,Inbound,North Station,1785614460,1785614491,1785614460,,SCHEDULED,SCHEDULED,False
,MBTA|20260801|5049|NorthBase-825505-5049,MBTA,1785609000,NorthBase-825505-5049,5049,Newburyport/Rockport Line,Outbound,North Station,1785609000,1785609000,1785609000,1785609000,SCHEDULED,SCHEDULED,True
1785609750,MBTA|20260801|5049|NorthBase-825505-5049,MBTA,1785609000,NorthBase-825505-5049,5049,Newburyport/Rockport Line,Outbound,Chelsea,1785609660,1785609707,1785609660,1785609707,SCHEDULED,SCHEDULED,False
1785610410,MBTA|20260801|5049|NorthBase-825505-5049,MBTA,1785609000,NorthBase-825505-5049,5049,Newburyport/Rockport Line,Outbound,Lynn Interim,1785610320,1785610359,1785610320,1785610359,SCHEDULED,SCHEDULED,False
1785610560,MBTA|20260801|5049|NorthBase-825505-5049,MBTA,1785609000,NorthBase-825505-5049,5049,Newburyport/Rockport Line,Outbound,Swampscott,1785610500,1785610513,1785610500,1785610513,SCHEDULED,SCHEDULED,False
1785611160,MBTA|20260801|5049|NorthBase-825505-5049,MBTA,1785609000,NorthBase-825505-5049,5049,Newburyport/Rockport Line,Outbound,Salem,1785610920,1785611133,1785610920,1785611133,SCHEDULED,SCHEDULED,False
1785611400,MBTA|20260801|5049|NorthBase-825505-5049,MBTA,1785609000,NorthBase-825505-5049,5049,Newburyport/Rockport Line,Outbound,Beverly,1785611160,1785611350,1785611160,1785611350,SCHEDULED,SCHEDULED,False
1785611640,MBTA|20260801|5049|NorthBase-825505-5049,MBTA,1785609000,NorthBase-825505-5049,5049,Newburyport/Rockport Line,Outbound,Montserrat,1785611400,1785611598,1785611400,1785611598,SCHEDULED,SCHEDULED,False
1785611940,MBTA|20260801|5049|NorthBase-825505-5049,MBTA,1785609000,NorthBase-825505-5049,5049,Newburyport/Rockport Line,Outbound,Beverly Farms,1785611700,1785611908,1785611700,1785611908,SCHEDULED,SCHEDULED,False
1785612240,MBTA|20260801|5049|NorthBase-825505-5049,MBTA,1785609000,NorthBase-825505-5049,5049,Newburyport/Rockport Line,Outbound,Manchester,1785612060,1785612218,1785612060,1785612218,SCHEDULED,SCHEDULED,False
1785612720,MBTA|20260801|5049|NorthBase-825505-5049,MBTA,1785609000,NorthBase-825505-5049,5049,Newburyport/Rockport Line,Outbound,West Gloucester,1785612420,1785612683,1785612420,1785612683,SCHEDULED,SCHEDULED,False
1785613020,MBTA|20260801|5049|NorthBase-825505-5049,MBTA,1785609000,NorthBase-825505-5049,5049,Newburyport/Rockport Line,Outbound,Gloucester,1785612780,1785612966,1785612780,1785612966,SCHEDULED,SCHEDULED,False
1785613470,MBTA|20260801|5049|NorthBase-825505-5049,MBTA,1785609000,NorthBase-825505-5049,5049,Newburyport/Rockport Line,Outbound,Rockport,1785613500,1785613513,1785613500,,SCHEDULED,SCHEDULED,False
,MBTA|20260801|6655|SouthBase-830385-6655,MBTA,1785610020,SouthBase-830385-6655,6655,Fairmount Line,Outbound,South Station,1785610020,1785610020,1785610020,1785610020,SCHEDULED,SCHEDULED,True
1785610620,MBTA|20260801|6655|SouthBase-830385-6655,MBTA,1785610020,SouthBase-830385-6655,6655,Fairmount Line,Outbound,Newmarket,1785610500,1785610598,1785610500,1785610598,SCHEDULED,SCHEDULED,False
1785610770,MBTA|20260801|6655|SouthBase-830385-6655,MBTA,1785610020,SouthBase-830385-6655,6655,Fairmount Line,Outbound,Uphams Corner,1785610620,1785610722,1785610620,1785610722,SCHEDULED,SCHEDULED,False
1785610950,MBTA|20260801|6655|SouthBase-830385-6655,MBTA,1785610020,SouthBase-830385-6655,6655,Fairmount Line,Outbound,Four Corners/Geneva,1785610800,1785610908,1785610800,1785610908,SCHEDULED,SCHEDULED,False
1785611130,MBTA|20260801|6655|SouthBase-830385-6655,MBTA,1785610020,SouthBase-830385-6655,6655,Fairmount Line,Outbound,Talbot Avenue,1785610980,1785611094,1785610980,1785611094,SCHEDULED,SCHEDULED,False
1785611250,MBTA|20260801|6655|SouthBase-830385-6655,MBTA,1785610020,SouthBase-830385-6655,6655,Fairmount Line,Outbound,Morton Street,1785611160,1785611223,1785611160,1785611223,SCHEDULED,SCHEDULED,False
1785611400,MBTA|20260801|6655|SouthBase-830385-6655,MBTA,1785610020,SouthBase-830385-6655,6655,Fairmount Line,Outbound,Blue Hill Avenue,1785611280,1785611373,1785611280,1785611373,SCHEDULED,SCHEDULED,False
1785611640,MBTA|20260801|6655|SouthBase-830385-6655,MBTA,1785610020,SouthBase-830385-6655,6655,Fairmount Line,Outbound,Fairmount,1785611460,1785611590,1785611460,1785611590,SCHEDULED,SCHEDULED,False
1785611880,MBTA|20260801|6655|SouthBase-830385-6655,MBTA,1785610020,SouthBase-830385-6655,6655,Fairmount Line,Outbound,Readville,1785611820,1785611766,1785611820,,SCHEDULED,SCHEDULED,False
,MBTA|20260801|5252|NorthBase-834061-5252,MBTA,1785610200,NorthBase-834061-5252,5252,Haverhill Line,Inbound,Haverhill,1785610200,1785610200,1785610200,1785610200,SCHEDULED,SCHEDULED,True
,MBTA|20260801|5252|NorthBase-834061-5252,MBTA,1785610200,NorthBase-834061-5252,5252,Haverhill Line,Inbound,Bradford,1785610320,1785610320,1785610320,1785610320,SCHEDULED,SCHEDULED,True
1785610890,MBTA|20260801|5252|NorthBase-834061-5252,MBTA,1785610200,NorthBase-834061-5252,5252,Haverhill Line,Inbound,Lawrence,1785610740,1785610867,1785610740,1785610867,SCHEDULED,SCHEDULED,False
1785611310,MBTA|20260801|5252|NorthBase-834061-5252,MBTA,1785610200,NorthBase-834061-5252,5252,Haverhill Line,Inbound,Andover,1785611160,1785611291,1785611160,1785611291,SCHEDULED,SCHEDULED,False
1785611550,MBTA|20260801|5252|NorthBase-834061-5252,MBTA,1785610200,NorthBase-834061-5252,5252,Haverhill Line,Inbound,Ballardvale,1785611460,1785611523,1785611460,1785611523,SCHEDULED,SCHEDULED,False
1785611910,MBTA|20260801|5252|NorthBase-834061-5252,MBTA,1785610200,NorthBase-834061-5252,5252,Haverhill Line,Inbound,North Wilmington,1785611880,1785611880,1785611880,1785611880,SCHEDULED,SCHEDULED,False
1785612330,MBTA|20260801|5252|NorthBase-834061-5252,MBTA,1785610200,NorthBase-834061-5252,5252,Haverhill Line,Inbound,Reading,1785612300,1785612311,1785612300,1785612311,SCHEDULED,SCHEDULED,False
1785612690,MBTA|20260801|5252|NorthBase-834061-5252,MBTA,1785610200,NorthBase-834061-5252,5252,Haverhill Line,Inbound,Wakefield,1785612660,1785612668,1785612660,1785612668,SCHEDULED,SCHEDULED,False
1785612900,MBTA|20260801|5252|NorthBase-834061-5252,MBTA,1785610200,NorthBase-834061-5252,5252,Haverhill Line,Inbound,Greenwood,1785612840,1785612918,1785612840,1785612918,SCHEDULED,SCHEDULED,False
1785613170,MBTA|20260801|5252|NorthBase-834061-5252,MBTA,1785610200,NorthBase-834061-5252,5252,Haverhill Line,Inbound,Melrose Highlands,1785612960,1785613151,1785612960,1785613151,SCHEDULED,SCHEDULED,False
1785613260,MBTA|20260801|5252|NorthBase-834061-5252,MBTA,1785610200,NorthBase-834061-5252,5252,Haverhill Line,Inbound,Melrose/Cedar Park,1785613080,1785613279,1785613080,1785613279,SCHEDULED,SCHEDULED,False
1785613380,MBTA|20260801|5252|NorthBase-834061-5252,MBTA,1785610200,NorthBase-834061-5252,5252,Haverhill Line,Inbound,Wyoming Hill,1785613200,1785613405,1785613200,1785613405,SCHEDULED,SCHEDULED,False
1785613620,MBTA|20260801|5252|NorthBase-834061-5252,MBTA,1785610200,NorthBase-834061-5252,5252,Haverhill Line,Inbound,Oak Grove,1785613320,1785613588,1785613320,1785613588,SCHEDULED,SCHEDULED,False
1785613680,MBTA|20260801|5252|NorthBase-834061-5252,MBTA,1785610200,NorthBase-834061-5252,5252,Haverhill Line,Inbound,Malden Center,1785613500,1785613689,1785613500,1785613689,SCHEDULED,SCHEDULED,False
1785614370,MBTA|20260801|5252|NorthBase-834061-5252,MBTA,1785610200,NorthBase-834061-5252,5252,Haverhill Line,Inbound,North Station,1785614400,1785614370,1785614400,,SCHEDULED,SCHEDULED,False
,MBTA|20260801|5549|SouthBase-824338-5549,MBTA,1785610800,SouthBase-824338-5549,5549,Framingham/Worcester Line,Outbound,South Station,1785610800,1785610800,1785610800,1785610800,SCHEDULED,SCHEDULED,True
1785611340,MBTA|20260801|5549|SouthBase-824338-5549,MBTA,1785610800,SouthBase-824338-5549,5549,Framingham/Worcester Line,Outbound,Back Bay,1785611220,1785611172,1785611220,1785611222,SCHEDULED,SCHEDULED,False
1785611700,MBTA|20260801|5549|SouthBase-824338-5549,MBTA,1785610800,SouthBase-824338-5549,5549,Framingham/Worcester Line,Outbound,Lansdowne,1785611460,1785611681,1785611460,1785611681,SCHEDULED,SCHEDULED,False
1785612120,MBTA|20260801|5549|SouthBase-824338-5549,MBTA,1785610800,SouthBase-824338-5549,5549,Framingham/Worcester Line,Outbound,Boston Landing,1785611760,1785612099,1785611760,1785612099,SCHEDULED,SCHEDULED,False
1785612420,MBTA|20260801|5549|SouthBase-824338-5549,MBTA,1785610800,SouthBase-824338-5549,5549,Framingham/Worcester Line,Outbound,Newtonville,1785612120,1785612399,1785612120,1785612399,SCHEDULED,SCHEDULED,False
1785612600,MBTA|20260801|5549|SouthBase-824338-5549,MBTA,1785610800,SouthBase-824338-5549,5549,Framingham/Worcester Line,Outbound,West Newton,1785612300,1785612580,1785612300,1785612580,SCHEDULED,SCHEDULED,False
1785612780,MBTA|20260801|5549|SouthBase-824338-5549,MBTA,1785610800,SouthBase-824338-5549,5549,Framingham/Worcester Line,Outbound,Auburndale,1785612480,1785612761,1785612480,1785612761,SCHEDULED,SCHEDULED,False
1785612990,MBTA|20260801|5549|SouthBase-824338-5549,MBTA,1785610800,SouthBase-824338-5549,5549,Framingham/Worcester Line,Outbound,Wellesley Farms,1785612720,1785612981,1785612720,1785612981,SCHEDULED,SCHEDULED,False
1785613170,MBTA|20260801|5549|SouthBase-824338-5549,MBTA,1785610800,SouthBase-824338-5549,5549,Framingham/Worcester Line,Outbound,Wellesley Hills,1785612900,1785613150,1785612900,1785613150,SCHEDULED,SCHEDULED,False
1785613350,MBTA|20260801|5549|SouthBase-824338-5549,MBTA,1785610800,SouthBase-824338-5549,5549,Framingham/Worcester Line,Outbound,Wellesley Square,1785613140,1785613325,1785613140,1785613325,SCHEDULED,SCHEDULED,False
1785613620,MBTA|20260801|5549|SouthBase-824338-5549,MBTA,1785610800,SouthBase-824338-5549,5549,Framingham/Worcester Line,Outbound,Natick Center,1785613440,1785613601,1785613440,1785613601,SCHEDULED,SCHEDULED,False
1785613860,MBTA|20260801|5549|SouthBase-824338-5549,MBTA,1785610800,SouthBase-824338-5549,5549,Framingham/Worcester Line,Outbound,West Natick,1785613740,1785613840,1785613740,1785613840,SCHEDULED,SCHEDULED,False
1785614100,MBTA|20260801|5549|SouthBase-824338-5549,MBTA,1785610800,SouthBase-824338-5549,5549,Framingham/Worcester Line,Outbound,Framingham,1785613980,1785614081,1785613980,1785614081,SCHEDULED,SCHEDULED,False
1785614460,MBTA|20260801|5549|SouthBase-824338-5549,MBTA,1785610800,SouthBase-824338-5549,5549,Framingham/Worcester Line,Outbound,Ashland,1785614340,1785614441,1785614340,1785614441,SCHEDULED,SCHEDULED,False
1785614670,MBTA|20260801|5549|SouthBase-824338-5549,MBTA,1785610800,SouthBase-824338-5549,5549,Framingham/Worcester Line,Outbound,Southborough,1785614580,1785614651,1785614580,1785614651,SCHEDULED,SCHEDULED,False
1785615150,MBTA|20260801|5549|SouthBase-824338-5549,MBTA,1785610800,SouthBase-824338-5549,5549,Framingham/Worcester Line,Outbound,Westborough,1785615120,1785615120,1785615120,1785615120,SCHEDULED,SCHEDULED,False
1785615450,MBTA|20260801|5549|SouthBase-824338-5549,MBTA,1785610800,SouthBase-824338-5549,5549,Framingham/Worcester Line,Outbound,Grafton,1785615420,1785615426,1785615420,1785615426,SCHEDULED,SCHEDULED,False
1785616890,MBTA|20260801|5549|SouthBase-824338-5549,MBTA,1785610800,SouthBase-824338-5549,5549,Framingham/Worcester Line,Outbound,Worcester,1785616380,1785616895,1785616380,,SCHEDULED,SCHEDULED,False
,MBTA|20260801|6662|SouthBase-830413-6662,MBTA,1785610980,SouthBase-830413-6662,6662,Fairmount Line,Inbound,Fairmount,1785610980,1785610980,1785610980,1785610980,SCHEDULED,SCHEDULED,True
1785611250,MBTA|20260801|6662|SouthBase-830413-6662,MBTA,1785610980,SouthBase-830413-6662,6662,Fairmount Line,Inbound,Blue Hill Avenue,1785611160,1785611210,1785611160,1785611210,SCHEDULED,SCHEDULED,False
1785611400,MBTA|20260801|6662|SouthBase-830413-6662,MBTA,1785610980,SouthBase-830413-6662,6662,Fairmount Line,Inbound,Morton Street,1785611280,1785611365,1785611280,1785611365,SCHEDULED,SCHEDULED,False
1785611520,MBTA|20260801|6662|SouthBase-830413-6662,MBTA,1785610980,SouthBase-830413-6662,6662,Fairmount Line,Inbound,Talbot Avenue,1785611460,1785611500,1785611460,1785611500,SCHEDULED,SCHEDULED,False
1785611730,MBTA|20260801|6662|SouthBase-830413-6662,MBTA,1785610980,SouthBase-830413-6662,6662,Fairmount Line,Inbound,Four Corners/Geneva,1785611640,1785611706,1785611640,1785611706,SCHEDULED,SCHEDULED,False
1785611910,MBTA|20260801|6662|SouthBase-830413-6662,MBTA,1785610980,SouthBase-830413-6662,6662,Fairmount Line,Inbound,Uphams Corner,1785611820,1785611863,1785611820,1785611863,SCHEDULED,SCHEDULED,False
1785611970,MBTA|20260801|6662|SouthBase-830413-6662,MBTA,1785610980,SouthBase-830413-6662,6662,Fairmount Line,Inbound,Newmarket,1785611940,1785611933,1785611940,1785611983,SCHEDULED,SCHEDULED,False
1785612660,MBTA|20260801|6662|SouthBase-830413-6662,MBTA,1785610980,SouthBase-830413-6662,6662,Fairmount Line,Inbound,South Station,1785612600,1785612692,1785612600,,SCHEDULED,SCHEDULED,False
1785611070,MBTA|20260801|6082|SouthBase-793230-6082,MBTA,1785611040,SouthBase-793230-6082,6082,Greenbush Line,Inbound,Greenbush,1785611040,,1785611040,1785611053,SCHEDULED,SCHEDULED,False
1785611520,MBTA|20260801|6082|SouthBase-793230-6082,MBTA,1785611040,SouthBase-793230-6082,6082,Greenbush Line,Inbound,North Scituate,1785611460,1785611478,1785611460,1785611478,SCHEDULED,SCHEDULED,False
1785611880,MBTA|20260801|6082|SouthBase-793230-6082,MBTA,1785611040,SouthBase-793230-6082,6082,Greenbush Line,Inbound,Cohasset,1785611820,1785611850,1785611820,1785611850,SCHEDULED,SCHEDULED,False
1785612060,MBTA|20260801|6082|SouthBase-793230-6082,MBTA,1785611040,SouthBase-793230-6082,6082,Greenbush Line,Inbound,Nantasket Junction,1785612000,1785612036,1785612000,1785612036,SCHEDULED,SCHEDULED,False
1785612360,MBTA|20260801|6082|SouthBase-793230-6082,MBTA,1785611040,SouthBase-793230-6082,6082,Greenbush Line,Inbound,West Hingham,1785612300,1785612318,1785612300,1785612318,SCHEDULED,SCHEDULED,False
1785612540,MBTA|20260801|6082|SouthBase-793230-6082,MBTA,1785611040,SouthBase-793230-6082,6082,Greenbush Line,Inbound,East Weymouth,1785612540,1785612506,1785612540,1785612506,SCHEDULED,SCHEDULED,False
1785612870,MBTA|20260801|6082|SouthBase-793230-6082,MBTA,1785611040,SouthBase-793230-6082,6082,Greenbush Line,Inbound,Weymouth Landing/East Braintree,1785612840,1785612847,1785612840,1785612847,SCHEDULED,SCHEDULED,False
1785613440,MBTA|20260801|6082|SouthBase-793230-6082,MBTA,1785611040,SouthBase-793230-6082,6082,Greenbush Line,Inbound,Quincy Center,1785613440,1785613366,1785613440,1785613366,SCHEDULED,SCHEDULED,False
1785614460,MBTA|20260801|6082|SouthBase-793230-6082,MBTA,1785611040,SouthBase-793230-6082,6082,Greenbush Line,Inbound,South Station,1785614580,1785614483,1785614580,,SCHEDULED,SCHEDULED,False
1785611250,MBTA|20260801|5152|NorthBase-825523-5152,MBTA,1785611220,NorthBase-825523-5152,5152,Newburyport/Rockport Line,Inbound,Newburyport,1785611220,,1785611220,1785611230,SCHEDULED,SCHEDULED,False
1785611700,MBTA|20260801|5152|NorthBase-825523-5152,MBTA,1785611220,NorthBase-825523-5152,5152,Newburyport/Rockport Line,Inbound,Rowley,1785611640,1785611679,1785611640,1785611679,SCHEDULED,SCHEDULED,False
1785612120,MBTA|20260801|5152|NorthBase-825523-5152,MBTA,1785611220,NorthBase-825523-5152,5152,Newburyport/Rockport Line,Inbound,Ipswich,1785612000,1785612075,1785612000,1785612075,SCHEDULED,SCHEDULED,False
1785612540,MBTA|20260801|5152|NorthBase-825523-5152,MBTA,1785611220,NorthBase-825523-5152,5152,Newburyport/Rockport Line,Inbound,Hamilton/Wenham,1785612360,1785612505,1785612360,1785612505,SCHEDULED,SCHEDULED,False
1785612840,MBTA|20260801|5152|NorthBase-825523-5152,MBTA,1785611220,NorthBase-825523-5152,5152,Newburyport/Rockport Line,Inbound,North Beverly,1785612600,1785612788,1785612600,1785612788,SCHEDULED,SCHEDULED,False
1785613170,MBTA|20260801|5152|NorthBase-825523-5152,MBTA,1785611220,NorthBase-825523-5152,5152,Newburyport/Rockport Line,Inbound,Beverly,1785612960,1785613129,1785612960,1785613129,SCHEDULED,SCHEDULED,False
1785613470,MBTA|20260801|5152|NorthBase-825523-5152,MBTA,1785611220,NorthBase-825523-5152,5152,Newburyport/Rockport Line,Inbound,Salem,1785613200,1785613439,1785613200,1785613439,SCHEDULED,SCHEDULED,False
1785613890,MBTA|20260801|5152|NorthBase-825523-5152,MBTA,1785611220,NorthBase-825523-5152,5152,Newburyport/Rockport Line,Inbound,Swampscott,1785613620,1785613842,1785613620,1785613842,SCHEDULED,SCHEDULED,False
1785614100,MBTA|20260801|5152|NorthBase-825523-5152,MBTA,1785611220,NorthBase-825523-5152,5152,Newburyport/Rockport Line,Inbound,Lynn Interim,1785613800,1785614059,1785613800,1785614059,SCHEDULED,SCHEDULED,False
1785614670,MBTA|20260801|5152|NorthBase-825523-5152,MBTA,1785611220,NorthBase-825523-5152,5152,Newburyport/Rockport Line,Inbound,Chelsea,1785614400,1785614662,1785614400,1785614712,SCHEDULED,SCHEDULED,False
1785615300,MBTA|20260801|5152|NorthBase-825523-5152,MBTA,1785611220,NorthBase-825523-5152,5152,Newburyport/Rockport Line,Inbound,North Station,1785615360,1785615324,1785615360,,SCHEDULED,SCHEDULED,False
,MBTA|20260801|5554|SouthBase-825442-5554,MBTA,1785611400,SouthBase-825442-5554,5554,Framingham/Worcester Line,Inbound,Worcester,1785611400,1785611400,1785611400,1785611400,SCHEDULED,SCHEDULED,True
1785612150,MBTA|20260801|5554|SouthBase-825442-5554,MBTA,1785611400,SouthBase-825442-5554,5554,Framingham/Worcester Line,Inbound,Grafton,1785612120,1785612131,1785612120,1785612131,SCHEDULED,SCHEDULED,False
1785612450,MBTA|20260801|5554|SouthBase-825442-5554,MBTA,1785611400,SouthBase-825442-5554,5554,Framingham/Worcester Line,Inbound,Westborough,1785612420,1785612423,1785612420,1785612423,SCHEDULED,SCHEDULED,False
1785612990,MBTA|20260801|5554|SouthBase-825442-5554,MBTA,1785611400,SouthBase-825442-5554,5554,Framingham/Worcester Line,Inbound,Southborough,1785612960,1785612971,1785612960,1785612971,SCHEDULED,SCHEDULED,False
1785613320,MBTA|20260801|5554|SouthBase-825442-5554,MBTA,1785611400,SouthBase-825442-5554,5554,Framingham/Worcester Line,Inbound,Ashland,1785613200,1785613300,1785613200,1785613300,SCHEDULED,SCHEDULED,False
1785613890,MBTA|20260801|5554|SouthBase-825442-5554,MBTA,1785611400,SouthBase-825442-5554,5554,Framingham/Worcester Line,Inbound,Framingham,1785613800,1785613870,1785613800,1785613870,SCHEDULED,SCHEDULED,False
1785614250,MBTA|20260801|5554|SouthBase-825442-5554,MBTA,1785611400,SouthBase-825442-5554,5554,Framingham/Worcester Line,Inbound,West Natick,1785614160,1785614226,1785614160,1785614226,SCHEDULED,SCHEDULED,False
1785614520,MBTA|20260801|5554|SouthBase-825442-5554,MBTA,1785611400,SouthBase-825442-5554,5554,Framingham/Worcester Line,Inbound,Natick Center,1785614460,1785614501,1785614460,1785614501,SCHEDULED,SCHEDULED,False
1785614880,MBTA|20260801|5554|SouthBase-825442-5554,MBTA,1785611400,SouthBase-825442-5554,5554,Framingham/Worcester Line,Inbound,Wellesley Square,1785614760,1785614859,1785614760,1785614859,SCHEDULED,SCHEDULED,False
1785615090,MBTA|20260801|5554|SouthBase-825442-5554,MBTA,1785611400,SouthBase-825442-5554,5554,Framingham/Worcester Line,Inbound,Wellesley Hills,1785615000,1785615043,1785615000,1785615043,SCHEDULED,SCHEDULED,False
1785615300,MBTA|20260801|5554|SouthBase-825442-5554,MBTA,1785611400,SouthBase-825442-5554,5554,Framingham/Worcester Line,Inbound,Wellesley Farms,1785615120,1785615280,1785615120,1785615280,SCHEDULED,SCHEDULED,False
1785615540,MBTA|20260801|5554|SouthBase-825442-5554,MBTA,1785611400,SouthBase-825442-5554,5554,Framingham/Worcester Line,Inbound,Auburndale,1785615360,1785615520,1785615360,1785615520,SCHEDULED,SCHEDULED,False
1785615720,MBTA|20260801|5554|SouthBase-825442-5554,MBTA,1785611400,SouthBase-825442-5554,5554,Framingham/Worcester Line,Inbound,West Newton,1785615540,1785615716,1785615540,1785615716,SCHEDULED,SCHEDULED,False
1785615930,MBTA|20260801|5554|SouthBase-825442-5554,MBTA,1785611400,SouthBase-825442-5554,5554,Framingham/Worcester Line,Inbound,Newtonville,1785615780,1785615911,1785615780,1785615911,SCHEDULED,SCHEDULED,False
1785616260,MBTA|20260801|5554|SouthBase-825442-5554,MBTA,1785611400,SouthBase-825442-5554,5554,Framingham/Worcester Line,Inbound,Boston Landing,1785616080,1785616256,1785616080,1785616256,SCHEDULED,SCHEDULED,False
1785616710,MBTA|20260801|5554|SouthBase-825442-5554,MBTA,1785611400,SouthBase-825442-5554,5554,Framingham/Worcester Line,Inbound,Lansdowne,1785616380,1785616691,1785616380,1785616691,SCHEDULED,SCHEDULED,False
1785616950,MBTA|20260801|5554|SouthBase-825442-5554,MBTA,1785611400,SouthBase-825442-5554,5554,Framingham/Worcester Line,Inbound,Back Bay,1785616860,1785616847,1785616860,1785616847,SCHEDULED,SCHEDULED,False
1785617310,MBTA|20260801|5554|SouthBase-825442-5554,MBTA,1785611400,SouthBase-825442-5554,5554,Framingham/Worcester Line,Inbound,South Station,1785617220,1785617322,1785617220,,SCHEDULED,SCHEDULED,False
,MBTA|20260801|5251|NorthBase-825539-5251,MBTA,1785611700,NorthBase-825539-5251,5251,Haverhill Line,Outbound,North Station,1785611700,1785611700,1785611700,1785611700,SCHEDULED,SCHEDULED,True
1785612450,MBTA|20260801|5251|NorthBase-825539-5251,MBTA,1785611700,NorthBase-825539-5251,5251,Haverhill Line,Outbound,Malden Center,1785612360,1785612426,1785612360,1785612426,SCHEDULED,SCHEDULED,False
1785612600,MBTA|20260801|5251|NorthBase-825539-5251,MBTA,1785611700,NorthBase-825539-5251,5251,Haverhill Line,Outbound,Oak Grove,1785612480,1785612581,1785612480,1785612581,SCHEDULED,SCHEDULED,False
1785612780,MBTA|20260801|5251|NorthBase-825539-5251,MBTA,1785611700,NorthBase-825539-5251,5251,Haverhill Line,Outbound,Wyoming Hill,1785612600,1785612806,1785612600,1785612806,SCHEDULED,SCHEDULED,False
1785612930,MBTA|20260801|5251|NorthBase-825539-5251,MBTA,1785611700,NorthBase-825539-5251,5251,Haverhill Line,Outbound,Melrose/Cedar Park,1785612720,1785612911,1785612720,1785612911,SCHEDULED,SCHEDULED,False
1785613080,MBTA|20260801|5251|NorthBase-825539-5251,MBTA,1785611700,NorthBase-825539-5251,5251,Haverhill Line,Outbound,Melrose Highlands,1785612900,1785613062,1785612900,1785613062,SCHEDULED,SCHEDULED,False
1785613200,MBTA|20260801|5251|NorthBase-825539-5251,MBTA,1785611700,NorthBase-825539-5251,5251,Haverhill Line,Outbound,Greenwood,1785613080,1785613224,1785613080,1785613224,SCHEDULED,SCHEDULED,False
1785613440,MBTA|20260801|5251|NorthBase-825539-5251,MBTA,1785611700,NorthBase-825539-5251,5251,Haverhill Line,Outbound,Wakefield,1785613320,1785613421,1785613320,1785613421,SCHEDULED,SCHEDULED,False
1785613770,MBTA|20260801|5251|NorthBase-825539-5251,MBTA,1785611700,NorthBase-825539-5251,5251,Haverhill Line,Outbound,Reading,1785613680,1785613750,1785613680,1785613750,SCHEDULED,SCHEDULED,False
1785614160,MBTA|20260801|5251|NorthBase-825539-5251,MBTA,1785611700,NorthBase-825539-5251,5251,Haverhill Line,Outbound,North Wilmington,1785614040,1785614141,1785614040,1785614141,SCHEDULED,SCHEDULED,False
1785614640,MBTA|20260801|5251|NorthBase-825539-5251,MBTA,1785611700,NorthBase-825539-5251,5251,Haverhill Line,Outbound,Ballardvale,1785614460,1785614620,1785614460,1785614620,SCHEDULED,SCHEDULED,False
1785614880,MBTA|20260801|5251|NorthBase-825539-5251,MBTA,1785611700,NorthBase-825539-5251,5251,Haverhill Line,Outbound,Andover,1785614760,1785614845,1785614760,1785614845,SCHEDULED,SCHEDULED,False
1785615300,MBTA|20260801|5251|NorthBase-825539-5251,MBTA,1785611700,NorthBase-825539-5251,5251,Haverhill Line,Outbound,Lawrence,1785615180,1785615281,1785615180,1785615281,SCHEDULED,SCHEDULED,False
1785615810,MBTA|20260801|5251|NorthBase-825539-5251,MBTA,1785611700,NorthBase-825539-5251,5251,Haverhill Line,Outbound,Bradford,1785615660,1785615790,1785615660,1785615790,SCHEDULED,SCHEDULED,False
1785616080,MBTA|20260801|5251|NorthBase-825539-5251,MBTA,1785611700,NorthBase-825539-5251,5251,Haverhill Line,Outbound,Haverhill,1785616080,1785615850,1785616080,,SCHEDULED,SCHEDULED,False
,MBTA|20260801|5651|SouthBase-830438-5651,MBTA,1785611700,SouthBase-830438-5651,5651,Needham Line,Outbound,South Station,1785611700,1785611700,1785611700,1785611700,SCHEDULED,SCHEDULED,True
1785612210,MBTA|20260801|5651|SouthBase-830438-5651,MBTA,1785611700,SouthBase-830438-5651,5651,Needham Line,Outbound,Back Bay,1785612000,1785612203,1785612000,1785612203,SCHEDULED,SCHEDULED,False
1785612360,MBTA|20260801|5651|SouthBase-830438-5651,MBTA,1785611700,SouthBase-830438-5651,5651,Needham Line,Outbound,Ruggles,1785612180,1785612338,1785612180,1785612338,SCHEDULED,SCHEDULED,False
1785612690,MBTA|20260801|5651|SouthBase-830438-5651,MBTA,1785611700,SouthBase-830438-5651,5651,Needham Line,Outbound,Forest Hills,1785612480,1785612657,1785612480,1785612657,SCHEDULED,SCHEDULED,False
1785612900,MBTA|20260801|5651|SouthBase-830438-5651,MBTA,1785611700,SouthBase-830438-5651,5651,Needham Line,Outbound,Roslindale Village,1785612660,1785612866,1785612660,1785612866,SCHEDULED,SCHEDULED,False
1785613020,MBTA|20260801|5651|SouthBase-830438-5651,MBTA,1785611700,SouthBase-830438-5651,5651,Needham Line,Outbound,Bellevue,1785612840,1785612993,1785612840,1785612993,SCHEDULED,SCHEDULED,False
1785613140,MBTA|20260801|5651|SouthBase-830438-5651,MBTA,1785611700,SouthBase-830438-5651,5651,Needham Line,Outbound,Highland,1785612960,1785613114,1785612960,1785613114,SCHEDULED,SCHEDULED,False
1785613260,MBTA|20260801|5651|SouthBase-830438-5651,MBTA,1785611700,SouthBase-830438-5651,5651,Needham Line,Outbound,West Roxbury,1785613080,1785613238,1785613080,1785613238,SCHEDULED,SCHEDULED,False
1785613590,MBTA|20260801|5651|SouthBase-830438-5651,MBTA,1785611700,SouthBase-830438-5651,5651,Needham Line,Outbound,Hersey,1785613380,1785613547,1785613380,1785613547,SCHEDULED,SCHEDULED,False
1785613770,MBTA|20260801|5651|SouthBase-830438-5651,MBTA,1785611700,SouthBase-830438-5651,5651,Needham Line,Outbound,Needham Junction,1785613560,1785613733,1785613560,1785613733,SCHEDULED,SCHEDULED,False
1785613920,MBTA|20260801|5651|SouthBase-830438-5651,MBTA,1785611700,SouthBase-830438-5651,5651,Needham Line,Outbound,Needham Center,1785613800,1785613892,1785613800,1785613942,SCHEDULED,SCHEDULED,False
1785614130,MBTA|20260801|5651|SouthBase-830438-5651,MBTA,1785611700,SouthBase-830438-5651,5651,Needham Line,Outbound,Needham Heights,1785614100,1785614145,1785614100,,SCHEDULED,SCHEDULED,False
1785612150,MBTA|20260801|6659|SouthBase-830412-6659,MBTA,1785611820,SouthBase-830412-6659,6659,Fairmount Line,Outbound,South Station,1785611820,,1785611820,1785612026,SCHEDULED,SCHEDULED,False
1785612540,MBTA|20260801|6659|SouthBase-830412-6659,MBTA,1785611820,SouthBase-830412-6659,6659,Fairmount Line,Outbound,Newmarket,1785612300,1785612503,1785612300,1785612503,SCHEDULED,SCHEDULED,False
1785612630,MBTA|20260801|6659|SouthBase-830412-6659,MBTA,1785611820,SouthBase-830412-6659,6659,Fairmount Line,Outbound,Uphams Corner,1785612420,1785612614,1785612420,1785612614,SCHEDULED,SCHEDULED,False
1785612810,MBTA|20260801|6659|SouthBase-830412-6659,MBTA,1785611820,SouthBase-830412-6659,6659,Fairmount Line,Outbound,Four Corners/Geneva,1785612600,1785612782,1785612600,1785612782,SCHEDULED,SCHEDULED,False
1785612960,MBTA|20260801|6659|SouthBase-830412-6659,MBTA,1785611820,SouthBase-830412-6659,6659,Fairmount Line,Outbound,Talbot Avenue,1785612780,1785612979,1785612780,1785612979,SCHEDULED,SCHEDULED,False
1785613110,MBTA|20260801|6659|SouthBase-830412-6659,MBTA,1785611820,SouthBase-830412-6659,6659,Fairmount Line,Outbound,Morton Street,1785612960,1785613064,1785612960,1785613064,SCHEDULED,SCHEDULED,False
1785613230,MBTA|20260801|6659|SouthBase-830412-6659,MBTA,1785611820,SouthBase-830412-6659,6659,Fairmount Line,Outbound,Blue Hill Avenue,1785613080,1785613192,1785613080,1785613192,SCHEDULED,SCHEDULED,False
1785613440,MBTA|20260801|6659|SouthBase-830412-6659,MBTA,1785611820,SouthBase-830412-6659,6659,Fairmount Line,Outbound,Fairmount,1785613380,1785613343,1785613380,,SCHEDULED,SCHEDULED,False
1785612210,MBTA|20260801|7034|SouthBase-793180-7034,MBTA,1785612000,SouthBase-793180-7034,7034,Fall River/New Bedford Line,Inbound,New Bedford,1785612000,,1785612000,1785612193,SCHEDULED,SCHEDULED,False
1785612630,MBTA|20260801|7034|SouthBase-793180-7034,MBTA,1785612000,SouthBase-793180-7034,7034,Fall River/New Bedford Line,Inbound,Church Street,1785612360,1785612583,1785612360,1785612583,SCHEDULED,SCHEDULED,False
1785613800,MBTA|20260801|7034|SouthBase-793180-7034,MBTA,1785612000,SouthBase-793180-7034,7034,Fall River/New Bedford Line,Inbound,East Taunton,1785613440,1785613761,1785613440,1785613761,SCHEDULED,SCHEDULED,False
1785614460,MBTA|20260801|7034|SouthBase-793180-7034,MBTA,1785612000,SouthBase-793180-7034,7034,Fall River/New Bedford Line,Inbound,Middleborough,1785614100,1785614434,1785614100,1785614434,SCHEDULED,SCHEDULED,False
1785615090,MBTA|20260801|7034|SouthBase-793180-7034,MBTA,1785612000,SouthBase-793180-7034,7034,Fall River/New Bedford Line,Inbound,Bridgewater,1785614700,1785615063,1785614700,1785615063,SCHEDULED,SCHEDULED,False
1785615570,MBTA|20260801|7034|SouthBase-793180-7034,MBTA,1785612000,SouthBase-793180-7034,7034,Fall River/New Bedford Line,Inbound,Campello,1785615180,1785615538,1785615180,1785615538,SCHEDULED,SCHEDULED,False
1785615750,MBTA|20260801|7034|SouthBase-793180-7034,MBTA,1785612000,SouthBase-793180-7034,7034,Fall River/New Bedford Line,Inbound,Brockton,1785615420,1785615760,1785615420,1785615810,SCHEDULED,SCHEDULED,False
1785615990,MBTA|20260801|7034|SouthBase-793180-7034,MBTA,1785612000,SouthBase-793180-7034,7034,Fall River/New Bedford Line,Inbound,Montello,1785615600,1785615962,1785615600,1785615962,SCHEDULED,SCHEDULED,False
1785616230,MBTA|20260801|7034|SouthBase-793180-7034,MBTA,1785612000,SouthBase-793180-7034,7034,Fall River/New Bedford Line,Inbound,Holbrook/Randolph,1785615900,1785616243,1785615900,1785616243,SCHEDULED,SCHEDULED,False
1785616590,MBTA|20260801|7034|SouthBase-793180-7034,MBTA,1785612000,SouthBase-793180-7034,7034,Fall River/New Bedford Line,Inbound,Braintree,1785616380,1785616565,1785616380,1785616565,SCHEDULED,SCHEDULED,False
1785617010,MBTA|20260801|7034|SouthBase-793180-7034,MBTA,1785612000,SouthBase-793180-7034,7034,Fall River/New Bedford Line,Inbound,Quincy Center,1785616740,1785616911,1785616740,1785616911,SCHEDULED,SCHEDULED,False
1785618990,MBTA|20260801|7034|SouthBase-793180-7034,MBTA,1785612000,SouthBase-793180-7034,7034,Fall River/New Bedford Line,Inbound,South Station,1785617940,1785618991,1785617940,,SCHEDULED,SCHEDULED,False
1785612180,MBTA|20260801|5352|NorthBase-825557-5352,MBTA,1785612120,NorthBase-825557-5352,5352,Lowell Line,Inbound,Lowell,1785612120,,1785612120,1785612149,SCHEDULED,SCHEDULED,False
1785612720,MBTA|20260801|5352|NorthBase-825557-5352,MBTA,1785612120,NorthBase-825557-5352,5352,Lowell Line,Inbound,North Billerica,1785612600,1785612671,1785612600,1785612671,SCHEDULED,SCHEDULED,False
1785613140,MBTA|20260801|5352|NorthBase-825557-5352,MBTA,1785612120,NorthBase-825557-5352,5352,Lowell Line,Inbound,Wilmington,1785613020,1785613105,1785613020,1785613155,SCHEDULED,SCHEDULED,False
1785613380,MBTA|20260801|5352|NorthBase-825557-5352,MBTA,1785612120,NorthBase-825557-5352,5352,Lowell Line,Inbound,Anderson/Woburn,1785613260,1785613353,1785613260,1785613353,SCHEDULED,SCHEDULED,False
1785613740,MBTA|20260801|5352|NorthBase-825557-5352,MBTA,1785612120,NorthBase-825557-5352,5352,Lowell Line,Inbound,Winchester Center,1785613620,1785613694,1785613620,1785613694,SCHEDULED,SCHEDULED,False
1785613830,MBTA|20260801|5352|NorthBase-825557-5352,MBTA,1785612120,NorthBase-825557-5352,5352,Lowell Line,Inbound,Wedgemere,1785613740,1785613799,1785613740,1785613799,SCHEDULED,SCHEDULED,False
1785613980,MBTA|20260801|5352|NorthBase-825557-5352,MBTA,1785612120,NorthBase-825557-5352,5352,Lowell Line,Inbound,West Medford,1785613980,1785613961,1785613980,1785614011,SCHEDULED,SCHEDULED,False
1785614610,MBTA|20260801|5352|NorthBase-825557-5352,MBTA,1785612120,NorthBase-825557-5352,5352,Lowell Line,Inbound,North Station,1785614820,1785614640,1785614820,,SCHEDULED,SCHEDULED,False
,MBTA|20260801|5153|NorthBase-825524-5153,MBTA,1785612600,NorthBase-825524-5153,5153,Newburyport/Rockport Line,Outbound,North Station,1785612600,1785612600,1785612600,1785612600,SCHEDULED,SCHEDULED,True
1785613290,MBTA|20260801|5153|NorthBase-825524-5153,MBTA,1785612600,NorthBase-825524-5153,5153,Newburyport/Rockport Line,Outbound,Chelsea,1785613260,1785613271,1785613260,1785613271,SCHEDULED,SCHEDULED,False
1785613980,MBTA|20260801|5153|NorthBase-825524-5153,MBTA,1785612600,NorthBase-825524-5153,5153,Newburyport/Rockport Line,Outbound,Lynn Interim,1785613920,1785613961,1785613920,1785613961,SCHEDULED,SCHEDULED,False
1785614160,MBTA|20260801|5153|NorthBase-825524-5153,MBTA,1785612600,NorthBase-825524-5153,5153,Newburyport/Rockport Line,Outbound,Swampscott,1785614100,1785614140,1785614100,1785614140,SCHEDULED,SCHEDULED,False
1785614640,MBTA|20260801|5153|NorthBase-825524-5153,MBTA,1785612600,NorthBase-825524-5153,5153,Newburyport/Rockport Line,Outbound,Salem,1785614520,1785614621,1785614520,1785614621,SCHEDULED,SCHEDULED,False
1785614910,MBTA|20260801|5153|NorthBase-825524-5153,MBTA,1785612600,NorthBase-825524-5153,5153,Newburyport/Rockport Line,Outbound,Beverly,1785614760,1785614890,1785614760,1785614890,SCHEDULED,SCHEDULED,False
1785615180,MBTA|20260801|5153|NorthBase-825524-5153,MBTA,1785612600,NorthBase-825524-5153,5153,Newburyport/Rockport Line,Outbound,North Beverly,1785615060,1785615159,1785615060,1785615159,SCHEDULED,SCHEDULED,False
1785615420,MBTA|20260801|5153|NorthBase-825524-5153,MBTA,1785612600,NorthBase-825524-5153,5153,Newburyport/Rockport Line,Outbound,Hamilton/Wenham,1785615300,1785615401,1785615300,1785615401,SCHEDULED,SCHEDULED,False
1785615840,MBTA|20260801|5153|NorthBase-825524-5153,MBTA,1785612600,NorthBase-825524-5153,5153,Newburyport/Rockport Line,Outbound,Ipswich,1785615660,1785615820,1785615660,1785615820,SCHEDULED,SCHEDULED,False
1785616170,MBTA|20260801|5153|NorthBase-825524-5153,MBTA,1785612600,NorthBase-825524-5153,5153,Newburyport/Rockport Line,Outbound,Rowley,1785615960,1785616151,1785615960,1785616151,SCHEDULED,SCHEDULED,False
1785616560,MBTA|20260801|5153|NorthBase-825524-5153,MBTA,1785612600,NorthBase-825524-5153,5153,Newburyport/Rockport Line,Outbound,Newburyport,1785616740,1785616559,1785616740,,SCHEDULED,SCHEDULED,False
1785612690,MBTA|20260801|6666|SouthBase-830378-6666,MBTA,1785612600,SouthBase-830378-6666,6666,Fairmount Line,Inbound,Readville,1785612600,,1785612600,1785612654,SCHEDULED,SCHEDULED,False
1785612900,MBTA|20260801|6666|SouthBase-830378-6666,MBTA,1785612600,SouthBase-830378-6666,6666,Fairmount Line,Inbound,Fairmount,1785612780,1785612861,1785612780,1785612861,SCHEDULED,SCHEDULED,False
1785613110,MBTA|20260801|6666|SouthBase-830378-6666,MBTA,1785612600,SouthBase-830378-6666,6666,Fairmount Line,Inbound,Blue Hill Avenue,1785612960,1785613084,1785612960,1785613084,SCHEDULED,SCHEDULED,False
1785613290,MBTA|20260801|6666|SouthBase-830378-6666,MBTA,1785612600,SouthBase-830378-6666,6666,Fairmount Line,Inbound,Morton Street,1785613080,1785613264,1785613080,1785613264,SCHEDULED,SCHEDULED,False
1785613440,MBTA|20260801|6666|SouthBase-830378-6666,MBTA,1785612600,SouthBase-830378-6666,6666,Fairmount Line,Inbound,Talbot Avenue,1785613260,1785613419,1785613260,1785613419,SCHEDULED,SCHEDULED,False
1785613680,MBTA|20260801|6666|SouthBase-830378-6666,MBTA,1785612600,SouthBase-830378-6666,6666,Fairmount Line,Inbound,Four Corners/Geneva,1785613440,1785613636,1785613440,1785613636,SCHEDULED,SCHEDULED,False
1785613830,MBTA|20260801|6666|SouthBase-830378-6666,MBTA,1785612600,SouthBase-830378-6666,6666,Fairmount Line,Inbound,Uphams Corner,1785613620,1785613791,1785613620,1785613791,SCHEDULED,SCHEDULED,False
1785613890,MBTA|20260801|6666|SouthBase-830378-6666,MBTA,1785612600,SouthBase-830378-6666,6666,Fairmount Line,Inbound,Newmarket,1785613740,1785613855,1785613740,1785613905,SCHEDULED,SCHEDULED,False
1785614610,MBTA|20260801|6666|SouthBase-830378-6666,MBTA,1785612600,SouthBase-830378-6666,6666,Fairmount Line,Inbound,South Station,1785614400,1785614626,1785614400,,SCHEDULED,SCHEDULED,False
,MBTA|20260801|7025|SouthBase-793177-7025,MBTA,1785613020,SouthBase-793177-7025,7025,Fall River/New Bedford Line,Outbound,South Station,1785613020,1785613020,1785613020,1785613020,SCHEDULED,SCHEDULED,True
1785614040,MBTA|20260801|7025|SouthBase-793177-7025,MBTA,1785613020,SouthBase-793177-7025,7025,Fall River/New Bedford Line,Outbound,Quincy Center,1785613920,1785614021,1785613920,1785614021,SCHEDULED,SCHEDULED,False
1785614370,MBTA|20260801|7025|SouthBase-793177-7025,MBTA,1785613020,SouthBase-793177-7025,7025,Fall River/New Bedford Line,Outbound,Braintree,1785614280,1785614346,1785614280,1785614346,SCHEDULED,SCHEDULED,False
1785614910,MBTA|20260801|7025|SouthBase-793177-7025,MBTA,1785613020,SouthBase-793177-7025,7025,Fall River/New Bedford Line,Outbound,Holbrook/Randolph,1785614820,1785614892,1785614820,1785614942,SCHEDULED,SCHEDULED,False
1785615240,MBTA|20260801|7025|SouthBase-793177-7025,MBTA,1785613020,SouthBase-793177-7025,7025,Fall River/New Bedford Line,Outbound,Montello,1785615180,1785615221,1785615180,1785615221,SCHEDULED,SCHEDULED,False
1785615510,MBTA|20260801|7025|SouthBase-793177-7025,MBTA,1785613020,SouthBase-793177-7025,7025,Fall River/New Bedford Line,Outbound,Brockton,1785615420,1785615491,1785615420,1785615491,SCHEDULED,SCHEDULED,False
1785615900,MBTA|20260801|7025|SouthBase-793177-7025,MBTA,1785613020,SouthBase-793177-7025,7025,Fall River/New Bedford Line,Outbound,Campello,1785615660,1785615881,1785615660,1785615881,SCHEDULED,SCHEDULED,False
1785616350,MBTA|20260801|7025|SouthBase-793177-7025,MBTA,1785613020,SouthBase-793177-7025,7025,Fall River/New Bedford Line,Outbound,Bridgewater,1785616140,1785616333,1785616140,1785616333,SCHEDULED,SCHEDULED,False
1785617070,MBTA|20260801|7025|SouthBase-793177-7025,MBTA,1785613020,SouthBase-793177-7025,7025,Fall River/New Bedford Line,Outbound,Middleborough,1785616860,1785617051,1785616860,1785617051,SCHEDULED,SCHEDULED,False
1785617700,MBTA|20260801|7025|SouthBase-793177-7025,MBTA,1785613020,SouthBase-793177-7025,7025,Fall River/New Bedford Line,Outbound,East Taunton,1785617520,1785617681,1785617520,1785617681,SCHEDULED,SCHEDULED,False
1785618630,MBTA|20260801|7025|SouthBase-793177-7025,MBTA,1785613020,SouthBase-793177-7025,7025,Fall River/New Bedford Line,Outbound,Church Street,1785618420,1785618596,1785618420,1785618596,SCHEDULED,SCHEDULED,False
1785618930,MBTA|20260801|7025|SouthBase-793177-7025,MBTA,1785613020,SouthBase-793177-7025,7025,Fall River/New Bedford Line,Outbound,New Bedford,1785619080,1785618932,1785619080,,SCHEDULED,SCHEDULED,False
1785613710,MBTA|20260801|5855|SouthBase-793097-5855,MBTA,1785613500,SouthBase-793097-5855,5855,Providence/Stoughton Line,Outbound,South Station,1785613500,,1785613500,1785613692,SCHEDULED,SCHEDULED,False
1785614130,MBTA|20260801|5855|SouthBase-793097-5855,MBTA,1785613500,SouthBase-793097-5855,5855,Providence/Stoughton Line,Outbound,Back Bay,1785613800,1785614113,1785613800,1785614113,SCHEDULED,SCHEDULED,False
1785614310,MBTA|20260801|5855|SouthBase-793097-5855,MBTA,1785613500,SouthBase-793097-5855,5855,Providence/Stoughton Line,Outbound,Ruggles,1785613980,1785614262,1785613980,1785614262,SCHEDULED,SCHEDULED,False
1785614730,MBTA|20260801|5855|SouthBase-793097-5855,MBTA,1785613500,SouthBase-793097-5855,5855,Providence/Stoughton Line,Outbound,Hyde Park,1785614460,1785614695,1785614460,1785614695,SCHEDULED,SCHEDULED,False
1785614940,MBTA|20260801|5855|SouthBase-793097-5855,MBTA,1785613500,SouthBase-793097-5855,5855,Providence/Stoughton Line,Outbound,Readville,1785614640,1785614913,1785614640,1785614913,SCHEDULED,SCHEDULED,False
1785615240,MBTA|20260801|5855|SouthBase-793097-5855,MBTA,1785613500,SouthBase-793097-5855,5855,Providence/Stoughton Line,Outbound,Route 128,1785614880,1785615192,1785614880,1785615192,SCHEDULED,SCHEDULED,False
1785615540,MBTA|20260801|5855|SouthBase-793097-5855,MBTA,1785613500,SouthBase-793097-5855,5855,Providence/Stoughton Line,Outbound,Canton Junction,1785615240,1785615502,1785615240,1785615502,SCHEDULED,SCHEDULED,False
1785615840,MBTA|20260801|5855|SouthBase-793097-5855,MBTA,1785613500,SouthBase-793097-5855,5855,Providence/Stoughton Line,Outbound,Sharon,1785615540,1785615811,1785615540,1785615811,SCHEDULED,SCHEDULED,False
1785616350,MBTA|20260801|5855|SouthBase-793097-5855,MBTA,1785613500,SouthBase-793097-5855,5855,Providence/Stoughton Line,Outbound,Mansfield,1785616020,1785616308,1785616020,1785616308,SCHEDULED,SCHEDULED,False
1785616860,MBTA|20260801|5855|SouthBase-793097-5855,MBTA,1785613500,SouthBase-793097-5855,5855,Providence/Stoughton Line,Outbound,Attleboro,1785616620,1785616835,1785616620,1785616835,SCHEDULED,SCHEDULED,False
1785617430,MBTA|20260801|5855|SouthBase-793097-5855,MBTA,1785613500,SouthBase-793097-5855,5855,Providence/Stoughton Line,Outbound,Pawtucket/Central Falls,1785617160,1785617393,1785617160,1785617393,SCHEDULED,SCHEDULED,False
1785618060,MBTA|20260801|5855|SouthBase-793097-5855,MBTA,1785613500,SouthBase-793097-5855,5855,Providence/Stoughton Line,Outbound,Providence,1785618060,1785617801,1785618060,,SCHEDULED,SCHEDULED,False
1785613740,MBTA|20260801|5754|SouthBase-830453-5754,MBTA,1785613620,SouthBase-830453-5754,5754,Franklin/Foxboro Line,Inbound,Forge Park/495,1785613620,,1785613620,1785613717,SCHEDULED,SCHEDULED,False
1785614220,MBTA|20260801|5754|SouthBase-830453-5754,MBTA,1785613620,SouthBase-830453-5754,5754,Franklin/Foxboro Line,Inbound,Franklin,1785614040,1785614198,1785614040,1785614198,SCHEDULED,SCHEDULED,False
1785614790,MBTA|20260801|5754|SouthBase-830453-5754,MBTA,1785613620,SouthBase-830453-5754,5754,Franklin/Foxboro Line,Inbound,Norfolk,1785614460,1785614765,1785614460,1785614765,SCHEDULED,SCHEDULED,False
1785615060,MBTA|20260801|5754|SouthBase-830453-5754,MBTA,1785613620,SouthBase-830453-5754,5754,Franklin/Foxboro Line,Inbound,Walpole,1785614880,1785615074,1785614880,1785615074,SCHEDULED,SCHEDULED,False
1785615420,MBTA|20260801|5754|SouthBase-830453-5754,MBTA,1785613620,SouthBase-830453-5754,5754,Franklin/Foxboro Line,Inbound,Windsor Gardens,1785615060,1785615385,1785615060,1785615385,SCHEDULED,SCHEDULED,False
1785615630,MBTA|20260801|5754|SouthBase-830453-5754,MBTA,1785613620,SouthBase-830453-5754,5754,Franklin/Foxboro Line,Inbound,Norwood Central,1785615300,1785615602,1785615300,1785615602,SCHEDULED,SCHEDULED,False
1785615750,MBTA|20260801|5754|SouthBase-830453-5754,MBTA,1785613620,SouthBase-830453-5754,5754,Franklin/Foxboro Line,Inbound,Norwood Depot,1785615420,1785615723,1785615420,1785615723,SCHEDULED,SCHEDULED,False
1785615960,MBTA|20260801|5754|SouthBase-830453-5754,MBTA,1785613620,SouthBase-830453-5754,5754,Franklin/Foxboro Line,Inbound,Islington,1785615600,1785615933,1785615600,1785615933,SCHEDULED,SCHEDULED,False
1785616200,MBTA|20260801|5754|SouthBase-830453-5754,MBTA,1785613620,SouthBase-830453-5754,5754,Franklin/Foxboro Line,Inbound,Dedham Corporate Center,1785615720,1785616160,1785615720,1785616160,SCHEDULED,SCHEDULED,False
1785616380,MBTA|20260801|5754|SouthBase-830453-5754,MBTA,1785613620,SouthBase-830453-5754,5754,Franklin/Foxboro Line,Inbound,Endicott,1785615900,1785616346,1785615900,1785616346,SCHEDULED,SCHEDULED,False
1785616620,MBTA|20260801|5754|SouthBase-830453-5754,MBTA,1785613620,SouthBase-830453-5754,5754,Franklin/Foxboro Line,Inbound,Readville,1785616200,1785616594,1785616200,1785616594,SCHEDULED,SCHEDULED,False
1785616770,MBTA|20260801|5754|SouthBase-830453-5754,MBTA,1785613620,SouthBase-830453-5754,5754,Franklin/Foxboro Line,Inbound,Fairmount,1785616380,1785616760,1785616380,1785616810,SCHEDULED,SCHEDULED,False
1785617040,MBTA|20260801|5754|SouthBase-830453-5754,MBTA,1785613620,SouthBase-830453-5754,5754,Franklin/Foxboro Line,Inbound,Blue Hill Avenue,1785616560,1785617017,1785616560,1785617017,SCHEDULED,SCHEDULED,False
1785617220,MBTA|20260801|5754|SouthBase-830453-5754,MBTA,1785613620,SouthBase-830453-5754,5754,Franklin/Foxboro Line,Inbound,Morton Street,1785616680,1785617183,1785616680,1785617183,SCHEDULED,SCHEDULED,False
1785617280,MBTA|20260801|5754|SouthBase-830453-5754,MBTA,1785613620,SouthBase-830453-5754,5754,Franklin/Foxboro Line,Inbound,Talbot Avenue,1785616860,1785617267,1785616860,1785617317,SCHEDULED,SCHEDULED,False
1785617550,MBTA|20260801|5754|SouthBase-830453-5754,MBTA,1785613620,SouthBase-830453-5754,5754,Franklin/Foxboro Line,Inbound,Four Corners/Geneva,1785617040,1785617524,1785617040,1785617524,SCHEDULED,SCHEDULED,False
1785617670,MBTA|20260801|5754|SouthBase-830453-5754,MBTA,1785613620,SouthBase-830453-5754,5754,Franklin/Foxboro Line,Inbound,Uphams Corner,1785617220,1785617688,1785617220,1785617688,SCHEDULED,SCHEDULED,False
1785617790,MBTA|20260801|5754|SouthBase-830453-5754,MBTA,1785613620,SouthBase-830453-5754,5754,Franklin/Foxboro Line,Inbound,Newmarket,1785617340,1785617781,1785617340,1785617831,SCHEDULED,SCHEDULED,False
1785618300,MBTA|20260801|5754|SouthBase-830453-5754,MBTA,1785613620,SouthBase-830453-5754,5754,Franklin/Foxboro Line,Inbound,South Station,1785618000,1785618415,1785618000,,SCHEDULED,SCHEDULED,False
,MBTA|20260801|5755|SouthBase-830454-5755,MBTA,1785613620,SouthBase-830454-5755,5755,Franklin/Foxboro Line,Outbound,South Station,1785613620,1785613620,1785613620,1785613620,SCHEDULED,SCHEDULED,True
1785614340,MBTA|20260801|5755|SouthBase-830454-5755,MBTA,1785613620,SouthBase-830454-5755,5755,Franklin/Foxboro Line,Outbound,Newmarket,1785614100,1785614294,1785614100,1785614294,SCHEDULED,SCHEDULED,False
1785614460,MBTA|20260801|5755|SouthBase-830454-5755,MBTA,1785613620,SouthBase-830454-5755,5755,Franklin/Foxboro Line,Outbound,Uphams Corner,1785614220,1785614418,1785614220,1785614418,SCHEDULED,SCHEDULED,False
1785614670,MBTA|20260801|5755|SouthBase-830454-5755,MBTA,1785613620,SouthBase-830454-5755,5755,Franklin/Foxboro Line,Outbound,Four Corners/Geneva,1785614400,1785614635,1785614400,1785614635,SCHEDULED,SCHEDULED,False
1785614820,MBTA|20260801|5755|SouthBase-830454-5755,MBTA,1785613620,SouthBase-830454-5755,5755,Franklin/Foxboro Line,Outbound,Talbot Avenue,1785614580,1785614791,1785614580,1785614841,SCHEDULED,SCHEDULED,False
1785614970,MBTA|20260801|5755|SouthBase-830454-5755,MBTA,1785613620,SouthBase-830454-5755,5755,Franklin/Foxboro Line,Outbound,Morton Street,1785614760,1785614945,1785614760,1785614945,SCHEDULED,SCHEDULED,False
1785615150,MBTA|20260801|5755|SouthBase-830454-5755,MBTA,1785613620,SouthBase-830454-5755,5755,Franklin/Foxboro Line,Outbound,Blue Hill Avenue,1785614880,1785615100,1785614880,1785615100,SCHEDULED,SCHEDULED,False
1785615450,MBTA|20260801|5755|SouthBase-830454-5755,MBTA,1785613620,SouthBase-830454-5755,5755,Franklin/Foxboro Line,Outbound,Fairmount,1785615060,1785615354,1785615060,1785615354,SCHEDULED,SCHEDULED,False
1785615600,MBTA|20260801|5755|SouthBase-830454-5755,MBTA,1785613620,SouthBase-830454-5755,5755,Franklin/Foxboro Line,Outbound,Readville,1785615300,1785615565,1785615300,1785615565,SCHEDULED,SCHEDULED,False
1785615840,MBTA|20260801|5755|SouthBase-830454-5755,MBTA,1785613620,SouthBase-830454-5755,5755,Franklin/Foxboro Line,Outbound,Endicott,1785615540,1785615843,1785615540,1785615843,SCHEDULED,SCHEDULED,False
1785616050,MBTA|20260801|5755|SouthBase-830454-5755,MBTA,1785613620,SouthBase-830454-5755,5755,Franklin/Foxboro Line,Outbound,Dedham Corporate Center,1785615720,1785615999,1785615720,1785615999,SCHEDULED,SCHEDULED,False
1785616170,MBTA|20260801|5755|SouthBase-830454-5755,MBTA,1785613620,SouthBase-830454-5755,5755,Franklin/Foxboro Line,Outbound,Islington,1785615840,1785616123,1785615840,1785616123,SCHEDULED,SCHEDULED,False
1785616410,MBTA|20260801|5755|SouthBase-830454-5755,MBTA,1785613620,SouthBase-830454-5755,5755,Franklin/Foxboro Line,Outbound,Norwood Depot,1785616020,1785616371,1785616020,1785616371,SCHEDULED,SCHEDULED,False
1785616560,MBTA|20260801|5755|SouthBase-830454-5755,MBTA,1785613620,SouthBase-830454-5755,5755,Franklin/Foxboro Line,Outbound,Norwood Central,1785616140,1785616526,1785616140,1785616526,SCHEDULED,SCHEDULED,False
1785616770,MBTA|20260801|5755|SouthBase-830454-5755,MBTA,1785613620,SouthBase-830454-5755,5755,Franklin/Foxboro Line,Outbound,Windsor Gardens,1785616320,1785616743,1785616320,1785616743,SCHEDULED,SCHEDULED,False
1785617070,MBTA|20260801|5755|SouthBase-830454-5755,MBTA,1785613620,SouthBase-830454-5755,5755,Franklin/Foxboro Line,Outbound,Walpole,1785616560,1785617022,1785616560,1785617022,SCHEDULED,SCHEDULED,False
1785617340,MBTA|20260801|5755|SouthBase-830454-5755,MBTA,1785613620,SouthBase-830454-5755,5755,Franklin/Foxboro Line,Outbound,Norfolk,1785616980,1785617311,1785616980,1785617361,SCHEDULED,SCHEDULED,False
1785618000,MBTA|20260801|5755|SouthBase-830454-5755,MBTA,1785613620,SouthBase-830454-5755,5755,Franklin/Foxboro Line,Outbound,Franklin,1785617400,1785617952,1785617400,1785617952,SCHEDULED,SCHEDULED,False
1785618360,MBTA|20260801|5755|SouthBase-830454-5755,MBTA,1785613620,SouthBase-830454-5755,5755,Franklin/Foxboro Line,Outbound,Forge Park/495,1785618120,1785618355,1785618120,,SCHEDULED,SCHEDULED,False
,MBTA|20260801|5856|SouthBase-793098-5856,MBTA,1785613620,SouthBase-793098-5856,5856,Providence/Stoughton Line,Inbound,Providence,1785613620,1785613620,1785613620,1785613620,SCHEDULED,SCHEDULED,True
1785614220,MBTA|20260801|5856|SouthBase-793098-5856,MBTA,1785613620,SouthBase-793098-5856,5856,Providence/Stoughton Line,Inbound,Pawtucket/Central Falls,1785613980,1785614161,1785613980,1785614161,SCHEDULED,SCHEDULED,False
1785614970,MBTA|20260801|5856|SouthBase-793098-5856,MBTA,1785613620,SouthBase-793098-5856,5856,Providence/Stoughton Line,Inbound,Attleboro,1785614700,1785614982,1785614700,1785614982,SCHEDULED,SCHEDULED,False
1785615660,MBTA|20260801|5856|SouthBase-793098-5856,MBTA,1785613620,SouthBase-793098-5856,5856,Providence/Stoughton Line,Inbound,Mansfield,1785615480,1785615640,1785615480,1785615640,SCHEDULED,SCHEDULED,False
1785616200,MBTA|20260801|5856|SouthBase-793098-5856,MBTA,1785613620,SouthBase-793098-5856,5856,Providence/Stoughton Line,Inbound,Sharon,1785616020,1785616180,1785616020,1785616180,SCHEDULED,SCHEDULED,False
1785616410,MBTA|20260801|5856|SouthBase-793098-5856,MBTA,1785613620,SouthBase-793098-5856,5856,Providence/Stoughton Line,Inbound,Canton Junction,1785616320,1785616397,1785616320,1785616447,SCHEDULED,SCHEDULED,False
1785616890,MBTA|20260801|5856|SouthBase-793098-5856,MBTA,1785613620,SouthBase-793098-5856,5856,Providence/Stoughton Line,Inbound,Route 128,1785616680,1785616869,1785616680,1785616869,SCHEDULED,SCHEDULED,False
1785617220,MBTA|20260801|5856|SouthBase-793098-5856,MBTA,1785613620,SouthBase-793098-5856,5856,Providence/Stoughton Line,Inbound,Readville,1785616920,1785617201,1785616920,1785617201,SCHEDULED,SCHEDULED,False
1785617430,MBTA|20260801|5856|SouthBase-793098-5856,MBTA,1785613620,SouthBase-793098-5856,5856,Providence/Stoughton Line,Inbound,Hyde Park,1785617100,1785617411,1785617100,1785617411,SCHEDULED,SCHEDULED,False
1785617820,MBTA|20260801|5856|SouthBase-793098-5856,MBTA,1785613620,SouthBase-793098-5856,5856,Providence/Stoughton Line,Inbound,Ruggles,1785617760,1785617825,1785617760,1785617825,SCHEDULED,SCHEDULED,False
1785618120,MBTA|20260801|5856|SouthBase-793098-5856,MBTA,1785613620,SouthBase-793098-5856,5856,Providence/Stoughton Line,Inbound,Back Bay,1785618000,1785618070,1785618000,1785618070,SCHEDULED,SCHEDULED,False
1785618660,MBTA|20260801|5856|SouthBase-793098-5856,MBTA,1785613620,SouthBase-793098-5856,5856,Providence/Stoughton Line,Inbound,South Station,1785618300,1785618561,1785618300,,SCHEDULED,SCHEDULED,False
,MBTA|20260801|6075|SouthBase-793243-6075,MBTA,1785614100,SouthBase-793243-6075,6075,Greenbush Line,Outbound,South Station,1785614100,1785614100,1785614100,1785614100,SCHEDULED,SCHEDULED,True
1785615060,MBTA|20260801|6075|SouthBase-793243-6075,MBTA,1785614100,SouthBase-793243-6075,6075,Greenbush Line,Outbound,Quincy Center,1785615000,1785615038,1785615000,1785615038,SCHEDULED,SCHEDULED,False
1785615660,MBTA|20260801|6075|SouthBase-793243-6075,MBTA,1785614100,SouthBase-793243-6075,6075,Greenbush Line,Outbound,Weymouth Landing/East Braintree,1785615600,1785615627,1785615600,1785615627,SCHEDULED,SCHEDULED,False
1785615990,MBTA|20260801|6075|SouthBase-793243-6075,MBTA,1785614100,SouthBase-793243-6075,6075,Greenbush Line,Outbound,East Weymouth,1785615900,1785615958,1785615900,1785616008,SCHEDULED,SCHEDULED,False
1785616230,MBTA|20260801|6075|SouthBase-793243-6075,MBTA,1785614100,SouthBase-793243-6075,6075,Greenbush Line,Outbound,West Hingham,1785616080,1785616154,1785616080,1785616154,SCHEDULED,SCHEDULED,False
1785616440,MBTA|20260801|6075|SouthBase-793243-6075,MBTA,1785614100,SouthBase-793243-6075,6075,Greenbush Line,Outbound,Nantasket Junction,1785616380,1785616411,1785616380,1785616411,SCHEDULED,SCHEDULED,False
1785616620,MBTA|20260801|6075|SouthBase-793243-6075,MBTA,1785614100,SouthBase-793243-6075,6075,Greenbush Line,Outbound,Cohasset,1785616560,1785616599,1785616560,1785616599,SCHEDULED,SCHEDULED,False
1785617070,MBTA|20260801|6075|SouthBase-793243-6075,MBTA,1785614100,SouthBase-793243-6075,6075,Greenbush Line,Outbound,North Scituate,1785616980,1785617046,1785616980,1785617046,SCHEDULED,SCHEDULED,False
1785617580,MBTA|20260801|6075|SouthBase-793243-6075,MBTA,1785614100,SouthBase-793243-6075,6075,Greenbush Line,Outbound,Greenbush,1785617580,1785617392,1785617580,,SCHEDULED,SCHEDULED,False
,MBTA|20260801|5056|NorthBase-825506-5056,MBTA,1785614400,NorthBase-825506-5056,5056,Newburyport/Rockport Line,Inbound,Rockport,1785614400,1785614400,1785614400,1785614400,SCHEDULED,SCHEDULED,True
1785615150,MBTA|20260801|5056|NorthBase-825506-5056,MBTA,1785614400,NorthBase-825506-5056,5056,Newburyport/Rockport Line,Inbound,Gloucester,1785614880,1785615101,1785614880,1785615101,SCHEDULED,SCHEDULED,False
1785615450,MBTA|20260801|5056|NorthBase-825506-5056,MBTA,1785614400,NorthBase-825506-5056,5056,Newburyport/Rockport Line,Inbound,West Gloucester,1785615180,1785615411,1785615180,1785615411,SCHEDULED,SCHEDULED,False
1785615990,MBTA|20260801|5056|NorthBase-825506-5056,MBTA,1785614400,NorthBase-825506-5056,5056,Newburyport/Rockport Line,Inbound,Manchester,1785615540,1785615938,1785615540,1785615938,SCHEDULED,SCHEDULED,False
1785616230,MBTA|20260801|5056|NorthBase-825506-5056,MBTA,1785614400,NorthBase-825506-5056,5056,Newburyport/Rockport Line,Inbound,Beverly Farms,1785615840,1785616219,1785615840,1785616219,SCHEDULED,SCHEDULED,False
1785616590,MBTA|20260801|5056|NorthBase-825506-5056,MBTA,1785614400,NorthBase-825506-5056,5056,Newburyport/Rockport Line,Inbound,Montserrat,1785616200,1785616558,1785616200,1785616558,SCHEDULED,SCHEDULED,False
1785616860,MBTA|20260801|5056|NorthBase-825506-5056,MBTA,1785614400,NorthBase-825506-5056,5056,Newburyport/Rockport Line,Inbound,Beverly,1785616560,1785616837,1785616560,1785616837,SCHEDULED,SCHEDULED,False
1785617310,MBTA|20260801|5056|NorthBase-825506-5056,MBTA,1785614400,NorthBase-825506-5056,5056,Newburyport/Rockport Line,Inbound,Salem,1785616800,1785617271,1785616800,1785617271,SCHEDULED,SCHEDULED,False
1785617700,MBTA|20260801|5056|NorthBase-825506-5056,MBTA,1785614400,NorthBase-825506-5056,5056,Newburyport/Rockport Line,Inbound,Swampscott,1785617220,1785617674,1785617220,1785617674,SCHEDULED,SCHEDULED,False
1785618000,MBTA|20260801|5056|NorthBase-825506-5056,MBTA,1785614400,NorthBase-825506-5056,5056,Newburyport/Rockport Line,Inbound,Lynn Interim,1785617400,1785617953,1785617400,1785617953,SCHEDULED,SCHEDULED,False
1785618570,MBTA|20260801|5056|NorthBase-825506-5056,MBTA,1785614400,NorthBase-825506-5056,5056,Newburyport/Rockport Line,Inbound,Chelsea,1785618000,1785618561,1785618000,1785618611,SCHEDULED,SCHEDULED,False
1785619230,MBTA|20260801|5056|NorthBase-825506-5056,MBTA,1785614400,NorthBase-825506-5056,5056,Newburyport/Rockport Line,Inbound,North Station,1785618960,1785619237,1785618960,,SCHEDULED,SCHEDULED,False
1785614640,MBTA|20260801|6668|SouthBase-830397-6668,MBTA,1785614580,SouthBase-830397-6668,6668,Fairmount Line,Inbound,Fairmount,1785614580,,1785614580,1785614626,SCHEDULED,SCHEDULED,False
1785614880,MBTA|20260801|6668|SouthBase-830397-6668,MBTA,1785614580,SouthBase-830397-6668,6668,Fairmount Line,Inbound,Blue Hill Avenue,1785614760,1785614829,1785614760,1785614829,SCHEDULED,SCHEDULED,False
1785615030,MBTA|20260801|6668|SouthBase-830397-6668,MBTA,1785614580,SouthBase-830397-6668,6668,Fairmount Line,Inbound,Morton Street,1785614880,1785614984,1785614880,1785614984,SCHEDULED,SCHEDULED,False
1785615210,MBTA|20260801|6668|SouthBase-830397-6668,MBTA,1785614580,SouthBase-830397-6668,6668,Fairmount Line,Inbound,Talbot Avenue,1785615060,1785615181,1785615060,1785615181,SCHEDULED,SCHEDULED,False
1785615420,MBTA|20260801|6668|SouthBase-830397-6668,MBTA,1785614580,SouthBase-830397-6668,6668,Fairmount Line,Inbound,Four Corners/Geneva,1785615240,1785615394,1785615240,1785615394,SCHEDULED,SCHEDULED,False
1785615600,MBTA|20260801|6668|SouthBase-830397-6668,MBTA,1785614580,SouthBase-830397-6668,6668,Fairmount Line,Inbound,Uphams Corner,1785615420,1785615573,1785615420,1785615573,SCHEDULED,SCHEDULED,False
1785615690,MBTA|20260801|6668|SouthBase-830397-6668,MBTA,1785614580,SouthBase-830397-6668,6668,Fairmount Line,Inbound,Newmarket,1785615540,1785615639,1785615540,1785615689,SCHEDULED,SCHEDULED,False
1785616170,MBTA|20260801|6668|SouthBase-830397-6668,MBTA,1785614580,SouthBase-830397-6668,6668,Fairmount Line,Inbound,South Station,1785616200,1785616188,1785616200,,SCHEDULED,SCHEDULED,False
,MBTA|20260801|6027|SouthBase-824313-6027,MBTA,1785614880,SouthBase-824313-6027,6027,Kingston Line,Outbound,South Station,1785614880,1785614880,1785614880,1785614880,SCHEDULED,SCHEDULED,True
1785615840,MBTA|20260801|6027|SouthBase-824313-6027,MBTA,1785614880,SouthBase-824313-6027,6027,Kingston Line,Outbound,Quincy Center,1785615780,1785615793,1785615780,1785615793,SCHEDULED,SCHEDULED,False
1785616200,MBTA|20260801|6027|SouthBase-824313-6027,MBTA,1785614880,SouthBase-824313-6027,6027,Kingston Line,Outbound,Braintree,1785616140,1785616165,1785616140,1785616165,SCHEDULED,SCHEDULED,False
1785616680,MBTA|20260801|6027|SouthBase-824313-6027,MBTA,1785614880,SouthBase-824313-6027,6027,Kingston Line,Outbound,South Weymouth,1785616560,1785616630,1785616560,1785616630,SCHEDULED,SCHEDULED,False
1785617220,MBTA|20260801|6027|SouthBase-824313-6027,MBTA,1785614880,SouthBase-824313-6027,6027,Kingston Line,Outbound,Abington,1785616980,1785617188,1785616980,1785617188,SCHEDULED,SCHEDULED,False
1785617460,MBTA|20260801|6027|SouthBase-824313-6027,MBTA,1785614880,SouthBase-824313-6027,6027,Kingston Line,Outbound,Whitman,1785617160,1785617436,1785617160,1785617436,SCHEDULED,SCHEDULED,False
1785617790,MBTA|20260801|6027|SouthBase-824313-6027,MBTA,1785614880,SouthBase-824313-6027,6027,Kingston Line,Outbound,Hanson,1785617460,1785617746,1785617460,1785617746,SCHEDULED,SCHEDULED,False
1785618060,MBTA|20260801|6027|SouthBase-824313-6027,MBTA,1785614880,SouthBase-824313-6027,6027,Kingston Line,Outbound,Halifax,1785617760,1785618036,1785617760,1785618036,SCHEDULED,SCHEDULED,False
1785618570,MBTA|20260801|6027|SouthBase-824313-6027,MBTA,1785614880,SouthBase-824313-6027,6027,Kingston Line,Outbound,Kingston,1785618540,1785618560,1785618540,,SCHEDULED,SCHEDULED,False
1785615090,MBTA|20260801|5654|SouthBase-830402-5654,MBTA,1785615000,SouthBase-830402-5654,5654,Needham Line,Inbound,Needham Heights,1785615000,,1785615000,1785615079,SCHEDULED,SCHEDULED,False
1785615330,MBTA|20260801|5654|SouthBase-830402-5654,MBTA,1785615000,SouthBase-830402-5654,5654,Needham Line,Inbound,Needham Center,1785615240,1785615284,1785615240,1785615284,SCHEDULED,SCHEDULED,False
1785615570,MBTA|20260801|5654|SouthBase-830402-5654,MBTA,1785615000,SouthBase-830402-5654,5654,Needham Line,Inbound,Needham Junction,1785615480,1785615531,1785615480,1785615531,SCHEDULED,SCHEDULED,False
1785615780,MBTA|20260801|5654|SouthBase-830402-5654,MBTA,1785615000,SouthBase-830402-5654,5654,Needham Line,Inbound,Hersey,1785615660,1785615748,1785615660,1785615748,SCHEDULED,SCHEDULED,False
1785616080,MBTA|20260801|5654|SouthBase-830402-5654,MBTA,1785615000,SouthBase-830402-5654,5654,Needham Line,Inbound,West Roxbury,1785615960,1785616058,1785615960,1785616058,SCHEDULED,SCHEDULED,False
1785616200,MBTA|20260801|5654|SouthBase-830402-5654,MBTA,1785615000,SouthBase-830402-5654,5654,Needham Line,Inbound,Highland,1785616080,1785616158,1785616080,1785616158,SCHEDULED,SCHEDULED,False
1785616350,MBTA|20260801|5654|SouthBase-830402-5654,MBTA,1785615000,SouthBase-830402-5654,5654,Needham Line,Inbound,Bellevue,1785616200,1785616306,1785616200,1785616306,SCHEDULED,SCHEDULED,False
1785616470,MBTA|20260801|5654|SouthBase-830402-5654,MBTA,1785615000,SouthBase-830402-5654,5654,Needham Line,Inbound,Roslindale Village,1785616380,1785616435,1785616380,1785616435,SCHEDULED,SCHEDULED,False
1785616650,MBTA|20260801|5654|SouthBase-830402-5654,MBTA,1785615000,SouthBase-830402-5654,5654,Needham Line,Inbound,Forest Hills,1785616560,1785616616,1785616560,1785616616,SCHEDULED,SCHEDULED,False
1785616860,MBTA|20260801|5654|SouthBase-830402-5654,MBTA,1785615000,SouthBase-830402-5654,5654,Needham Line,Inbound,Ruggles,1785616860,1785616834,1785616860,1785616834,SCHEDULED,SCHEDULED,False
1785617100,MBTA|20260801|5654|SouthBase-830402-5654,MBTA,1785615000,SouthBase-830402-5654,5654,Needham Line,Inbound,Back Bay,1785617100,1785617018,1785617100,1785617018,SCHEDULED,SCHEDULED,False
1785617490,MBTA|20260801|5654|SouthBase-830402-5654,MBTA,1785615000,SouthBase-830402-5654,5654,Needham Line,Inbound,South Station,1785617400,1785617487,1785617400,,SCHEDULED,SCHEDULED,False
,MBTA|20260801|5427|NorthBase-825574-5427,MBTA,1785615300,NorthBase-825574-5427,5427,Fitchburg Line,Outbound,North Station,1785615300,1785615300,1785615300,1785615300,SCHEDULED,SCHEDULED,True
1785616020,MBTA|20260801|5427|NorthBase-825574-5427,MBTA,1785615300,NorthBase-825574-5427,5427,Fitchburg Line,Outbound,Porter,1785615900,1785616001,1785615900,1785616001,SCHEDULED,SCHEDULED,False
1785616320,MBTA|20260801|5427|NorthBase-825574-5427,MBTA,1785615300,NorthBase-825574-5427,5427,Fitchburg Line,Outbound,Belmont,1785616200,1785616301,1785616200,1785616301,SCHEDULED,SCHEDULED,False
1785616500,MBTA|20260801|5427|NorthBase-825574-5427,MBTA,1785615300,NorthBase-825574-5427,5427,Fitchburg Line,Outbound,Waverley,1785616320,1785616481,1785616320,1785616481,SCHEDULED,SCHEDULED,False
1785616800,MBTA|20260801|5427|NorthBase-825574-5427,MBTA,1785615300,NorthBase-825574-5427,5427,Fitchburg Line,Outbound,Waltham,1785616620,1785616796,1785616620,1785616796,SCHEDULED,SCHEDULED,False
1785617070,MBTA|20260801|5427|NorthBase-825574-5427,MBTA,1785615300,NorthBase-825574-5427,5427,Fitchburg Line,Outbound,Brandeis/Roberts,1785616800,1785617051,1785616800,1785617051,SCHEDULED,SCHEDULED,False
1785617250,MBTA|20260801|5427|NorthBase-825574-5427,MBTA,1785615300,NorthBase-825574-5427,5427,Fitchburg Line,Outbound,Kendal Green,1785617040,1785617223,1785617040,1785617223,SCHEDULED,SCHEDULED,False
1785617640,MBTA|20260801|5427|NorthBase-825574-5427,MBTA,1785615300,NorthBase-825574-5427,5427,Fitchburg Line,Outbound,Lincoln,1785617340,1785617621,1785617340,1785617621,SCHEDULED,SCHEDULED,False
1785617940,MBTA|20260801|5427|NorthBase-825574-5427,MBTA,1785615300,NorthBase-825574-5427,5427,Fitchburg Line,Outbound,Concord,1785617640,1785617921,1785617640,1785617921,SCHEDULED,SCHEDULED,False
1785618180,MBTA|20260801|5427|NorthBase-825574-5427,MBTA,1785615300,NorthBase-825574-5427,5427,Fitchburg Line,Outbound,West Concord,1785617880,1785618161,1785617880,1785618161,SCHEDULED,SCHEDULED,False
1785618510,MBTA|20260801|5427|NorthBase-825574-5427,MBTA,1785615300,NorthBase-825574-5427,5427,Fitchburg Line,Outbound,South Acton,1785618180,1785618491,1785618180,1785618491,SCHEDULED,SCHEDULED,False
1785618810,MBTA|20260801|5427|NorthBase-825574-5427,MBTA,1785615300,NorthBase-825574-5427,5427,Fitchburg Line,Outbound,Littleton/Route 495,1785618600,1785618826,1785618600,1785618826,SCHEDULED,SCHEDULED,False
1785619380,MBTA|20260801|5427|NorthBase-825574-5427,MBTA,1785615300,NorthBase-825574-5427,5427,Fitchburg Line,Outbound,Ayer,1785619080,1785619361,1785619080,1785619361,SCHEDULED,SCHEDULED,False
1785619680,MBTA|20260801|5427|NorthBase-825574-5427,MBTA,1785615300,NorthBase-825574-5427,5427,Fitchburg Line,Outbound,Shirley,1785619380,1785619661,1785619380,1785619661,SCHEDULED,SCHEDULED,False
1785620160,MBTA|20260801|5427|NorthBase-825574-5427,MBTA,1785615300,NorthBase-825574-5427,5427,Fitchburg Line,Outbound,North Leominster,1785619920,1785620141,1785619920,1785620141,SCHEDULED,SCHEDULED,False
1785620610,MBTA|20260801|5427|NorthBase-825574-5427,MBTA,1785615300,NorthBase-825574-5427,5427,Fitchburg Line,Outbound,Fitchburg,1785620400,1785620591,1785620400,1785620591,SCHEDULED,SCHEDULED,False
1785621120,MBTA|20260801|5427|NorthBase-825574-5427,MBTA,1785615300,NorthBase-825574-5427,5427,Fitchburg Line,Outbound,Wachusett,1785621060,1785621129,1785621060,,SCHEDULED,SCHEDULED,False
1785615360,MBTA|20260801|6034|SouthBase-793118-6034,MBTA,1785615300,SouthBase-793118-6034,6034,Kingston Line,Inbound,Kingston,1785615300,,1785615300,1785615327,SCHEDULED,SCHEDULED,False
1785615870,MBTA|20260801|6034|SouthBase-793118-6034,MBTA,1785615300,SouthBase-793118-6034,6034,Kingston Line,Inbound,Halifax,1785615840,1785615850,1785615840,1785615850,SCHEDULED,SCHEDULED,False
1785616200,MBTA|20260801|6034|SouthBase-793118-6034,MBTA,1785615300,SouthBase-793118-6034,6034,Kingston Line,Inbound,Hanson,1785616140,1785616157,1785616140,1785616157,SCHEDULED,SCHEDULED,False
1785616500,MBTA|20260801|6034|SouthBase-793118-6034,MBTA,1785615300,SouthBase-793118-6034,6034,Kingston Line,Inbound,Whitman,1785616440,1785616467,1785616440,1785616467,SCHEDULED,SCHEDULED,False
1785616710,MBTA|20260801|6034|SouthBase-793118-6034,MBTA,1785615300,SouthBase-793118-6034,6034,Kingston Line,Inbound,Abington,1785616620,1785616684,1785616620,1785616684,SCHEDULED,SCHEDULED,False
1785617100,MBTA|20260801|6034|SouthBase-793118-6034,MBTA,1785615300,SouthBase-793118-6034,6034,Kingston Line,Inbound,South Weymouth,1785616920,1785617056,1785616920,1785617056,SCHEDULED,SCHEDULED,False
1785617460,MBTA|20260801|6034|SouthBase-793118-6034,MBTA,1785615300,SouthBase-793118-6034,6034,Kingston Line,Inbound,Braintree,1785617400,1785617428,1785617400,1785617428,SCHEDULED,SCHEDULED,False
1785617880,MBTA|20260801|6034|SouthBase-793118-6034,MBTA,1785615300,SouthBase-793118-6034,6034,Kingston Line,Inbound,Quincy Center,1785617760,1785617770,1785617760,1785617770,SCHEDULED,SCHEDULED,False
1785619140,MBTA|20260801|6034|SouthBase-793118-6034,MBTA,1785615300,SouthBase-793118-6034,6034,Kingston Line,Inbound,South Station,1785618960,1785619148,1785618960,,SCHEDULED,SCHEDULED,False
,MBTA|20260801|6665|SouthBase-830379-6665,MBTA,1785615420,SouthBase-830379-6665,6665,Fairmount Line,Outbound,South Station,1785615420,1785615420,1785615420,1785615420,SCHEDULED,SCHEDULED,True
1785615990,MBTA|20260801|6665|SouthBase-830379-6665,MBTA,1785615420,SouthBase-830379-6665,6665,Fairmount Line,Outbound,Newmarket,1785615900,1785615954,1785615900,1785615954,SCHEDULED,SCHEDULED,False
1785616140,MBTA|20260801|6665|SouthBase-830379-6665,MBTA,1785615420,SouthBase-830379-6665,6665,Fairmount Line,Outbound,Uphams Corner,1785616020,1785616108,1785616020,1785616108,SCHEDULED,SCHEDULED,False
1785616320,MBTA|20260801|6665|SouthBase-830379-6665,MBTA,1785615420,SouthBase-830379-6665,6665,Fairmount Line,Outbound,Four Corners/Geneva,1785616200,1785616294,1785616200,1785616294,SCHEDULED,SCHEDULED,False
1785616470,MBTA|20260801|6665|SouthBase-830379-6665,MBTA,1785615420,SouthBase-830379-6665,6665,Fairmount Line,Outbound,Talbot Avenue,1785616380,1785616450,1785616380,1785616450,SCHEDULED,SCHEDULED,False
1785616650,MBTA|20260801|6665|SouthBase-830379-6665,MBTA,1785615420,SouthBase-830379-6665,6665,Fairmount Line,Outbound,Morton Street,1785616560,1785616604,1785616560,1785616604,SCHEDULED,SCHEDULED,False
1785616770,MBTA|20260801|6665|SouthBase-830379-6665,MBTA,1785615420,SouthBase-830379-6665,6665,Fairmount Line,Outbound,Blue Hill Avenue,1785616680,1785616734,1785616680,1785616734,SCHEDULED,SCHEDULED,False
1785617010,MBTA|20260801|6665|SouthBase-830379-6665,MBTA,1785615420,SouthBase-830379-6665,6665,Fairmount Line,Outbound,Fairmount,1785616980,1785616900,1785616980,,SCHEDULED,SCHEDULED,False
1785615660,MBTA|20260801|5359|NorthBase-825558-5359,MBTA,1785615600,NorthBase-825558-5359,5359,Lowell Line,Outbound,North Station,1785615600,,1785615600,1785615638,SCHEDULED,SCHEDULED,False
1785616410,MBTA|20260801|5359|NorthBase-825558-5359,MBTA,1785615600,NorthBase-825558-5359,5359,Lowell Line,Outbound,West Medford,1785616260,1785616287,1785616260,1785616287,SCHEDULED,SCHEDULED,False
1785616560,MBTA|20260801|5359|NorthBase-825558-5359,MBTA,1785615600,NorthBase-825558-5359,5359,Lowell Line,Outbound,Wedgemere,1785616440,1785616447,1785616440,1785616497,SCHEDULED,SCHEDULED,False
1785616650,MBTA|20260801|5359|NorthBase-825558-5359,MBTA,1785615600,NorthBase-825558-5359,5359,Lowell Line,Outbound,Winchester Center,1785616560,1785616623,1785616560,1785616623,SCHEDULED,SCHEDULED,False
1785617040,MBTA|20260801|5359|NorthBase-825558-5359,MBTA,1785615600,NorthBase-825558-5359,5359,Lowell Line,Outbound,Anderson/Woburn,1785616980,1785617001,1785616980,1785617001,SCHEDULED,SCHEDULED,False
1785617370,MBTA|20260801|5359|NorthBase-825558-5359,MBTA,1785615600,NorthBase-825558-5359,5359,Lowell Line,Outbound,Wilmington,1785617160,1785617200,1785617160,1785617250,SCHEDULED,SCHEDULED,False
1785617760,MBTA|20260801|5359|NorthBase-825558-5359,MBTA,1785615600,NorthBase-825558-5359,5359,Lowell Line,Outbound,North Billerica,1785617700,1785617992,1785617700,1785618042,SCHEDULED,SCHEDULED,False
1785618450,MBTA|20260801|5359|NorthBase-825558-5359,MBTA,1785615600,NorthBase-825558-5359,5359,Lowell Line,Outbound,Lowell,1785618420,1785618347,1785618420,,SCHEDULED,SCHEDULED,False
,MBTA|20260801|5434|NorthBase-825575-5434,MBTA,1785615900,NorthBase-825575-5434,5434,Fitchburg Line,Inbound,Wachusett,1785615900,1785615900,1785615900,1785615900,SCHEDULED,SCHEDULED,True
1785616530,MBTA|20260801|5434|NorthBase-825575-5434,MBTA,1785615900,NorthBase-825575-5434,5434,Fitchburg Line,Inbound,Fitchburg,1785616380,1785616493,1785616380,1785616493,SCHEDULED,SCHEDULED,False
1785616980,MBTA|20260801|5434|NorthBase-825575-5434,MBTA,1785615900,NorthBase-825575-5434,5434,Fitchburg Line,Inbound,North Leominster,1785616800,1785616927,1785616800,1785616927,SCHEDULED,SCHEDULED,False
1785617430,MBTA|20260801|5434|NorthBase-825575-5434,MBTA,1785615900,NorthBase-825575-5434,5434,Fitchburg Line,Inbound,Shirley,1785617280,1785617392,1785617280,1785617392,SCHEDULED,SCHEDULED,False
1785617790,MBTA|20260801|5434|NorthBase-825575-5434,MBTA,1785615900,NorthBase-825575-5434,5434,Fitchburg Line,Inbound,Ayer,1785617580,1785617764,1785617580,1785617764,SCHEDULED,SCHEDULED,False
1785618330,MBTA|20260801|5434|NorthBase-825575-5434,MBTA,1785615900,NorthBase-825575-5434,5434,Fitchburg Line,Inbound,Littleton/Route 495,1785618060,1785618339,1785618060,1785618339,SCHEDULED,SCHEDULED,False
1785618690,MBTA|20260801|5434|NorthBase-825575-5434,MBTA,1785615900,NorthBase-825575-5434,5434,Fitchburg Line,Inbound,South Acton,1785618420,1785618663,1785618420,1785618663,SCHEDULED,SCHEDULED,False
1785618990,MBTA|20260801|5434|NorthBase-825575-5434,MBTA,1785615900,NorthBase-825575-5434,5434,Fitchburg Line,Inbound,West Concord,1785618660,1785618942,1785618660,1785618942,SCHEDULED,SCHEDULED,False
1785619320,MBTA|20260801|5434|NorthBase-825575-5434,MBTA,1785615900,NorthBase-825575-5434,5434,Fitchburg Line,Inbound,Concord,1785618900,1785619283,1785618900,1785619283,SCHEDULED,SCHEDULED,False
1785619620,MBTA|20260801|5434|NorthBase-825575-5434,MBTA,1785615900,NorthBase-825575-5434,5434,Fitchburg Line,Inbound,Lincoln,1785619260,1785619593,1785619260,1785619593,SCHEDULED,SCHEDULED,False
1785619950,MBTA|20260801|5434|NorthBase-825575-5434,MBTA,1785615900,NorthBase-825575-5434,5434,Fitchburg Line,Inbound,Kendal Green,1785619560,1785619903,1785619560,1785619903,SCHEDULED,SCHEDULED,False
1785620130,MBTA|20260801|5434|NorthBase-825575-5434,MBTA,1785615900,NorthBase-825575-5434,5434,Fitchburg Line,Inbound,Brandeis/Roberts,1785619800,1785620089,1785619800,1785620089,SCHEDULED,SCHEDULED,False
1785620340,MBTA|20260801|5434|NorthBase-825575-5434,MBTA,1785615900,NorthBase-825575-5434,5434,Fitchburg Line,Inbound,Waltham,1785620040,1785620306,1785620040,1785620306,SCHEDULED,SCHEDULED,False
1785620610,MBTA|20260801|5434|NorthBase-825575-5434,MBTA,1785615900,NorthBase-825575-5434,5434,Fitchburg Line,Inbound,Waverley,1785620340,1785620585,1785620340,1785620585,SCHEDULED,SCHEDULED,False
1785620820,MBTA|20260801|5434|NorthBase-825575-5434,MBTA,1785615900,NorthBase-825575-5434,5434,Fitchburg Line,Inbound,Belmont,1785620460,1785620771,1785620460,1785620771,SCHEDULED,SCHEDULED,False
1785621030,MBTA|20260801|5434|NorthBase-825575-5434,MBTA,1785615900,NorthBase-825575-5434,5434,Fitchburg Line,Inbound,Porter,1785620820,1785621031,1785620820,1785621031,SCHEDULED,SCHEDULED,False
1785621690,MBTA|20260801|5434|NorthBase-825575-5434,MBTA,1785615900,NorthBase-825575-5434,5434,Fitchburg Line,Inbound,North Station,1785621660,1785621669,1785621660,,SCHEDULED,SCHEDULED,False
1785616350,MBTA|20260801|5059|NorthBase-825507-5059,MBTA,1785616200,NorthBase-825507-5059,5059,Newburyport/Rockport Line,Outbound,North Station,1785616200,,1785616200,1785616337,SCHEDULED,SCHEDULED,False
1785617190,MBTA|20260801|5059|NorthBase-825507-5059,MBTA,1785616200,NorthBase-825507-5059,5059,Newburyport/Rockport Line,Outbound,Chelsea,1785616860,1785617167,1785616860,1785617167,SCHEDULED,SCHEDULED,False
1785617880,MBTA|20260801|5059|NorthBase-825507-5059,MBTA,1785616200,NorthBase-825507-5059,5059,Newburyport/Rockport Line,Outbound,Lynn Interim,1785617520,1785617857,1785617520,1785617907,SCHEDULED,SCHEDULED,False
1785618060,MBTA|20260801|5059|NorthBase-825507-5059,MBTA,1785616200,NorthBase-825507-5059,5059,Newburyport/Rockport Line,Outbound,Swampscott,1785617700,1785618034,1785617700,1785618034,SCHEDULED,SCHEDULED,False
1785618810,MBTA|20260801|5059|NorthBase-825507-5059,MBTA,1785616200,NorthBase-825507-5059,5059,Newburyport/Rockport Line,Outbound,Salem,1785618120,1785618787,1785618120,1785618787,SCHEDULED,SCHEDULED,False
1785619080,MBTA|20260801|5059|NorthBase-825507-5059,MBTA,1785616200,NorthBase-825507-5059,5059,Newburyport/Rockport Line,Outbound,Beverly,1785618360,1785619058,1785618360,1785619058,SCHEDULED,SCHEDULED,False
1785619350,MBTA|20260801|5059|NorthBase-825507-5059,MBTA,1785616200,NorthBase-825507-5059,5059,Newburyport/Rockport Line,Outbound,Montserrat,1785618600,1785619306,1785618600,1785619306,SCHEDULED,SCHEDULED,False
1785619650,MBTA|20260801|5059|NorthBase-825507-5059,MBTA,1785616200,NorthBase-825507-5059,5059,Newburyport/Rockport Line,Outbound,Beverly Farms,1785618900,1785619616,1785618900,1785619616,SCHEDULED,SCHEDULED,False
1785619980,MBTA|20260801|5059|NorthBase-825507-5059,MBTA,1785616200,NorthBase-825507-5059,5059,Newburyport/Rockport Line,Outbound,Manchester,1785619260,1785619947,1785619260,1785619947,SCHEDULED,SCHEDULED,False
1785620400,MBTA|20260801|5059|NorthBase-825507-5059,MBTA,1785616200,NorthBase-825507-5059,5059,Newburyport/Rockport Line,Outbound,West Gloucester,1785619620,1785620360,1785619620,1785620360,SCHEDULED,SCHEDULED,False
1785620760,MBTA|20260801|5059|NorthBase-825507-5059,MBTA,1785616200,NorthBase-825507-5059,5059,Newburyport/Rockport Line,Outbound,Gloucester,1785619980,1785620707,1785619980,1785620707,SCHEDULED,SCHEDULED,False
1785621300,MBTA|20260801|5059|NorthBase-825507-5059,MBTA,1785616200,NorthBase-825507-5059,5059,Newburyport/Rockport Line,Outbound,Rockport,1785620700,1785621296,1785620700,,SCHEDULED,SCHEDULED,False
1785616860,MBTA|20260801|6936|SouthBase-793166-6936,MBTA,1785616740,SouthBase-793166-6936,6936,Fall River/New Bedford Line,Inbound,Fall River Depot,1785616740,,1785616740,1785616817,SCHEDULED,SCHEDULED,False
1785617280,MBTA|20260801|6936|SouthBase-793166-6936,MBTA,1785616740,SouthBase-793166-6936,6936,Fall River/New Bedford Line,Inbound,Freetown,1785617160,1785617259,1785617160,1785617259,SCHEDULED,SCHEDULED,False
1785618120,MBTA|20260801|6936|SouthBase-793166-6936,MBTA,1785616740,SouthBase-793166-6936,6936,Fall River/New Bedford Line,Inbound,East Taunton,1785617940,1785618077,1785617940,1785618077,SCHEDULED,SCHEDULED,False
1785618720,MBTA|20260801|6936|SouthBase-793166-6936,MBTA,1785616740,SouthBase-793166-6936,6936,Fall River/New Bedford Line,Inbound,Middleborough,1785618600,1785618697,1785618600,1785618697,SCHEDULED,SCHEDULED,False
1785619320,MBTA|20260801|6936|SouthBase-793166-6936,MBTA,1785616740,SouthBase-793166-6936,6936,Fall River/New Bedford Line,Inbound,Bridgewater,1785619200,1785619294,1785619200,1785619294,SCHEDULED,SCHEDULED,False
1785619800,MBTA|20260801|6936|SouthBase-793166-6936,MBTA,1785616740,SouthBase-793166-6936,6936,Fall River/New Bedford Line,Inbound,Campello,1785619680,1785619755,1785619680,1785619755,SCHEDULED,SCHEDULED,False
1785619920,MBTA|20260801|6936|SouthBase-793166-6936,MBTA,1785616740,SouthBase-793166-6936,6936,Fall River/New Bedford Line,Inbound,Brockton,1785619920,1785619891,1785619920,1785619941,SCHEDULED,SCHEDULED,False
1785620310,MBTA|20260801|6936|SouthBase-793166-6936,MBTA,1785616740,SouthBase-793166-6936,6936,Fall River/New Bedford Line,Inbound,Montello,1785620100,1785620282,1785620100,1785620282,SCHEDULED,SCHEDULED,False
1785620520,MBTA|20260801|6936|SouthBase-793166-6936,MBTA,1785616740,SouthBase-793166-6936,6936,Fall River/New Bedford Line,Inbound,Holbrook/Randolph,1785620400,1785620491,1785620400,1785620541,SCHEDULED,SCHEDULED,False
1785620880,MBTA|20260801|6936|SouthBase-793166-6936,MBTA,1785616740,SouthBase-793166-6936,6936,Fall River/New Bedford Line,Inbound,Braintree,1785620880,1785620833,1785620880,1785620833,SCHEDULED,SCHEDULED,False
1785621270,MBTA|20260801|6936|SouthBase-793166-6936,MBTA,1785616740,SouthBase-793166-6936,6936,Fall River/New Bedford Line,Inbound,Quincy Center,1785621240,1785621175,1785621240,1785621175,SCHEDULED,SCHEDULED,False
1785622200,MBTA|20260801|6936|SouthBase-793166-6936,MBTA,1785616740,SouthBase-793166-6936,6936,Fall River/New Bedford Line,Inbound,South Station,1785622440,1785622217,1785622440,,SCHEDULED,SCHEDULED,False
,MBTA|20260801|6667|SouthBase-830411-6667,MBTA,1785617220,SouthBase-830411-6667,6667,Fairmount Line,Outbound,South Station,1785617220,1785617220,1785617220,1785617220,SCHEDULED,SCHEDULED,True
1785617760,MBTA|20260801|6667|SouthBase-830411-6667,MBTA,1785617220,SouthBase-830411-6667,6667,Fairmount Line,Outbound,Newmarket,1785617700,1785617728,1785617700,1785617728,SCHEDULED,SCHEDULED,False
1785617910,MBTA|20260801|6667|SouthBase-830411-6667,MBTA,1785617220,SouthBase-830411-6667,6667,Fairmount Line,Outbound,Uphams Corner,1785617820,1785617883,1785617820,1785617883,SCHEDULED,SCHEDULED,False
1785618120,MBTA|20260801|6667|SouthBase-830411-6667,MBTA,1785617220,SouthBase-830411-6667,6667,Fairmount Line,Outbound,Four Corners/Geneva,1785618000,1785618069,1785618000,1785618069,SCHEDULED,SCHEDULED,False
1785618300,MBTA|20260801|6667|SouthBase-830411-6667,MBTA,1785617220,SouthBase-830411-6667,6667,Fairmount Line,Outbound,Talbot Avenue,1785618180,1785618288,1785618180,1785618288,SCHEDULED,SCHEDULED,False
1785618450,MBTA|20260801|6667|SouthBase-830411-6667,MBTA,1785617220,SouthBase-830411-6667,6667,Fairmount Line,Outbound,Morton Street,1785618360,1785618410,1785618360,1785618410,SCHEDULED,SCHEDULED,False
1785618600,MBTA|20260801|6667|SouthBase-830411-6667,MBTA,1785617220,SouthBase-830411-6667,6667,Fairmount Line,Outbound,Blue Hill Avenue,1785618480,1785618565,1785618480,1785618565,SCHEDULED,SCHEDULED,False
1785618810,MBTA|20260801|6667|SouthBase-830411-6667,MBTA,1785617220,SouthBase-830411-6667,6667,Fairmount Line,Outbound,Fairmount,1785618660,1785618760,1785618660,1785618760,SCHEDULED,SCHEDULED,False
1785619050,MBTA|20260801|6667|SouthBase-830411-6667,MBTA,1785617220,SouthBase-830411-6667,6667,Fairmount Line,Outbound,Readville,1785619020,1785618932,1785619020,,SCHEDULED,SCHEDULED,False
,MBTA|20260801|5262|NorthBase-825541-5262,MBTA,1785617400,NorthBase-825541-5262,5262,Haverhill Line,Inbound,Haverhill,1785617400,1785617400,1785617400,1785617400,SCHEDULED,SCHEDULED,True
,MBTA|20260801|5262|NorthBase-825541-5262,MBTA,1785617400,NorthBase-825541-5262,5262,Haverhill Line,Inbound,Bradford,1785617520,1785617520,1785617520,1785617520,SCHEDULED,SCHEDULED,True
1785618090,MBTA|20260801|5262|NorthBase-825541-5262,MBTA,1785617400,NorthBase-825541-5262,5262,Haverhill Line,Inbound,Lawrence,1785617940,1785618071,1785617940,1785618071,SCHEDULED,SCHEDULED,False
1785618510,MBTA|20260801|5262|NorthBase-825541-5262,MBTA,1785617400,NorthBase-825541-5262,5262,Haverhill Line,Inbound,Andover,1785618360,1785618490,1785618360,1785618490,SCHEDULED,SCHEDULED,False
1785618780,MBTA|20260801|5262|NorthBase-825541-5262,MBTA,1785617400,NorthBase-825541-5262,5262,Haverhill Line,Inbound,Ballardvale,1785618660,1785618753,1785618660,1785618753,SCHEDULED,SCHEDULED,False
1785619140,MBTA|20260801|5262|NorthBase-825541-5262,MBTA,1785617400,NorthBase-825541-5262,5262,Haverhill Line,Inbound,North Wilmington,1785619080,1785619135,1785619080,1785619135,SCHEDULED,SCHEDULED,False
1785619530,MBTA|20260801|5262|NorthBase-825541-5262,MBTA,1785617400,NorthBase-825541-5262,5262,Haverhill Line,Inbound,Reading,1785619500,1785619527,1785619500,1785619527,SCHEDULED,SCHEDULED,False
1785619890,MBTA|20260801|5262|NorthBase-825541-5262,MBTA,1785617400,NorthBase-825541-5262,5262,Haverhill Line,Inbound,Wakefield,1785619860,1785619870,1785619860,1785619870,SCHEDULED,SCHEDULED,False
1785620130,MBTA|20260801|5262|NorthBase-825541-5262,MBTA,1785617400,NorthBase-825541-5262,5262,Haverhill Line,Inbound,Greenwood,1785620040,1785620111,1785620040,1785620111,SCHEDULED,SCHEDULED,False
1785620310,MBTA|20260801|5262|NorthBase-825541-5262,MBTA,1785617400,NorthBase-825541-5262,5262,Haverhill Line,Inbound,Melrose Highlands,1785620160,1785620291,1785620160,1785620291,SCHEDULED,SCHEDULED,False
1785620400,MBTA|20260801|5262|NorthBase-825541-5262,MBTA,1785617400,NorthBase-825541-5262,5262,Haverhill Line,Inbound,Melrose/Cedar Park,1785620280,1785620390,1785620280,1785620440,SCHEDULED,SCHEDULED,False
1785620490,MBTA|20260801|5262|NorthBase-825541-5262,MBTA,1785617400,NorthBase-825541-5262,5262,Haverhill Line,Inbound,Wyoming Hill,1785620400,1785620505,1785620400,1785620505,SCHEDULED,SCHEDULED,False
1785620640,MBTA|20260801|5262|NorthBase-825541-5262,MBTA,1785617400,NorthBase-825541-5262,5262,Haverhill Line,Inbound,Oak Grove,1785620520,1785620670,1785620520,1785620670,SCHEDULED,SCHEDULED,False
1785620760,MBTA|20260801|5262|NorthBase-825541-5262,MBTA,1785617400,NorthBase-825541-5262,5262,Haverhill Line,Inbound,Malden Center,1785620700,1785620769,1785620700,1785620769,SCHEDULED,SCHEDULED,False
1785621450,MBTA|20260801|5262|NorthBase-825541-5262,MBTA,1785617400,NorthBase-825541-5262,5262,Haverhill Line,Inbound,North Station,1785621600,1785621465,1785621600,,SCHEDULED,SCHEDULED,False
,MBTA|20260801|7029|SouthBase-793179-7029,MBTA,1785617520,SouthBase-793179-7029,7029,Fall River/New Bedford Line,Outbound,South Station,1785617520,1785617520,1785617520,1785617520,SCHEDULED,SCHEDULED,True
1785619020,MBTA|20260801|7029|SouthBase-793179-7029,MBTA,1785617520,SouthBase-793179-7029,7029,Fall River/New Bedford Line,Outbound,Quincy Center,1785618420,1785618980,1785618420,1785618980,SCHEDULED,SCHEDULED,False
1785619320,MBTA|20260801|7029|SouthBase-793179-7029,MBTA,1785617520,SouthBase-793179-7029,7029,Fall River/New Bedford Line,Outbound,Braintree,1785618780,1785619290,1785618780,1785619290,SCHEDULED,SCHEDULED,False
1785619860,MBTA|20260801|7029|SouthBase-793179-7029,MBTA,1785617520,SouthBase-793179-7029,7029,Fall River/New Bedford Line,Outbound,Holbrook/Randolph,1785619320,1785619823,1785619320,1785619873,SCHEDULED,SCHEDULED,False
1785620190,MBTA|20260801|7029|SouthBase-793179-7029,MBTA,1785617520,SouthBase-793179-7029,7029,Fall River/New Bedford Line,Outbound,Montello,1785619680,1785620158,1785619680,1785620158,SCHEDULED,SCHEDULED,False
1785620430,MBTA|20260801|7029|SouthBase-793179-7029,MBTA,1785617520,SouthBase-793179-7029,7029,Fall River/New Bedford Line,Outbound,Brockton,1785619920,1785620406,1785619920,1785620406,SCHEDULED,SCHEDULED,False
1785620670,MBTA|20260801|7029|SouthBase-793179-7029,MBTA,1785617520,SouthBase-793179-7029,7029,Fall River/New Bedford Line,Outbound,Campello,1785620160,1785620623,1785620160,1785620623,SCHEDULED,SCHEDULED,False
1785621150,MBTA|20260801|7029|SouthBase-793179-7029,MBTA,1785617520,SouthBase-793179-7029,7029,Fall River/New Bedford Line,Outbound,Bridgewater,1785620640,1785621119,1785620640,1785621119,SCHEDULED,SCHEDULED,False
1785621870,MBTA|20260801|7029|SouthBase-793179-7029,MBTA,1785617520,SouthBase-793179-7029,7029,Fall River/New Bedford Line,Outbound,Middleborough,1785621360,1785621832,1785621360,1785621832,SCHEDULED,SCHEDULED,False
1785622500,MBTA|20260801|7029|SouthBase-793179-7029,MBTA,1785617520,SouthBase-793179-7029,7029,Fall River/New Bedford Line,Outbound,East Taunton,1785622020,1785622452,1785622020,1785622452,SCHEDULED,SCHEDULED,False
1785623370,MBTA|20260801|7029|SouthBase-793179-7029,MBTA,1785617520,SouthBase-793179-7029,7029,Fall River/New Bedford Line,Outbound,Church Street,1785622920,1785623320,1785622920,1785623320,SCHEDULED,SCHEDULED,False
1785623640,MBTA|20260801|7029|SouthBase-793179-7029,MBTA,1785617520,SouthBase-793179-7029,7029,Fall River/New Bedford Line,Outbound,New Bedford,1785623580,1785623624,1785623580,,SCHEDULED,SCHEDULED,False
,MBTA|20260801|5561|SouthBase-824337-5561,MBTA,1785618000,SouthBase-824337-5561,5561,Framingham/Worcester Line,Outbound,South Station,1785618000,1785618000,1785618000,1785618000,SCHEDULED,SCHEDULED,True
1785618630,MBTA|20260801|5561|SouthBase-824337-5561,MBTA,1785618000,SouthBase-824337-5561,5561,Framingham/Worcester Line,Outbound,Back Bay,1785618420,1785618477,1785618420,1785618527,SCHEDULED,SCHEDULED,False
1785619140,MBTA|20260801|5561|SouthBase-824337-5561,MBTA,1785618000,SouthBase-824337-5561,5561,Framingham/Worcester Line,Outbound,Lansdowne,1785618660,1785619120,1785618660,1785619120,SCHEDULED,SCHEDULED,False
1785619470,MBTA|20260801|5561|SouthBase-824337-5561,MBTA,1785618000,SouthBase-824337-5561,5561,Framingham/Worcester Line,Outbound,Boston Landing,1785619020,1785619450,1785619020,1785619450,SCHEDULED,SCHEDULED,False
1785619800,MBTA|20260801|5561|SouthBase-824337-5561,MBTA,1785618000,SouthBase-824337-5561,5561,Framingham/Worcester Line,Outbound,Newtonville,1785619380,1785619778,1785619380,1785619778,SCHEDULED,SCHEDULED,False
1785619980,MBTA|20260801|5561|SouthBase-824337-5561,MBTA,1785618000,SouthBase-824337-5561,5561,Framingham/Worcester Line,Outbound,West Newton,1785619560,1785619960,1785619560,1785619960,SCHEDULED,SCHEDULED,False
1785620190,MBTA|20260801|5561|SouthBase-824337-5561,MBTA,1785618000,SouthBase-824337-5561,5561,Framingham/Worcester Line,Outbound,Auburndale,1785619800,1785620170,1785619800,1785620170,SCHEDULED,SCHEDULED,False
1785620460,MBTA|20260801|5561|SouthBase-824337-5561,MBTA,1785618000,SouthBase-824337-5561,5561,Framingham/Worcester Line,Outbound,Wellesley Farms,1785620040,1785620441,1785620040,1785620441,SCHEDULED,SCHEDULED,False
1785620610,MBTA|20260801|5561|SouthBase-824337-5561,MBTA,1785618000,SouthBase-824337-5561,5561,Framingham/Worcester Line,Outbound,Wellesley Hills,1785620220,1785620599,1785620220,1785620599,SCHEDULED,SCHEDULED,False
1785620850,MBTA|20260801|5561|SouthBase-824337-5561,MBTA,1785618000,SouthBase-824337-5561,5561,Framingham/Worcester Line,Outbound,Wellesley Square,1785620460,1785620826,1785620460,1785620826,SCHEDULED,SCHEDULED,False
1785621150,MBTA|20260801|5561|SouthBase-824337-5561,MBTA,1785618000,SouthBase-824337-5561,5561,Framingham/Worcester Line,Outbound,Natick Center,1785620760,1785621126,1785620760,1785621126,SCHEDULED,SCHEDULED,False
1785621420,MBTA|20260801|5561|SouthBase-824337-5561,MBTA,1785618000,SouthBase-824337-5561,5561,Framingham/Worcester Line,Outbound,West Natick,1785621060,1785621401,1785621060,1785621401,SCHEDULED,SCHEDULED,False
1785621720,MBTA|20260801|5561|SouthBase-824337-5561,MBTA,1785618000,SouthBase-824337-5561,5561,Framingham/Worcester Line,Outbound,Framingham,1785621360,1785621701,1785621360,1785621701,SCHEDULED,SCHEDULED,False
1785622140,MBTA|20260801|5561|SouthBase-824337-5561,MBTA,1785618000,SouthBase-824337-5561,5561,Framingham/Worcester Line,Outbound,Ashland,1785621720,1785622120,1785621720,1785622120,SCHEDULED,SCHEDULED,False
1785622410,MBTA|20260801|5561|SouthBase-824337-5561,MBTA,1785618000,SouthBase-824337-5561,5561,Framingham/Worcester Line,Outbound,Southborough,1785621960,1785622390,1785621960,1785622390,SCHEDULED,SCHEDULED,False
1785622950,MBTA|20260801|5561|SouthBase-824337-5561,MBTA,1785618000,SouthBase-824337-5561,5561,Framingham/Worcester Line,Outbound,Westborough,1785622500,1785622926,1785622500,1785622926,SCHEDULED,SCHEDULED,False
1785623250,MBTA|20260801|5561|SouthBase-824337-5561,MBTA,1785618000,SouthBase-824337-5561,5561,Framingham/Worcester Line,Outbound,Grafton,1785622800,1785623226,1785622800,1785623226,SCHEDULED,SCHEDULED,False
1785624450,MBTA|20260801|5561|SouthBase-824337-5561,MBTA,1785618000,SouthBase-824337-5561,5561,Framingham/Worcester Line,Outbound,Worcester,1785623880,1785624453,1785623880,,SCHEDULED,SCHEDULED,False
,MBTA|20260801|6674|SouthBase-830389-6674,MBTA,1785618180,SouthBase-830389-6674,6674,Fairmount Line,Inbound,Fairmount,1785618180,1785618180,1785618180,1785618180,SCHEDULED,SCHEDULED,True
1785618480,MBTA|20260801|6674|SouthBase-830389-6674,MBTA,1785618180,SouthBase-830389-6674,6674,Fairmount Line,Inbound,Blue Hill Avenue,1785618360,1785618437,1785618360,1785618437,SCHEDULED,SCHEDULED,False
1785618630,MBTA|20260801|6674|SouthBase-830389-6674,MBTA,1785618180,SouthBase-830389-6674,6674,Fairmount Line,Inbound,Morton Street,1785618480,1785618588,1785618480,1785618588,SCHEDULED,SCHEDULED,False
1785618720,MBTA|20260801|6674|SouthBase-830389-6674,MBTA,1785618180,SouthBase-830389-6674,6674,Fairmount Line,Inbound,Talbot Avenue,1785618660,1785618719,1785618660,1785618719,SCHEDULED,SCHEDULED,False
1785618930,MBTA|20260801|6674|SouthBase-830389-6674,MBTA,1785618180,SouthBase-830389-6674,6674,Fairmount Line,Inbound,Four Corners/Geneva,1785618840,1785618915,1785618840,1785618915,SCHEDULED,SCHEDULED,False
1785619080,MBTA|20260801|6674|SouthBase-830389-6674,MBTA,1785618180,SouthBase-830389-6674,6674,Fairmount Line,Inbound,Uphams Corner,1785619020,1785619062,1785619020,1785619062,SCHEDULED,SCHEDULED,False
1785619140,MBTA|20260801|6674|SouthBase-830389-6674,MBTA,1785618180,SouthBase-830389-6674,6674,Fairmount Line,Inbound,Newmarket,1785619140,1785619128,1785619140,1785619178,SCHEDULED,SCHEDULED,False
1785619800,MBTA|20260801|6674|SouthBase-830389-6674,MBTA,1785618180,SouthBase-830389-6674,6674,Fairmount Line,Inbound,South Station,1785619800,1785619806,1785619800,,SCHEDULED,SCHEDULED,False
,MBTA|20260801|5162|NorthBase-825525-5162,MBTA,1785618420,NorthBase-825525-5162,5162,Newburyport/Rockport Line,Inbound,Newburyport,1785618420,1785618420,1785618420,1785618420,SCHEDULED,SCHEDULED,True
1785618900,MBTA|20260801|5162|NorthBase-825525-5162,MBTA,1785618420,NorthBase-825525-5162,5162,Newburyport/Rockport Line,Inbound,Rowley,1785618840,1785618883,1785618840,1785618883,SCHEDULED,SCHEDULED,False
1785619290,MBTA|20260801|5162|NorthBase-825525-5162,MBTA,1785618420,NorthBase-825525-5162,5162,Newburyport/Rockport Line,Inbound,Ipswich,1785619200,1785619271,1785619200,1785619271,SCHEDULED,SCHEDULED,False
1785619680,MBTA|20260801|5162|NorthBase-825525-5162,MBTA,1785618420,NorthBase-825525-5162,5162,Newburyport/Rockport Line,Inbound,Hamilton/Wenham,1785619560,1785619660,1785619560,1785619660,SCHEDULED,SCHEDULED,False
1785619980,MBTA|20260801|5162|NorthBase-825525-5162,MBTA,1785618420,NorthBase-825525-5162,5162,Newburyport/Rockport Line,Inbound,North Beverly,1785619800,1785619961,1785619800,1785619961,SCHEDULED,SCHEDULED,False
1785620340,MBTA|20260801|5162|NorthBase-825525-5162,MBTA,1785618420,NorthBase-825525-5162,5162,Newburyport/Rockport Line,Inbound,Beverly,1785620160,1785620320,1785620160,1785620320,SCHEDULED,SCHEDULED,False
1785620700,MBTA|20260801|5162|NorthBase-825525-5162,MBTA,1785618420,NorthBase-825525-5162,5162,Newburyport/Rockport Line,Inbound,Salem,1785620400,1785620651,1785620400,1785620651,SCHEDULED,SCHEDULED,False
1785621060,MBTA|20260801|5162|NorthBase-825525-5162,MBTA,1785618420,NorthBase-825525-5162,5162,Newburyport/Rockport Line,Inbound,Swampscott,1785620820,1785621041,1785620820,1785621041,SCHEDULED,SCHEDULED,False
1785621270,MBTA|20260801|5162|NorthBase-825525-5162,MBTA,1785618420,NorthBase-825525-5162,5162,Newburyport/Rockport Line,Inbound,Lynn Interim,1785621000,1785621250,1785621000,1785621250,SCHEDULED,SCHEDULED,False
1785621900,MBTA|20260801|5162|NorthBase-825525-5162,MBTA,1785618420,NorthBase-825525-5162,5162,Newburyport/Rockport Line,Inbound,Chelsea,1785621600,1785621882,1785621600,1785621932,SCHEDULED,SCHEDULED,False
1785622470,MBTA|20260801|5162|NorthBase-825525-5162,MBTA,1785618420,NorthBase-825525-5162,5162,Newburyport/Rockport Line,Inbound,North Station,1785622560,1785622489,1785622560,,SCHEDULED,SCHEDULED,False
,MBTA|20260801|5566|SouthBase-825449-5566,MBTA,1785618600,SouthBase-825449-5566,5566,Framingham/Worcester Line,Inbound,Worcester,1785618600,1785618600,1785618600,1785618600,SCHEDULED,SCHEDULED,True
1785619380,MBTA|20260801|5566|SouthBase-825449-5566,MBTA,1785618600,SouthBase-825449-5566,5566,Framingham/Worcester Line,Inbound,Grafton,1785619320,1785619320,1785619320,1785619320,SCHEDULED,SCHEDULED,False
1785619680,MBTA|20260801|5566|SouthBase-825449-5566,MBTA,1785618600,SouthBase-825449-5566,5566,Framingham/Worcester Line,Inbound,Westborough,1785619620,1785619659,1785619620,1785619659,SCHEDULED,SCHEDULED,False
1785620220,MBTA|20260801|5566|SouthBase-825449-5566,MBTA,1785618600,SouthBase-825449-5566,5566,Framingham/Worcester Line,Inbound,Southborough,1785620160,1785620200,1785620160,1785620200,SCHEDULED,SCHEDULED,False
1785620460,MBTA|20260801|5566|SouthBase-825449-5566,MBTA,1785618600,SouthBase-825449-5566,5566,Framingham/Worcester Line,Inbound,Ashland,1785620400,1785620439,1785620400,1785620439,SCHEDULED,SCHEDULED,False
1785621090,MBTA|20260801|5566|SouthBase-825449-5566,MBTA,1785618600,SouthBase-825449-5566,5566,Framingham/Worcester Line,Inbound,Framingham,1785621000,1785621071,1785621000,1785621071,SCHEDULED,SCHEDULED,False
1785621540,MBTA|20260801|5566|SouthBase-825449-5566,MBTA,1785618600,SouthBase-825449-5566,5566,Framingham/Worcester Line,Inbound,West Natick,1785621360,1785621520,1785621360,1785621520,SCHEDULED,SCHEDULED,False
1785621780,MBTA|20260801|5566|SouthBase-825449-5566,MBTA,1785618600,SouthBase-825449-5566,5566,Framingham/Worcester Line,Inbound,Natick Center,1785621660,1785621738,1785621660,1785621738,SCHEDULED,SCHEDULED,False
1785622110,MBTA|20260801|5566|SouthBase-825449-5566,MBTA,1785618600,SouthBase-825449-5566,5566,Framingham/Worcester Line,Inbound,Wellesley Square,1785621960,1785622091,1785621960,1785622091,SCHEDULED,SCHEDULED,False
1785622290,MBTA|20260801|5566|SouthBase-825449-5566,MBTA,1785618600,SouthBase-825449-5566,5566,Framingham/Worcester Line,Inbound,Wellesley Hills,1785622200,1785622258,1785622200,1785622258,SCHEDULED,SCHEDULED,False
1785622470,MBTA|20260801|5566|SouthBase-825449-5566,MBTA,1785618600,SouthBase-825449-5566,5566,Framingham/Worcester Line,Inbound,Wellesley Farms,1785622320,1785622450,1785622320,1785622450,SCHEDULED,SCHEDULED,False
1785622650,MBTA|20260801|5566|SouthBase-825449-5566,MBTA,1785618600,SouthBase-825449-5566,5566,Framingham/Worcester Line,Inbound,Auburndale,1785622560,1785622631,1785622560,1785622631,SCHEDULED,SCHEDULED,False
1785622830,MBTA|20260801|5566|SouthBase-825449-5566,MBTA,1785618600,SouthBase-825449-5566,5566,Framingham/Worcester Line,Inbound,West Newton,1785622740,1785622811,1785622740,1785622811,SCHEDULED,SCHEDULED,False
1785623010,MBTA|20260801|5566|SouthBase-825449-5566,MBTA,1785618600,SouthBase-825449-5566,5566,Framingham/Worcester Line,Inbound,Newtonville,1785622980,1785622983,1785622980,1785622983,SCHEDULED,SCHEDULED,False
1785623400,MBTA|20260801|5566|SouthBase-825449-5566,MBTA,1785618600,SouthBase-825449-5566,5566,Framingham/Worcester Line,Inbound,Boston Landing,1785623280,1785623398,1785623280,1785623398,SCHEDULED,SCHEDULED,False
1785625080,MBTA|20260801|5566|SouthBase-825449-5566,MBTA,1785618600,SouthBase-825449-5566,5566,Framingham/Worcester Line,Inbound,Lansdowne,1785623580,1785625060,1785623580,1785625060,SCHEDULED,SCHEDULED,False
1785625380,MBTA|20260801|5566|SouthBase-825449-5566,MBTA,1785618600,SouthBase-825449-5566,5566,Framingham/Worcester Line,Inbound,Back Bay,1785624060,1785625262,1785624060,1785625262,SCHEDULED,SCHEDULED,False
1785625830,MBTA|20260801|5566|SouthBase-825449-5566,MBTA,1785618600,SouthBase-825449-5566,5566,Framingham/Worcester Line,Inbound,South Station,1785624420,1785625719,1785624420,,SCHEDULED,SCHEDULED,False
,MBTA|20260801|5663|SouthBase-830398-5663,MBTA,1785618780,SouthBase-830398-5663,5663,Needham Line,Outbound,South Station,1785618780,1785618780,1785618780,1785618780,SCHEDULED,SCHEDULED,True
1785619410,MBTA|20260801|5663|SouthBase-830398-5663,MBTA,1785618780,SouthBase-830398-5663,5663,Needham Line,Outbound,Back Bay,1785619080,1785619357,1785619080,1785619407,SCHEDULED,SCHEDULED,False
1785619470,MBTA|20260801|5663|SouthBase-830398-5663,MBTA,1785618780,SouthBase-830398-5663,5663,Needham Line,Outbound,Ruggles,1785619260,1785619460,1785619260,1785619460,SCHEDULED,SCHEDULED,False
1785619890,MBTA|20260801|5663|SouthBase-830398-5663,MBTA,1785618780,SouthBase-830398-5663,5663,Needham Line,Outbound,Forest Hills,1785619560,1785619783,1785619560,1785619783,SCHEDULED,SCHEDULED,False
1785620070,MBTA|20260801|5663|SouthBase-830398-5663,MBTA,1785618780,SouthBase-830398-5663,5663,Needham Line,Outbound,Roslindale Village,1785619740,1785620033,1785619740,1785620033,SCHEDULED,SCHEDULED,False
1785620250,MBTA|20260801|5663|SouthBase-830398-5663,MBTA,1785618780,SouthBase-830398-5663,5663,Needham Line,Outbound,Bellevue,1785619920,1785620209,1785619920,1785620209,SCHEDULED,SCHEDULED,False
1785620340,MBTA|20260801|5663|SouthBase-830398-5663,MBTA,1785618780,SouthBase-830398-5663,5663,Needham Line,Outbound,Highland,1785620040,1785620308,1785620040,1785620308,SCHEDULED,SCHEDULED,False
1785620460,MBTA|20260801|5663|SouthBase-830398-5663,MBTA,1785618780,SouthBase-830398-5663,5663,Needham Line,Outbound,West Roxbury,1785620160,1785620426,1785620160,1785620426,SCHEDULED,SCHEDULED,False
1785620910,MBTA|20260801|5663|SouthBase-830398-5663,MBTA,1785618780,SouthBase-830398-5663,5663,Needham Line,Outbound,Hersey,1785620460,1785620860,1785620460,1785620860,SCHEDULED,SCHEDULED,False
1785621150,MBTA|20260801|5663|SouthBase-830398-5663,MBTA,1785618780,SouthBase-830398-5663,5663,Needham Line,Outbound,Needham Junction,1785620640,1785621124,1785620640,1785621124,SCHEDULED,SCHEDULED,False
1785621600,MBTA|20260801|5663|SouthBase-830398-5663,MBTA,1785618780,SouthBase-830398-5663,5663,Needham Line,Outbound,Needham Center,1785620880,1785621611,1785620880,1785621611,SCHEDULED,SCHEDULED,False
1785621750,MBTA|20260801|5663|SouthBase-830398-5663,MBTA,1785618780,SouthBase-830398-5663,5663,Needham Line,Outbound,Needham Heights,1785621180,1785621746,1785621180,,SCHEDULED,SCHEDULED,False
1785618930,MBTA|20260801|5263|NorthBase-825542-5263,MBTA,1785618900,NorthBase-825542-5263,5263,Haverhill Line,Outbound,North Station,1785618900,,1785618900,1785618900,SCHEDULED,SCHEDULED,False
1785619620,MBTA|20260801|5263|NorthBase-825542-5263,MBTA,1785618900,NorthBase-825542-5263,5263,Haverhill Line,Outbound,Malden Center,1785619560,1785619592,1785619560,1785619592,SCHEDULED,SCHEDULED,False
1785619860,MBTA|20260801|5263|NorthBase-825542-5263,MBTA,1785618900,NorthBase-825542-5263,5263,Haverhill Line,Outbound,Oak Grove,1785619680,1785619809,1785619680,1785619809,SCHEDULED,SCHEDULED,False
1785619980,MBTA|20260801|5263|NorthBase-825542-5263,MBTA,1785618900,NorthBase-825542-5263,5263,Haverhill Line,Outbound,Wyoming Hill,1785619800,1785619935,1785619800,1785619985,SCHEDULED,SCHEDULED,False
1785620130,MBTA|20260801|5263|NorthBase-825542-5263,MBTA,1785618900,NorthBase-825542-5263,5263,Haverhill Line,Outbound,Melrose/Cedar Park,1785619920,1785620088,1785619920,1785620088,SCHEDULED,SCHEDULED,False
1785620250,MBTA|20260801|5263|NorthBase-825542-5263,MBTA,1785618900,NorthBase-825542-5263,5263,Haverhill Line,Outbound,Melrose Highlands,1785620100,1785620238,1785620100,1785620238,SCHEDULED,SCHEDULED,False
1785620370,MBTA|20260801|5263|NorthBase-825542-5263,MBTA,1785618900,NorthBase-825542-5263,5263,Haverhill Line,Outbound,Greenwood,1785620280,1785620356,1785620280,1785620406,SCHEDULED,SCHEDULED,False
1785620610,MBTA|20260801|5263|NorthBase-825542-5263,MBTA,1785618900,NorthBase-825542-5263,5263,Haverhill Line,Outbound,Wakefield,1785620520,1785620584,1785620520,1785620584,SCHEDULED,SCHEDULED,False
1785620910,MBTA|20260801|5263|NorthBase-825542-5263,MBTA,1785618900,NorthBase-825542-5263,5263,Haverhill Line,Outbound,Reading,1785620880,1785620883,1785620880,1785620883,SCHEDULED,SCHEDULED,False
1785621300,MBTA|20260801|5263|NorthBase-825542-5263,MBTA,1785618900,NorthBase-825542-5263,5263,Haverhill Line,Outbound,North Wilmington,1785621240,1785621266,1785621240,1785621266,SCHEDULED,SCHEDULED,False
1785621720,MBTA|20260801|5263|NorthBase-825542-5263,MBTA,1785618900,NorthBase-825542-5263,5263,Haverhill Line,Outbound,Ballardvale,1785621660,1785621669,1785621660,1785621669,SCHEDULED,SCHEDULED,False
1785622020,MBTA|20260801|5263|NorthBase-825542-5263,MBTA,1785618900,NorthBase-825542-5263,5263,Haverhill Line,Outbound,Andover,1785621960,1785621979,1785621960,1785621979,SCHEDULED,SCHEDULED,False
1785622410,MBTA|20260801|5263|NorthBase-825542-5263,MBTA,1785618900,NorthBase-825542-5263,5263,Haverhill Line,Outbound,Lawrence,1785622380,1785622382,1785622380,1785622382,SCHEDULED,SCHEDULED,False
1785622920,MBTA|20260801|5263|NorthBase-825542-5263,MBTA,1785618900,NorthBase-825542-5263,5263,Haverhill Line,Outbound,Bradford,1785622860,1785622881,1785622860,1785622881,SCHEDULED,SCHEDULED,False
1785623280,MBTA|20260801|5263|NorthBase-825542-5263,MBTA,1785618900,NorthBase-825542-5263,5263,Haverhill Line,Outbound,Haverhill,1785623280,1785622940,1785623280,,SCHEDULED,SCHEDULED,False
,MBTA|20260801|6671|SouthBase-830388-6671,MBTA,1785619020,SouthBase-830388-6671,6671,Fairmount Line,Outbound,South Station,1785619020,1785619020,1785619020,1785619020,SCHEDULED,SCHEDULED,True
1785619710,MBTA|20260801|6671|SouthBase-830388-6671,MBTA,1785619020,SouthBase-830388-6671,6671,Fairmount Line,Outbound,Newmarket,1785619500,1785619665,1785619500,1785619665,SCHEDULED,SCHEDULED,False
1785619830,MBTA|20260801|6671|SouthBase-830388-6671,MBTA,1785619020,SouthBase-830388-6671,6671,Fairmount Line,Outbound,Uphams Corner,1785619620,1785619789,1785619620,1785619789,SCHEDULED,SCHEDULED,False
1785620010,MBTA|20260801|6671|SouthBase-830388-6671,MBTA,1785619020,SouthBase-830388-6671,6671,Fairmount Line,Outbound,Four Corners/Geneva,1785619800,1785619975,1785619800,1785619975,SCHEDULED,SCHEDULED,False
1785620160,MBTA|20260801|6671|SouthBase-830388-6671,MBTA,1785619020,SouthBase-830388-6671,6671,Fairmount Line,Outbound,Talbot Avenue,1785619980,1785620152,1785619980,1785620152,SCHEDULED,SCHEDULED,False
1785620280,MBTA|20260801|6671|SouthBase-830388-6671,MBTA,1785619020,SouthBase-830388-6671,6671,Fairmount Line,Outbound,Morton Street,1785620160,1785620274,1785620160,1785620274,SCHEDULED,SCHEDULED,False
1785620490,MBTA|20260801|6671|SouthBase-830388-6671,MBTA,1785619020,SouthBase-830388-6671,6671,Fairmount Line,Outbound,Blue Hill Avenue,1785620280,1785620411,1785620280,1785620411,SCHEDULED,SCHEDULED,False
1785620610,MBTA|20260801|6671|SouthBase-830388-6671,MBTA,1785619020,SouthBase-830388-6671,6671,Fairmount Line,Outbound,Fairmount,1785620580,1785620599,1785620580,,SCHEDULED,SCHEDULED,False
1785619380,MBTA|20260801|6031|SouthBase-793117-6031,MBTA,1785619200,SouthBase-793117-6031,6031,Kingston Line,Outbound,South Station,1785619200,,1785619200,1785619363,SCHEDULED,SCHEDULED,False
1785620280,MBTA|20260801|6031|SouthBase-793117-6031,MBTA,1785619200,SouthBase-793117-6031,6031,Kingston Line,Outbound,Quincy Center,1785620100,1785620243,1785620100,1785620243,SCHEDULED,SCHEDULED,False
1785620640,MBTA|20260801|6031|SouthBase-793117-6031,MBTA,1785619200,SouthBase-793117-6031,6031,Kingston Line,Outbound,Braintree,1785620460,1785620615,1785620460,1785620615,SCHEDULED,SCHEDULED,False
1785621090,MBTA|20260801|6031|SouthBase-793117-6031,MBTA,1785619200,SouthBase-793117-6031,6031,Kingston Line,Outbound,South Weymouth,1785620880,1785621069,1785620880,1785621069,SCHEDULED,SCHEDULED,False
1785621390,MBTA|20260801|6031|SouthBase-793117-6031,MBTA,1785619200,SouthBase-793117-6031,6031,Kingston Line,Outbound,Abington,1785621180,1785621359,1785621180,1785621359,SCHEDULED,SCHEDULED,False
1785621570,MBTA|20260801|6031|SouthBase-793117-6031,MBTA,1785619200,SouthBase-793117-6031,6031,Kingston Line,Outbound,Whitman,1785621360,1785621545,1785621360,1785621545,SCHEDULED,SCHEDULED,False
1785621900,MBTA|20260801|6031|SouthBase-793117-6031,MBTA,1785619200,SouthBase-793117-6031,6031,Kingston Line,Outbound,Hanson,1785621660,1785621855,1785621660,1785621855,SCHEDULED,SCHEDULED,False
1785622200,MBTA|20260801|6031|SouthBase-793117-6031,MBTA,1785619200,SouthBase-793117-6031,6031,Kingston Line,Outbound,Halifax,1785621960,1785622165,1785621960,1785622165,SCHEDULED,SCHEDULED,False
1785622830,MBTA|20260801|6031|SouthBase-793117-6031,MBTA,1785619200,SouthBase-793117-6031,6031,Kingston Line,Outbound,Kingston,1785622740,1785622729,1785622740,,SCHEDULED,SCHEDULED,False
,MBTA|20260801|5362|NorthBase-825559-5362,MBTA,1785619320,NorthBase-825559-5362,5362,Lowell Line,Inbound,Lowell,1785619320,1785619320,1785619320,1785619320,SCHEDULED,SCHEDULED,True
1785619950,MBTA|20260801|5362|NorthBase-825559-5362,MBTA,1785619320,NorthBase-825559-5362,5362,Lowell Line,Inbound,North Billerica,1785619800,1785619853,1785619800,1785619853,SCHEDULED,SCHEDULED,False
1785620400,MBTA|20260801|5362|NorthBase-825559-5362,MBTA,1785619320,NorthBase-825559-5362,5362,Lowell Line,Inbound,Wilmington,1785620220,1785620399,1785620220,1785620399,SCHEDULED,SCHEDULED,False
1785620670,MBTA|20260801|5362|NorthBase-825559-5362,MBTA,1785619320,NorthBase-825559-5362,5362,Lowell Line,Inbound,Anderson/Woburn,1785620460,1785620530,1785620460,1785620580,SCHEDULED,SCHEDULED,False
1785621060,MBTA|20260801|5362|NorthBase-825559-5362,MBTA,1785619320,NorthBase-825559-5362,5362,Lowell Line,Inbound,Winchester Center,1785620820,1785620938,1785620820,1785620938,SCHEDULED,SCHEDULED,False
1785621300,MBTA|20260801|5362|NorthBase-825559-5362,MBTA,1785619320,NorthBase-825559-5362,5362,Lowell Line,Inbound,Wedgemere,1785620940,1785621242,1785620940,1785621292,SCHEDULED,SCHEDULED,False
1785621300,MBTA|20260801|5362|NorthBase-825559-5362,MBTA,1785619320,NorthBase-825559-5362,5362,Lowell Line,Inbound,West Medford,1785621180,1785621460,1785621180,1785621510,SCHEDULED,SCHEDULED,False
1785622020,MBTA|20260801|5362|NorthBase-825559-5362,MBTA,1785619320,NorthBase-825559-5362,5362,Lowell Line,Inbound,North Station,1785622020,1785621879,1785622020,,SCHEDULED,SCHEDULED,False
1785619920,MBTA|20260801|5165|NorthBase-825526-5165,MBTA,1785619800,NorthBase-825526-5165,5165,Newburyport/Rockport Line,Outbound,North Station,1785619800,,1785619800,1785619894,SCHEDULED,SCHEDULED,False
1785620520,MBTA|20260801|5165|NorthBase-825526-5165,MBTA,1785619800,NorthBase-825526-5165,5165,Newburyport/Rockport Line,Outbound,Chelsea,1785620460,1785620475,1785620460,1785620475,SCHEDULED,SCHEDULED,False
1785621210,MBTA|20260801|5165|NorthBase-825526-5165,MBTA,1785619800,NorthBase-825526-5165,5165,Newburyport/Rockport Line,Outbound,Lynn Interim,1785621120,1785621191,1785621120,1785621191,SCHEDULED,SCHEDULED,False
1785621390,MBTA|20260801|5165|NorthBase-825526-5165,MBTA,1785619800,NorthBase-825526-5165,5165,Newburyport/Rockport Line,Outbound,Swampscott,1785621300,1785621344,1785621300,1785621344,SCHEDULED,SCHEDULED,False
1785621870,MBTA|20260801|5165|NorthBase-825526-5165,MBTA,1785619800,NorthBase-825526-5165,5165,Newburyport/Rockport Line,Outbound,Salem,1785621720,1785621838,1785621720,1785621838,SCHEDULED,SCHEDULED,False
1785622140,MBTA|20260801|5165|NorthBase-825526-5165,MBTA,1785619800,NorthBase-825526-5165,5165,Newburyport/Rockport Line,Outbound,Beverly,1785621960,1785622109,1785621960,1785622109,SCHEDULED,SCHEDULED,False
1785622470,MBTA|20260801|5165|NorthBase-825526-5165,MBTA,1785619800,NorthBase-825526-5165,5165,Newburyport/Rockport Line,Outbound,North Beverly,1785622260,1785622428,1785622260,1785622428,SCHEDULED,SCHEDULED,False
1785622680,MBTA|20260801|5165|NorthBase-825526-5165,MBTA,1785619800,NorthBase-825526-5165,5165,Newburyport/Rockport Line,Outbound,Hamilton/Wenham,1785622500,1785622645,1785622500,1785622645,SCHEDULED,SCHEDULED,False
1785623130,MBTA|20260801|5165|NorthBase-825526-5165,MBTA,1785619800,NorthBase-825526-5165,5165,Newburyport/Rockport Line,Outbound,Ipswich,1785622860,1785623099,1785622860,1785623099,SCHEDULED,SCHEDULED,False
1785623490,MBTA|20260801|5165|NorthBase-825526-5165,MBTA,1785619800,NorthBase-825526-5165,5165,Newburyport/Rockport Line,Outbound,Rowley,1785623160,1785623444,1785623160,1785623444,SCHEDULED,SCHEDULED,False
1785623970,MBTA|20260801|5165|NorthBase-825526-5165,MBTA,1785619800,NorthBase-825526-5165,5165,Newburyport/Rockport Line,Outbound,Newburyport,1785623940,1785623875,1785623940,,SCHEDULED,SCHEDULED,False
1785620130,MBTA|20260801|6086|SouthBase-793234-6086,MBTA,1785620100,SouthBase-793234-6086,6086,Greenbush Line,Inbound,Greenbush,1785620100,,1785620100,1785620113,SCHEDULED,SCHEDULED,False
1785620610,MBTA|20260801|6086|SouthBase-793234-6086,MBTA,1785620100,SouthBase-793234-6086,6086,Greenbush Line,Inbound,North Scituate,1785620520,1785620556,1785620520,1785620556,SCHEDULED,SCHEDULED,False
1785620970,MBTA|20260801|6086|SouthBase-793234-6086,MBTA,1785620100,SouthBase-793234-6086,6086,Greenbush Line,Inbound,Cohasset,1785620880,1785620928,1785620880,1785620928,SCHEDULED,SCHEDULED,False
1785621150,MBTA|20260801|6086|SouthBase-793234-6086,MBTA,1785620100,SouthBase-793234-6086,6086,Greenbush Line,Inbound,Nantasket Junction,1785621060,1785621114,1785621060,1785621114,SCHEDULED,SCHEDULED,False
1785621450,MBTA|20260801|6086|SouthBase-793234-6086,MBTA,1785620100,SouthBase-793234-6086,6086,Greenbush Line,Inbound,West Hingham,1785621360,1785621396,1785621360,1785621396,SCHEDULED,SCHEDULED,False
1785621600,MBTA|20260801|6086|SouthBase-793234-6086,MBTA,1785620100,SouthBase-793234-6086,6086,Greenbush Line,Inbound,East Weymouth,1785621600,1785621581,1785621600,1785621581,SCHEDULED,SCHEDULED,False
1785621960,MBTA|20260801|6086|SouthBase-793234-6086,MBTA,1785620100,SouthBase-793234-6086,6086,Greenbush Line,Inbound,Weymouth Landing/East Braintree,1785621900,1785621920,1785621900,1785621920,SCHEDULED,SCHEDULED,False
1785622500,MBTA|20260801|6086|SouthBase-793234-6086,MBTA,1785620100,SouthBase-793234-6086,6086,Greenbush Line,Inbound,Quincy Center,1785622500,1785622403,1785622500,1785622403,SCHEDULED,SCHEDULED,False
1785623790,MBTA|20260801|6086|SouthBase-793234-6086,MBTA,1785620100,SouthBase-793234-6086,6086,Greenbush Line,Inbound,South Station,1785623700,1785623778,1785623700,,SCHEDULED,SCHEDULED,False
1785620460,MBTA|20260801|6678|SouthBase-830396-6678,MBTA,1785620400,SouthBase-830396-6678,6678,Fairmount Line,Inbound,Readville,1785620400,,1785620400,1785620430,SCHEDULED,SCHEDULED,False
1785620670,MBTA|20260801|6678|SouthBase-830396-6678,MBTA,1785620400,SouthBase-830396-6678,6678,Fairmount Line,Inbound,Fairmount,1785620580,1785620644,1785620580,1785620644,SCHEDULED,SCHEDULED,False
1785620880,MBTA|20260801|6678|SouthBase-830396-6678,MBTA,1785620400,SouthBase-830396-6678,6678,Fairmount Line,Inbound,Blue Hill Avenue,1785620760,1785620857,1785620760,1785620857,SCHEDULED,SCHEDULED,False
1785621060,MBTA|20260801|6678|SouthBase-830396-6678,MBTA,1785620400,SouthBase-830396-6678,6678,Fairmount Line,Inbound,Morton Street,1785620880,1785621014,1785620880,1785621014,SCHEDULED,SCHEDULED,False
1785621210,MBTA|20260801|6678|SouthBase-830396-6678,MBTA,1785620400,SouthBase-830396-6678,6678,Fairmount Line,Inbound,Talbot Avenue,1785621060,1785621173,1785621060,1785621173,SCHEDULED,SCHEDULED,False
1785621390,MBTA|20260801|6678|SouthBase-830396-6678,MBTA,1785620400,SouthBase-830396-6678,6678,Fairmount Line,Inbound,Four Corners/Geneva,1785621240,1785621369,1785621240,1785621369,SCHEDULED,SCHEDULED,False
1785621540,MBTA|20260801|6678|SouthBase-830396-6678,MBTA,1785620400,SouthBase-830396-6678,6678,Fairmount Line,Inbound,Uphams Corner,1785621420,1785621513,1785621420,1785621513,SCHEDULED,SCHEDULED,False
1785621600,MBTA|20260801|6678|SouthBase-830396-6678,MBTA,1785620400,SouthBase-830396-6678,6678,Fairmount Line,Inbound,Newmarket,1785621540,1785621590,1785621540,1785621640,SCHEDULED,SCHEDULED,False
1785622080,MBTA|20260801|6678|SouthBase-830396-6678,MBTA,1785620400,SouthBase-830396-6678,6678,Fairmount Line,Inbound,South Station,1785622200,1785622091,1785622200,,SCHEDULED,SCHEDULED,False
,MBTA|20260801|5867|SouthBase-793099-5867,MBTA,1785620700,SouthBase-793099-5867,5867,Providence/Stoughton Line,Outbound,South Station,1785620700,1785620700,1785620700,1785620700,SCHEDULED,SCHEDULED,True
,MBTA|20260801|5867|SouthBase-793099-5867,MBTA,1785620700,SouthBase-793099-5867,5867,Providence/Stoughton Line,Outbound,Back Bay,1785621000,1785621000,1785621000,1785621000,SCHEDULED,SCHEDULED,True
,MBTA|20260801|5867|SouthBase-793099-5867,MBTA,1785620700,SouthBase-793099-5867,5867,Providence/Stoughton Line,Outbound,Ruggles,1785621180,1785621180,1785621180,1785621180,SCHEDULED,SCHEDULED,True
,MBTA|20260801|5867|SouthBase-793099-5867,MBTA,1785620700,SouthBase-793099-5867,5867,Providence/Stoughton Line,Outbound,Hyde Park,1785621660,1785621660,1785621660,1785621660,SCHEDULED,SCHEDULED,True
,MBTA|20260801|5867|SouthBase-793099-5867,MBTA,1785620700,SouthBase-793099-5867,5867,Providence/Stoughton Line,Outbound,Readville,1785621840,1785621840,1785621840,1785621840,SCHEDULED,SCHEDULED,True
,MBTA|20260801|5867|SouthBase-793099-5867,MBTA,1785620700,SouthBase-793099-5867,5867,Providence/Stoughton Line,Outbound,Route 128,1785622080,1785622080,1785622080,1785622080,SCHEDULED,SCHEDULED,True
,MBTA|20260801|5867|SouthBase-793099-5867,MBTA,1785620700,SouthBase-793099-5867,5867,Providence/Stoughton Line,Outbound,Canton Junction,1785622440,1785622440,1785622440,1785622440,SCHEDULED,SCHEDULED,True
,MBTA|20260801|5867|SouthBase-793099-5867,MBTA,1785620700,SouthBase-793099-5867,5867,Providence/Stoughton Line,Outbound,Sharon,1785622740,1785622740,1785622740,1785622740,SCHEDULED,SCHEDULED,True
,MBTA|20260801|5867|SouthBase-793099-5867,MBTA,1785620700,SouthBase-793099-5867,5867,Providence/Stoughton Line,Outbound,Mansfield,1785623220,1785623220,1785623220,1785623220,SCHEDULED,SCHEDULED,True
,MBTA|20260801|5867|SouthBase-793099-5867,MBTA,1785620700,SouthBase-793099-5867,5867,Providence/Stoughton Line,Outbound,Attleboro,1785623820,1785623820,1785623820,1785623820,SCHEDULED,SCHEDULED,True
,MBTA|20260801|5867|SouthBase-793099-5867,MBTA,1785620700,SouthBase-793099-5867,5867,Providence/Stoughton Line,Outbound,Pawtucket/Central Falls,1785624360,1785624360,1785624360,1785624360,SCHEDULED,SCHEDULED,True
,MBTA|20260801|5867|SouthBase-793099-5867,MBTA,1785620700,SouthBase-793099-5867,5867,Providence/Stoughton Line,Outbound,Providence,1785625260,1785625260,1785625260,1785625260,SCHEDULED,SCHEDULED,True
,MBTA|20260801|6083|SouthBase-793232-6083,MBTA,1785620700,SouthBase-793232-6083,6083,Greenbush Line,Outbound,South Station,1785620700,1785620700,1785620700,1785620700,SCHEDULED,SCHEDULED,True
1785621720,MBTA|20260801|6083|SouthBase-793232-6083,MBTA,1785620700,SouthBase-793232-6083,6083,Greenbush Line,Outbound,Quincy Center,1785621660,1785621679,1785621660,1785621679,SCHEDULED,SCHEDULED,False
1785622380,MBTA|20260801|6083|SouthBase-793232-6083,MBTA,1785620700,SouthBase-793232-6083,6083,Greenbush Line,Outbound,Weymouth Landing/East Braintree,1785622320,1785622330,1785622320,1785622330,SCHEDULED,SCHEDULED,False
1785622710,MBTA|20260801|6083|SouthBase-793232-6083,MBTA,1785620700,SouthBase-793232-6083,6083,Greenbush Line,Outbound,East Weymouth,1785622560,1785622680,1785622560,1785622680,SCHEDULED,SCHEDULED,False
1785622890,MBTA|20260801|6083|SouthBase-793232-6083,MBTA,1785620700,SouthBase-793232-6083,6083,Greenbush Line,Outbound,West Hingham,1785622740,1785622857,1785622740,1785622857,SCHEDULED,SCHEDULED,False
1785623190,MBTA|20260801|6083|SouthBase-793232-6083,MBTA,1785620700,SouthBase-793232-6083,6083,Greenbush Line,Outbound,Nantasket Junction,1785623040,1785623136,1785623040,1785623136,SCHEDULED,SCHEDULED,False
1785623370,MBTA|20260801|6083|SouthBase-793232-6083,MBTA,1785620700,SouthBase-793232-6083,6083,Greenbush Line,Outbound,Cohasset,1785623220,1785623322,1785623220,1785623322,SCHEDULED,SCHEDULED,False
1785623790,MBTA|20260801|6083|SouthBase-793232-6083,MBTA,1785620700,SouthBase-793232-6083,6083,Greenbush Line,Outbound,North Scituate,1785623640,1785623787,1785623640,1785623837,SCHEDULED,SCHEDULED,False
1785624150,MBTA|20260801|6083|SouthBase-793232-6083,MBTA,1785620700,SouthBase-793232-6083,6083,Greenbush Line,Outbound,Greenbush,1785624240,1785624149,1785624240,,SCHEDULED,SCHEDULED,False
,MBTA|20260801|5767|SouthBase-830452-5767,MBTA,1785620820,SouthBase-830452-5767,5767,Franklin/Foxboro Line,Outbound,South Station,1785620820,1785620820,1785620820,1785620820,SCHEDULED,SCHEDULED,True
1785621360,MBTA|20260801|5767|SouthBase-830452-5767,MBTA,1785620820,SouthBase-830452-5767,5767,Franklin/Foxboro Line,Outbound,Newmarket,1785621300,1785621316,1785621300,1785621316,SCHEDULED,SCHEDULED,False
1785621510,MBTA|20260801|5767|SouthBase-830452-5767,MBTA,1785620820,SouthBase-830452-5767,5767,Franklin/Foxboro Line,Outbound,Uphams Corner,1785621420,1785621471,1785621420,1785621471,SCHEDULED,SCHEDULED,False
1785621660,MBTA|20260801|5767|SouthBase-830452-5767,MBTA,1785620820,SouthBase-830452-5767,5767,Franklin/Foxboro Line,Outbound,Four Corners/Geneva,1785621600,1785621629,1785621600,1785621629,SCHEDULED,SCHEDULED,False
1785621840,MBTA|20260801|5767|SouthBase-830452-5767,MBTA,1785620820,SouthBase-830452-5767,5767,Franklin/Foxboro Line,Outbound,Talbot Avenue,1785621780,1785621812,1785621780,1785621862,SCHEDULED,SCHEDULED,False
1785621990,MBTA|20260801|5767|SouthBase-830452-5767,MBTA,1785620820,SouthBase-830452-5767,5767,Franklin/Foxboro Line,Outbound,Morton Street,1785621960,1785621960,1785621960,1785621960,SCHEDULED,SCHEDULED,False
1785622170,MBTA|20260801|5767|SouthBase-830452-5767,MBTA,1785620820,SouthBase-830452-5767,5767,Franklin/Foxboro Line,Outbound,Blue Hill Avenue,1785622080,1785622171,1785622080,1785622171,SCHEDULED,SCHEDULED,False
1785622380,MBTA|20260801|5767|SouthBase-830452-5767,MBTA,1785620820,SouthBase-830452-5767,5767,Franklin/Foxboro Line,Outbound,Fairmount,1785622260,1785622339,1785622260,1785622339,SCHEDULED,SCHEDULED,False
1785622590,MBTA|20260801|5767|SouthBase-830452-5767,MBTA,1785620820,SouthBase-830452-5767,5767,Franklin/Foxboro Line,Outbound,Readville,1785622500,1785622556,1785622500,1785622556,SCHEDULED,SCHEDULED,False
1785622830,MBTA|20260801|5767|SouthBase-830452-5767,MBTA,1785620820,SouthBase-830452-5767,5767,Franklin/Foxboro Line,Outbound,Endicott,1785622740,1785622804,1785622740,1785622804,SCHEDULED,SCHEDULED,False
1785623010,MBTA|20260801|5767|SouthBase-830452-5767,MBTA,1785620820,SouthBase-830452-5767,5767,Franklin/Foxboro Line,Outbound,Dedham Corporate Center,1785622920,1785622959,1785622920,1785622959,SCHEDULED,SCHEDULED,False
1785623130,MBTA|20260801|5767|SouthBase-830452-5767,MBTA,1785620820,SouthBase-830452-5767,5767,Franklin/Foxboro Line,Outbound,Islington,1785623040,1785623083,1785623040,1785623083,SCHEDULED,SCHEDULED,False
1785623430,MBTA|20260801|5767|SouthBase-830452-5767,MBTA,1785620820,SouthBase-830452-5767,5767,Franklin/Foxboro Line,Outbound,Norwood Depot,1785623220,1785623397,1785623220,1785623397,SCHEDULED,SCHEDULED,False
1785623580,MBTA|20260801|5767|SouthBase-830452-5767,MBTA,1785620820,SouthBase-830452-5767,5767,Franklin/Foxboro Line,Outbound,Norwood Central,1785623340,1785623551,1785623340,1785623551,SCHEDULED,SCHEDULED,False
1785623820,MBTA|20260801|5767|SouthBase-830452-5767,MBTA,1785620820,SouthBase-830452-5767,5767,Franklin/Foxboro Line,Outbound,Windsor Gardens,1785623520,1785623765,1785623520,1785623765,SCHEDULED,SCHEDULED,False
1785624060,MBTA|20260801|5767|SouthBase-830452-5767,MBTA,1785620820,SouthBase-830452-5767,5767,Franklin/Foxboro Line,Outbound,Walpole,1785623760,1785624013,1785623760,1785624013,SCHEDULED,SCHEDULED,False
1785624360,MBTA|20260801|5767|SouthBase-830452-5767,MBTA,1785620820,SouthBase-830452-5767,5767,Franklin/Foxboro Line,Outbound,Norfolk,1785624180,1785624350,1785624180,1785624350,SCHEDULED,SCHEDULED,False
1785624990,MBTA|20260801|5767|SouthBase-830452-5767,MBTA,1785620820,SouthBase-830452-5767,5767,Franklin/Foxboro Line,Outbound,Franklin,1785624600,1785624943,1785624600,1785624943,SCHEDULED,SCHEDULED,False
1785625350,MBTA|20260801|5767|SouthBase-830452-5767,MBTA,1785620820,SouthBase-830452-5767,5767,Franklin/Foxboro Line,Outbound,Forge Park/495,1785625320,1785625360,1785625320,,SCHEDULED,SCHEDULED,False
1785621390,MBTA|20260801|5868|SouthBase-793100-5868,MBTA,1785621300,SouthBase-793100-5868,5868,Providence/Stoughton Line,Inbound,Providence,1785621300,,1785621300,1785621371,SCHEDULED,SCHEDULED,False
1785621840,MBTA|20260801|5868|SouthBase-793100-5868,MBTA,1785621300,SouthBase-793100-5868,5868,Providence/Stoughton Line,Inbound,Pawtucket/Central Falls,1785621660,1785621810,1785621660,1785621810,SCHEDULED,SCHEDULED,False
1785622710,MBTA|20260801|5868|SouthBase-793100-5868,MBTA,1785621300,SouthBase-793100-5868,5868,Providence/Stoughton Line,Inbound,Attleboro,1785622380,1785622667,1785622380,1785622667,SCHEDULED,SCHEDULED,False
1785623250,MBTA|20260801|5868|SouthBase-793100-5868,MBTA,1785621300,SouthBase-793100-5868,5868,Providence/Stoughton Line,Inbound,Mansfield,1785622980,1785623220,1785622980,1785623220,SCHEDULED,SCHEDULED,False
1785623790,MBTA|20260801|5868|SouthBase-793100-5868,MBTA,1785621300,SouthBase-793100-5868,5868,Providence/Stoughton Line,Inbound,Sharon,1785623520,1785623747,1785623520,1785623747,SCHEDULED,SCHEDULED,False
1785624090,MBTA|20260801|5868|SouthBase-793100-5868,MBTA,1785621300,SouthBase-793100-5868,5868,Providence/Stoughton Line,Inbound,Canton Junction,1785623820,1785624056,1785623820,1785624056,SCHEDULED,SCHEDULED,False
1785624390,MBTA|20260801|5868|SouthBase-793100-5868,MBTA,1785621300,SouthBase-793100-5868,5868,Providence/Stoughton Line,Inbound,Route 128,1785624180,1785624366,1785624180,1785624366,SCHEDULED,SCHEDULED,False
1785624690,MBTA|20260801|5868|SouthBase-793100-5868,MBTA,1785621300,SouthBase-793100-5868,5868,Providence/Stoughton Line,Inbound,Readville,1785624420,1785624646,1785624420,1785624646,SCHEDULED,SCHEDULED,False
1785624900,MBTA|20260801|5868|SouthBase-793100-5868,MBTA,1785621300,SouthBase-793100-5868,5868,Providence/Stoughton Line,Inbound,Hyde Park,1785624600,1785624863,1785624600,1785624863,SCHEDULED,SCHEDULED,False
1785625260,MBTA|20260801|5868|SouthBase-793100-5868,MBTA,1785621300,SouthBase-793100-5868,5868,Providence/Stoughton Line,Inbound,Ruggles,1785625260,1785625247,1785625260,1785625247,SCHEDULED,SCHEDULED,False
1785625530,MBTA|20260801|5868|SouthBase-793100-5868,MBTA,1785621300,SouthBase-793100-5868,5868,Providence/Stoughton Line,Inbound,Back Bay,1785625500,1785625508,1785625500,1785625508,SCHEDULED,SCHEDULED,False
1785625950,MBTA|20260801|5868|SouthBase-793100-5868,MBTA,1785621300,SouthBase-793100-5868,5868,Providence/Stoughton Line,Inbound,South Station,1785625800,1785625972,1785625800,,SCHEDULED,SCHEDULED,False
,MBTA|20260801|5768|SouthBase-830450-5768,MBTA,1785621420,SouthBase-830450-5768,5768,Franklin/Foxboro Line,Inbound,Forge Park/495,1785621420,1785621420,1785621420,1785621420,SCHEDULED,SCHEDULED,True
1785621960,MBTA|20260801|5768|SouthBase-830450-5768,MBTA,1785621420,SouthBase-830450-5768,5768,Franklin/Foxboro Line,Inbound,Franklin,1785621840,1785621920,1785621840,1785621920,SCHEDULED,SCHEDULED,False
1785622530,MBTA|20260801|5768|SouthBase-830450-5768,MBTA,1785621420,SouthBase-830450-5768,5768,Franklin/Foxboro Line,Inbound,Norfolk,1785622260,1785622509,1785622260,1785622509,SCHEDULED,SCHEDULED,False
1785622830,MBTA|20260801|5768|SouthBase-830450-5768,MBTA,1785621420,SouthBase-830450-5768,5768,Franklin/Foxboro Line,Inbound,Walpole,1785622680,1785622826,1785622680,1785622826,SCHEDULED,SCHEDULED,False
1785623250,MBTA|20260801|5768|SouthBase-830450-5768,MBTA,1785621420,SouthBase-830450-5768,5768,Franklin/Foxboro Line,Inbound,Windsor Gardens,1785622860,1785623222,1785622860,1785623222,SCHEDULED,SCHEDULED,False
1785623460,MBTA|20260801|5768|SouthBase-830450-5768,MBTA,1785621420,SouthBase-830450-5768,5768,Franklin/Foxboro Line,Inbound,Norwood Central,1785623100,1785623439,1785623100,1785623439,SCHEDULED,SCHEDULED,False
1785623640,MBTA|20260801|5768|SouthBase-830450-5768,MBTA,1785621420,SouthBase-830450-5768,5768,Franklin/Foxboro Line,Inbound,Norwood Depot,1785623220,1785623594,1785623220,1785623594,SCHEDULED,SCHEDULED,False
1785623820,MBTA|20260801|5768|SouthBase-830450-5768,MBTA,1785621420,SouthBase-830450-5768,5768,Franklin/Foxboro Line,Inbound,Islington,1785623400,1785623793,1785623400,1785623793,SCHEDULED,SCHEDULED,False
1785623970,MBTA|20260801|5768|SouthBase-830450-5768,MBTA,1785621420,SouthBase-830450-5768,5768,Franklin/Foxboro Line,Inbound,Dedham Corporate Center,1785623520,1785623935,1785623520,1785623935,SCHEDULED,SCHEDULED,False
1785624150,MBTA|20260801|5768|SouthBase-830450-5768,MBTA,1785621420,SouthBase-830450-5768,5768,Franklin/Foxboro Line,Inbound,Endicott,1785623700,1785624121,1785623700,1785624121,SCHEDULED,SCHEDULED,False
1785624510,MBTA|20260801|5768|SouthBase-830450-5768,MBTA,1785621420,SouthBase-830450-5768,5768,Franklin/Foxboro Line,Inbound,Readville,1785624000,1785624462,1785624000,1785624462,SCHEDULED,SCHEDULED,False
1785624690,MBTA|20260801|5768|SouthBase-830450-5768,MBTA,1785621420,SouthBase-830450-5768,5768,Franklin/Foxboro Line,Inbound,Fairmount,1785624180,1785624667,1785624180,1785624667,SCHEDULED,SCHEDULED,False
1785624960,MBTA|20260801|5768|SouthBase-830450-5768,MBTA,1785621420,SouthBase-830450-5768,5768,Franklin/Foxboro Line,Inbound,Blue Hill Avenue,1785624360,1785624927,1785624360,1785624927,SCHEDULED,SCHEDULED,False
1785625110,MBTA|20260801|5768|SouthBase-830450-5768,MBTA,1785621420,SouthBase-830450-5768,5768,Franklin/Foxboro Line,Inbound,Morton Street,1785624480,1785625081,1785624480,1785625081,SCHEDULED,SCHEDULED,False
1785625200,MBTA|20260801|5768|SouthBase-830450-5768,MBTA,1785621420,SouthBase-830450-5768,5768,Franklin/Foxboro Line,Inbound,Talbot Avenue,1785624660,1785625189,1785624660,1785625239,SCHEDULED,SCHEDULED,False
1785625500,MBTA|20260801|5768|SouthBase-830450-5768,MBTA,1785621420,SouthBase-830450-5768,5768,Franklin/Foxboro Line,Inbound,Four Corners/Geneva,1785624840,1785625458,1785624840,1785625458,SCHEDULED,SCHEDULED,False
1785625590,MBTA|20260801|5768|SouthBase-830450-5768,MBTA,1785621420,SouthBase-830450-5768,5768,Franklin/Foxboro Line,Inbound,Uphams Corner,1785625020,1785625564,1785625020,1785625614,SCHEDULED,SCHEDULED,False
1785625710,MBTA|20260801|5768|SouthBase-830450-5768,MBTA,1785621420,SouthBase-830450-5768,5768,Franklin/Foxboro Line,Inbound,Newmarket,1785625140,1785625695,1785625140,1785625745,SCHEDULED,SCHEDULED,False
1785626250,MBTA|20260801|5768|SouthBase-830450-5768,MBTA,1785621420,SouthBase-830450-5768,5768,Franklin/Foxboro Line,Inbound,South Station,1785625800,1785626246,1785625800,,SCHEDULED,SCHEDULED,False
1785621930,MBTA|20260801|5066|NorthBase-825508-5066,MBTA,1785621600,NorthBase-825508-5066,5066,Newburyport/Rockport Line,Inbound,Rockport,1785621600,,1785621600,1785621922,SCHEDULED,SCHEDULED,False
1785622560,MBTA|20260801|5066|NorthBase-825508-5066,MBTA,1785621600,NorthBase-825508-5066,5066,Newburyport/Rockport Line,Inbound,Gloucester,1785622080,1785622530,1785622080,1785622530,SCHEDULED,SCHEDULED,False
1785622830,MBTA|20260801|5066|NorthBase-825508-5066,MBTA,1785621600,NorthBase-825508-5066,5066,Newburyport/Rockport Line,Inbound,West Gloucester,1785622380,1785622809,1785622380,1785622809,SCHEDULED,SCHEDULED,False
1785623340,MBTA|20260801|5066|NorthBase-825508-5066,MBTA,1785621600,NorthBase-825508-5066,5066,Newburyport/Rockport Line,Inbound,Manchester,1785622740,1785623305,1785622740,1785623305,SCHEDULED,SCHEDULED,False
1785623640,MBTA|20260801|5066|NorthBase-825508-5066,MBTA,1785621600,NorthBase-825508-5066,5066,Newburyport/Rockport Line,Inbound,Beverly Farms,1785623040,1785623613,1785623040,1785623613,SCHEDULED,SCHEDULED,False
1785624060,MBTA|20260801|5066|NorthBase-825508-5066,MBTA,1785621600,NorthBase-825508-5066,5066,Newburyport/Rockport Line,Inbound,Montserrat,1785623400,1785624018,1785623400,1785624018,SCHEDULED,SCHEDULED,False
1785624360,MBTA|20260801|5066|NorthBase-825508-5066,MBTA,1785621600,NorthBase-825508-5066,5066,Newburyport/Rockport Line,Inbound,Beverly,1785623760,1785624328,1785623760,1785624328,SCHEDULED,SCHEDULED,False
1785624690,MBTA|20260801|5066|NorthBase-825508-5066,MBTA,1785621600,NorthBase-825508-5066,5066,Newburyport/Rockport Line,Inbound,Salem,1785624000,1785624669,1785624000,1785624669,SCHEDULED,SCHEDULED,False
1785625080,MBTA|20260801|5066|NorthBase-825508-5066,MBTA,1785621600,NorthBase-825508-5066,5066,Newburyport/Rockport Line,Inbound,Swampscott,1785624420,1785625048,1785624420,1785625048,SCHEDULED,SCHEDULED,False
1785625260,MBTA|20260801|5066|NorthBase-825508-5066,MBTA,1785621600,NorthBase-825508-5066,5066,Newburyport/Rockport Line,Inbound,Lynn Interim,1785624600,1785625235,1785624600,1785625235,SCHEDULED,SCHEDULED,False
1785625890,MBTA|20260801|5066|NorthBase-825508-5066,MBTA,1785621600,NorthBase-825508-5066,5066,Newburyport/Rockport Line,Inbound,Chelsea,1785625200,1785625849,1785625200,1785625899,SCHEDULED,SCHEDULED,False
1785626370,MBTA|20260801|5066|NorthBase-825508-5066,MBTA,1785621600,NorthBase-825508-5066,5066,Newburyport/Rockport Line,Inbound,North Station,1785626160,1785626502,1785626160,,SCHEDULED,SCHEDULED,False
1785622410,MBTA|20260801|5666|SouthBase-830446-5666,MBTA,1785622200,SouthBase-830446-5666,5666,Needham Line,Inbound,Needham Heights,1785622200,,1785622200,1785622382,SCHEDULED,SCHEDULED,False
1785622680,MBTA|20260801|5666|SouthBase-830446-5666,MBTA,1785622200,SouthBase-830446-5666,5666,Needham Line,Inbound,Needham Center,1785622440,1785622658,1785622440,1785622658,SCHEDULED,SCHEDULED,False
1785623070,MBTA|20260801|5666|SouthBase-830446-5666,MBTA,1785622200,SouthBase-830446-5666,5666,Needham Line,Inbound,Needham Junction,1785622680,1785623030,1785622680,1785623030,SCHEDULED,SCHEDULED,False
1785623220,MBTA|20260801|5666|SouthBase-830446-5666,MBTA,1785622200,SouthBase-830446-5666,5666,Needham Line,Inbound,Hersey,1785622860,1785623189,1785622860,1785623189,SCHEDULED,SCHEDULED,False
1785623550,MBTA|20260801|5666|SouthBase-830446-5666,MBTA,1785622200,SouthBase-830446-5666,5666,Needham Line,Inbound,West Roxbury,1785623160,1785623495,1785623160,1785623495,SCHEDULED,SCHEDULED,False
1785623640,MBTA|20260801|5666|SouthBase-830446-5666,MBTA,1785622200,SouthBase-830446-5666,5666,Needham Line,Inbound,Highland,1785623280,1785623612,1785623280,1785623612,SCHEDULED,SCHEDULED,False
1785623790,MBTA|20260801|5666|SouthBase-830446-5666,MBTA,1785622200,SouthBase-830446-5666,5666,Needham Line,Inbound,Bellevue,1785623400,1785623743,1785623400,1785623743,SCHEDULED,SCHEDULED,False
1785623940,MBTA|20260801|5666|SouthBase-830446-5666,MBTA,1785622200,SouthBase-830446-5666,5666,Needham Line,Inbound,Roslindale Village,1785623580,1785623898,1785623580,1785623898,SCHEDULED,SCHEDULED,False
1785624060,MBTA|20260801|5666|SouthBase-830446-5666,MBTA,1785622200,SouthBase-830446-5666,5666,Needham Line,Inbound,Forest Hills,1785623760,1785624025,1785623760,1785624075,SCHEDULED,SCHEDULED,False
1785624300,MBTA|20260801|5666|SouthBase-830446-5666,MBTA,1785622200,SouthBase-830446-5666,5666,Needham Line,Inbound,Ruggles,1785624060,1785624282,1785624060,1785624282,SCHEDULED,SCHEDULED,False
1785625200,MBTA|20260801|5666|SouthBase-830446-5666,MBTA,1785622200,SouthBase-830446-5666,5666,Needham Line,Inbound,Back Bay,1785624300,1785625303,1785624300,1785625303,SCHEDULED,SCHEDULED,False
1785625200,MBTA|20260801|5666|SouthBase-830446-5666,MBTA,1785622200,SouthBase-830446-5666,5666,Needham Line,Inbound,South Station,1785624600,1785625669,1785624600,,SCHEDULED,SCHEDULED,False
,MBTA|20260801|6933|SouthBase-793165-6933,MBTA,1785622200,SouthBase-793165-6933,6933,Fall River/New Bedford Line,Outbound,South Station,1785622200,1785622200,1785622200,1785622200,SCHEDULED,SCHEDULED,True
1785623430,MBTA|20260801|6933|SouthBase-793165-6933,MBTA,1785622200,SouthBase-793165-6933,6933,Fall River/New Bedford Line,Outbound,Quincy Center,1785623100,1785623383,1785623100,1785623383,SCHEDULED,SCHEDULED,False
1785623790,MBTA|20260801|6933|SouthBase-793165-6933,MBTA,1785622200,SouthBase-793165-6933,6933,Fall River/New Bedford Line,Outbound,Braintree,1785623460,1785623754,1785623460,1785623754,SCHEDULED,SCHEDULED,False
1785624360,MBTA|20260801|6933|SouthBase-793165-6933,MBTA,1785622200,SouthBase-793165-6933,6933,Fall River/New Bedford Line,Outbound,Holbrook/Randolph,1785624000,1785624356,1785624000,1785624356,SCHEDULED,SCHEDULED,False
1785624690,MBTA|20260801|6933|SouthBase-793165-6933,MBTA,1785622200,SouthBase-793165-6933,6933,Fall River/New Bedford Line,Outbound,Montello,1785624360,1785624654,1785624360,1785624654,SCHEDULED,SCHEDULED,False
1785624930,MBTA|20260801|6933|SouthBase-793165-6933,MBTA,1785622200,SouthBase-793165-6933,6933,Fall River/New Bedford Line,Outbound,Brockton,1785624600,1785624902,1785624600,1785624902,SCHEDULED,SCHEDULED,False
1785625140,MBTA|20260801|6933|SouthBase-793165-6933,MBTA,1785622200,SouthBase-793165-6933,6933,Fall River/New Bedford Line,Outbound,Campello,1785624840,1785625119,1785624840,1785625119,SCHEDULED,SCHEDULED,False
1785625650,MBTA|20260801|6933|SouthBase-793165-6933,MBTA,1785622200,SouthBase-793165-6933,6933,Fall River/New Bedford Line,Outbound,Bridgewater,1785625320,1785625614,1785625320,1785625614,SCHEDULED,SCHEDULED,False
1785626400,MBTA|20260801|6933|SouthBase-793165-6933,MBTA,1785622200,SouthBase-793165-6933,6933,Fall River/New Bedford Line,Outbound,Middleborough,1785626040,1785626359,1785626040,1785626359,SCHEDULED,SCHEDULED,False
1785627180,MBTA|20260801|6933|SouthBase-793165-6933,MBTA,1785622200,SouthBase-793165-6933,6933,Fall River/New Bedford Line,Outbound,East Taunton,1785627000,1785627161,1785627000,1785627161,SCHEDULED,SCHEDULED,False
1785627840,MBTA|20260801|6933|SouthBase-793165-6933,MBTA,1785622200,SouthBase-793165-6933,6933,Fall River/New Bedford Line,Outbound,Freetown,1785627660,1785627864,1785627660,1785627864,SCHEDULED,SCHEDULED,False
1785628290,MBTA|20260801|6933|SouthBase-793165-6933,MBTA,1785622200,SouthBase-793165-6933,6933,Fall River/New Bedford Line,Outbound,Fall River Depot,1785628500,1785628289,1785628500,,SCHEDULED,SCHEDULED,False
,MBTA|20260801|6979|SouthBase-793169-6979,MBTA,1785622260,SouthBase-793169-6979,6979,Fall River/New Bedford Line,Outbound,East Taunton,1785622260,1785622260,1785622260,1785622260,SCHEDULED,SCHEDULED,True
1785623190,MBTA|20260801|6979|SouthBase-793169-6979,MBTA,1785622260,SouthBase-793169-6979,6979,Fall River/New Bedford Line,Outbound,Freetown,1785622920,1785623172,1785622920,1785623172,SCHEDULED,SCHEDULED,False
1785623610,MBTA|20260801|6979|SouthBase-793169-6979,MBTA,1785622260,SouthBase-793169-6979,6979,Fall River/New Bedford Line,Outbound,Fall River Depot,1785623760,1785623617,1785623760,,SCHEDULED,SCHEDULED,False
1785622710,MBTA|20260801|5435|NorthBase-825576-5435,MBTA,1785622500,NorthBase-825576-5435,5435,Fitchburg Line,Outbound,North Station,1785622500,,1785622500,1785622690,SCHEDULED,SCHEDULED,False
1785623340,MBTA|20260801|5435|NorthBase-825576-5435,MBTA,1785622500,NorthBase-825576-5435,5435,Fitchburg Line,Outbound,Porter,1785623100,1785623303,1785623100,1785623303,SCHEDULED,SCHEDULED,False
1785623640,MBTA|20260801|5435|NorthBase-825576-5435,MBTA,1785622500,NorthBase-825576-5435,5435,Fitchburg Line,Outbound,Belmont,1785623400,1785623613,1785623400,1785623613,SCHEDULED,SCHEDULED,False
1785623850,MBTA|20260801|5435|NorthBase-825576-5435,MBTA,1785622500,NorthBase-825576-5435,5435,Fitchburg Line,Outbound,Waverley,1785623520,1785623799,1785623520,1785623799,SCHEDULED,SCHEDULED,False
1785624180,MBTA|20260801|5435|NorthBase-825576-5435,MBTA,1785622500,NorthBase-825576-5435,5435,Fitchburg Line,Outbound,Waltham,1785623820,1785624140,1785623820,1785624140,SCHEDULED,SCHEDULED,False
1785624390,MBTA|20260801|5435|NorthBase-825576-5435,MBTA,1785622500,NorthBase-825576-5435,5435,Fitchburg Line,Outbound,Brandeis/Roberts,1785624000,1785624357,1785624000,1785624357,SCHEDULED,SCHEDULED,False
1785624600,MBTA|20260801|5435|NorthBase-825576-5435,MBTA,1785622500,NorthBase-825576-5435,5435,Fitchburg Line,Outbound,Kendal Green,1785624240,1785624574,1785624240,1785624574,SCHEDULED,SCHEDULED,False
1785625020,MBTA|20260801|5435|NorthBase-825576-5435,MBTA,1785622500,NorthBase-825576-5435,5435,Fitchburg Line,Outbound,Lincoln,1785624540,1785624977,1785624540,1785624977,SCHEDULED,SCHEDULED,False
1785625320,MBTA|20260801|5435|NorthBase-825576-5435,MBTA,1785622500,NorthBase-825576-5435,5435,Fitchburg Line,Outbound,Concord,1785624840,1785625287,1785624840,1785625287,SCHEDULED,SCHEDULED,False
1785625530,MBTA|20260801|5435|NorthBase-825576-5435,MBTA,1785622500,NorthBase-825576-5435,5435,Fitchburg Line,Outbound,West Concord,1785625080,1785625504,1785625080,1785625504,SCHEDULED,SCHEDULED,False
1785625890,MBTA|20260801|5435|NorthBase-825576-5435,MBTA,1785622500,NorthBase-825576-5435,5435,Fitchburg Line,Outbound,South Acton,1785625380,1785625845,1785625380,1785625845,SCHEDULED,SCHEDULED,False
1785626160,MBTA|20260801|5435|NorthBase-825576-5435,MBTA,1785622500,NorthBase-825576-5435,5435,Fitchburg Line,Outbound,Littleton/Route 495,1785625800,1785626137,1785625800,1785626187,SCHEDULED,SCHEDULED,False
1785626790,MBTA|20260801|5435|NorthBase-825576-5435,MBTA,1785622500,NorthBase-825576-5435,5435,Fitchburg Line,Outbound,Ayer,1785626280,1785626744,1785626280,1785626744,SCHEDULED,SCHEDULED,False
1785627120,MBTA|20260801|5435|NorthBase-825576-5435,MBTA,1785622500,NorthBase-825576-5435,5435,Fitchburg Line,Outbound,Shirley,1785626580,1785627085,1785626580,1785627085,SCHEDULED,SCHEDULED,False
1785627630,MBTA|20260801|5435|NorthBase-825576-5435,MBTA,1785622500,NorthBase-825576-5435,5435,Fitchburg Line,Outbound,North Leominster,1785627120,1785627581,1785627120,1785627581,SCHEDULED,SCHEDULED,False
1785628110,MBTA|20260801|5435|NorthBase-825576-5435,MBTA,1785622500,NorthBase-825576-5435,5435,Fitchburg Line,Outbound,Fitchburg,1785627600,1785628077,1785627600,1785628077,SCHEDULED,SCHEDULED,False
1785628650,MBTA|20260801|5435|NorthBase-825576-5435,MBTA,1785622500,NorthBase-825576-5435,5435,Fitchburg Line,Outbound,Wachusett,1785628260,1785628638,1785628260,,SCHEDULED,SCHEDULED,False
,MBTA|20260801|5371|NorthBase-825560-5371,MBTA,1785622800,NorthBase-825560-5371,5371,Lowell Line,Outbound,North Station,1785622800,1785622800,1785622800,1785622800,SCHEDULED,SCHEDULED,True
1785623520,MBTA|20260801|5371|NorthBase-825560-5371,MBTA,1785622800,NorthBase-825560-5371,5371,Lowell Line,Outbound,West Medford,1785623460,1785623473,1785623460,1785623473,SCHEDULED,SCHEDULED,False
1785623760,MBTA|20260801|5371|NorthBase-825560-5371,MBTA,1785622800,NorthBase-825560-5371,5371,Lowell Line,Outbound,Wedgemere,1785623640,1785623721,1785623640,1785623721,SCHEDULED,SCHEDULED,False
1785623850,MBTA|20260801|5371|NorthBase-825560-5371,MBTA,1785622800,NorthBase-825560-5371,5371,Lowell Line,Outbound,Winchester Center,1785623760,1785623814,1785623760,1785623814,SCHEDULED,SCHEDULED,False
1785624240,MBTA|20260801|5371|NorthBase-825560-5371,MBTA,1785622800,NorthBase-825560-5371,5371,Lowell Line,Outbound,Anderson/Woburn,1785624180,1785624217,1785624180,1785624217,SCHEDULED,SCHEDULED,False
1785624540,MBTA|20260801|5371|NorthBase-825560-5371,MBTA,1785622800,NorthBase-825560-5371,5371,Lowell Line,Outbound,Wilmington,1785624360,1785624496,1785624360,1785624496,SCHEDULED,SCHEDULED,False
1785624900,MBTA|20260801|5371|NorthBase-825560-5371,MBTA,1785622800,NorthBase-825560-5371,5371,Lowell Line,Outbound,North Billerica,1785624900,1785624874,1785624900,1785624924,SCHEDULED,SCHEDULED,False
1785625500,MBTA|20260801|5371|NorthBase-825560-5371,MBTA,1785622800,NorthBase-825560-5371,5371,Lowell Line,Outbound,Lowell,1785625620,1785625506,1785625620,,SCHEDULED,SCHEDULED,False
,MBTA|20260801|5438|NorthBase-825577-5438,MBTA,1785623100,NorthBase-825577-5438,5438,Fitchburg Line,Inbound,Wachusett,1785623100,1785623100,1785623100,1785623100,SCHEDULED,SCHEDULED,True
1785623790,MBTA|20260801|5438|NorthBase-825577-5438,MBTA,1785623100,NorthBase-825577-5438,5438,Fitchburg Line,Inbound,Fitchburg,1785623580,1785623771,1785623580,1785623771,SCHEDULED,SCHEDULED,False
1785624270,MBTA|20260801|5438|NorthBase-825577-5438,MBTA,1785623100,NorthBase-825577-5438,5438,Fitchburg Line,Inbound,North Leominster,1785624000,1785624251,1785624000,1785624251,SCHEDULED,SCHEDULED,False
1785624660,MBTA|20260801|5438|NorthBase-825577-5438,MBTA,1785623100,NorthBase-825577-5438,5438,Fitchburg Line,Inbound,Shirley,1785624480,1785624668,1785624480,1785624668,SCHEDULED,SCHEDULED,False
1785624960,MBTA|20260801|5438|NorthBase-825577-5438,MBTA,1785623100,NorthBase-825577-5438,5438,Fitchburg Line,Inbound,Ayer,1785624780,1785624940,1785624780,1785624940,SCHEDULED,SCHEDULED,False
1785625470,MBTA|20260801|5438|NorthBase-825577-5438,MBTA,1785623100,NorthBase-825577-5438,5438,Fitchburg Line,Inbound,Littleton/Route 495,1785625260,1785625472,1785625260,1785625522,SCHEDULED,SCHEDULED,False
1785625830,MBTA|20260801|5438|NorthBase-825577-5438,MBTA,1785623100,NorthBase-825577-5438,5438,Fitchburg Line,Inbound,South Acton,1785625620,1785625808,1785625620,1785625808,SCHEDULED,SCHEDULED,False
1785626130,MBTA|20260801|5438|NorthBase-825577-5438,MBTA,1785623100,NorthBase-825577-5438,5438,Fitchburg Line,Inbound,West Concord,1785625860,1785626110,1785625860,1785626110,SCHEDULED,SCHEDULED,False
1785626430,MBTA|20260801|5438|NorthBase-825577-5438,MBTA,1785623100,NorthBase-825577-5438,5438,Fitchburg Line,Inbound,Concord,1785626100,1785626409,1785626100,1785626409,SCHEDULED,SCHEDULED,False
1785626700,MBTA|20260801|5438|NorthBase-825577-5438,MBTA,1785623100,NorthBase-825577-5438,5438,Fitchburg Line,Inbound,Lincoln,1785626460,1785626709,1785626460,1785626709,SCHEDULED,SCHEDULED,False
1785627030,MBTA|20260801|5438|NorthBase-825577-5438,MBTA,1785623100,NorthBase-825577-5438,5438,Fitchburg Line,Inbound,Kendal Green,1785626760,1785627022,1785626760,1785627022,SCHEDULED,SCHEDULED,False
1785627240,MBTA|20260801|5438|NorthBase-825577-5438,MBTA,1785623100,NorthBase-825577-5438,5438,Fitchburg Line,Inbound,Brandeis/Roberts,1785627000,1785627223,1785627000,1785627223,SCHEDULED,SCHEDULED,False
1785627390,MBTA|20260801|5438|NorthBase-825577-5438,MBTA,1785623100,NorthBase-825577-5438,5438,Fitchburg Line,Inbound,Waltham,1785627240,1785627378,1785627240,1785627428,SCHEDULED,SCHEDULED,False
1785627750,MBTA|20260801|5438|NorthBase-825577-5438,MBTA,1785623100,NorthBase-825577-5438,5438,Fitchburg Line,Inbound,Waverley,1785627540,1785627723,1785627540,1785627723,SCHEDULED,SCHEDULED,False
1785627930,MBTA|20260801|5438|NorthBase-825577-5438,MBTA,1785623100,NorthBase-825577-5438,5438,Fitchburg Line,Inbound,Belmont,1785627660,1785627909,1785627660,1785627909,SCHEDULED,SCHEDULED,False
1785628140,MBTA|20260801|5438|NorthBase-825577-5438,MBTA,1785623100,NorthBase-825577-5438,5438,Fitchburg Line,Inbound,Porter,1785628020,1785628132,1785628020,1785628182,SCHEDULED,SCHEDULED,False
1785628830,MBTA|20260801|5438|NorthBase-825577-5438,MBTA,1785623100,NorthBase-825577-5438,5438,Fitchburg Line,Inbound,North Station,1785628860,1785628841,1785628860,,SCHEDULED,SCHEDULED,False
,MBTA|20260801|6677|SouthBase-830395-6677,MBTA,1785623100,SouthBase-830395-6677,6677,Fairmount Line,Outbound,South Station,1785623100,1785623100,1785623100,1785623100,SCHEDULED,SCHEDULED,True
1785623760,MBTA|20260801|6677|SouthBase-830395-6677,MBTA,1785623100,SouthBase-830395-6677,6677,Fairmount Line,Outbound,Newmarket,1785623580,1785623711,1785623580,1785623711,SCHEDULED,SCHEDULED,False
1785623880,MBTA|20260801|6677|SouthBase-830395-6677,MBTA,1785623100,SouthBase-830395-6677,6677,Fairmount Line,Outbound,Uphams Corner,1785623700,1785623835,1785623700,1785623835,SCHEDULED,SCHEDULED,False
1785624090,MBTA|20260801|6677|SouthBase-830395-6677,MBTA,1785623100,SouthBase-830395-6677,6677,Fairmount Line,Outbound,Four Corners/Geneva,1785623880,1785624052,1785623880,1785624052,SCHEDULED,SCHEDULED,False
1785624240,MBTA|20260801|6677|SouthBase-830395-6677,MBTA,1785623100,SouthBase-830395-6677,6677,Fairmount Line,Outbound,Talbot Avenue,1785624060,1785624214,1785624060,1785624214,SCHEDULED,SCHEDULED,False
1785624420,MBTA|20260801|6677|SouthBase-830395-6677,MBTA,1785623100,SouthBase-830395-6677,6677,Fairmount Line,Outbound,Morton Street,1785624240,1785624393,1785624240,1785624393,SCHEDULED,SCHEDULED,False
1785624540,MBTA|20260801|6677|SouthBase-830395-6677,MBTA,1785623100,SouthBase-830395-6677,6677,Fairmount Line,Outbound,Blue Hill Avenue,1785624360,1785624525,1785624360,1785624525,SCHEDULED,SCHEDULED,False
1785624720,MBTA|20260801|6677|SouthBase-830395-6677,MBTA,1785623100,SouthBase-830395-6677,6677,Fairmount Line,Outbound,Fairmount,1785624660,1785624689,1785624660,,SCHEDULED,SCHEDULED,False
,MBTA|20260801|5071|NorthBase-825509-5071,MBTA,1785623400,NorthBase-825509-5071,5071,Newburyport/Rockport Line,Outbound,North Station,1785623400,1785623400,1785623400,1785623400,SCHEDULED,SCHEDULED,True
1785624090,MBTA|20260801|5071|NorthBase-825509-5071,MBTA,1785623400,NorthBase-825509-5071,5071,Newburyport/Rockport Line,Outbound,Chelsea,1785624060,1785624060,1785624060,1785624060,SCHEDULED,SCHEDULED,False
1785624810,MBTA|20260801|5071|NorthBase-825509-5071,MBTA,1785623400,NorthBase-825509-5071,5071,Newburyport/Rockport Line,Outbound,Lynn Interim,1785624720,1785624791,1785624720,1785624791,SCHEDULED,SCHEDULED,False
1785624990,MBTA|20260801|5071|NorthBase-825509-5071,MBTA,1785623400,NorthBase-825509-5071,5071,Newburyport/Rockport Line,Outbound,Swampscott,1785624900,1785624971,1785624900,1785624971,SCHEDULED,SCHEDULED,False
1785625470,MBTA|20260801|5071|NorthBase-825509-5071,MBTA,1785623400,NorthBase-825509-5071,5071,Newburyport/Rockport Line,Outbound,Salem,1785625320,1785625451,1785625320,1785625451,SCHEDULED,SCHEDULED,False
1785625770,MBTA|20260801|5071|NorthBase-825509-5071,MBTA,1785623400,NorthBase-825509-5071,5071,Newburyport/Rockport Line,Outbound,Beverly,1785625560,1785625750,1785625560,1785625750,SCHEDULED,SCHEDULED,False
1785626040,MBTA|20260801|5071|NorthBase-825509-5071,MBTA,1785623400,NorthBase-825509-5071,5071,Newburyport/Rockport Line,Outbound,Montserrat,1785625800,1785626021,1785625800,1785626021,SCHEDULED,SCHEDULED,False
1785626340,MBTA|20260801|5071|NorthBase-825509-5071,MBTA,1785623400,NorthBase-825509-5071,5071,Newburyport/Rockport Line,Outbound,Beverly Farms,1785626100,1785626321,1785626100,1785626321,SCHEDULED,SCHEDULED,False
1785626670,MBTA|20260801|5071|NorthBase-825509-5071,MBTA,1785623400,NorthBase-825509-5071,5071,Newburyport/Rockport Line,Outbound,Manchester,1785626460,1785626637,1785626460,1785626637,SCHEDULED,SCHEDULED,False
1785627090,MBTA|20260801|5071|NorthBase-825509-5071,MBTA,1785623400,NorthBase-825509-5071,5071,Newburyport/Rockport Line,Outbound,West Gloucester,1785626820,1785627071,1785626820,1785627071,SCHEDULED,SCHEDULED,False
1785627480,MBTA|20260801|5071|NorthBase-825509-5071,MBTA,1785623400,NorthBase-825509-5071,5071,Newburyport/Rockport Line,Outbound,Gloucester,1785627180,1785627431,1785627180,1785627431,SCHEDULED,SCHEDULED,False
1785627990,MBTA|20260801|5071|NorthBase-825509-5071,MBTA,1785623400,NorthBase-825509-5071,5071,Newburyport/Rockport Line,Outbound,Rockport,1785627900,1785628014,1785627900,,SCHEDULED,SCHEDULED,False
1785623850,MBTA|20260801|6038|SouthBase-793119-6038,MBTA,1785623700,SouthBase-793119-6038,6038,Kingston Line,Inbound,Kingston,1785623700,,1785623700,1785623813,SCHEDULED,SCHEDULED,False
1785624420,MBTA|20260801|6038|SouthBase-793119-6038,MBTA,1785623700,SouthBase-793119-6038,6038,Kingston Line,Inbound,Halifax,1785624240,1785624366,1785624240,1785624366,SCHEDULED,SCHEDULED,False
1785624810,MBTA|20260801|6038|SouthBase-793119-6038,MBTA,1785623700,SouthBase-793119-6038,6038,Kingston Line,Inbound,Hanson,1785624540,1785624769,1785624540,1785624769,SCHEDULED,SCHEDULED,False
1785625110,MBTA|20260801|6038|SouthBase-793119-6038,MBTA,1785623700,SouthBase-793119-6038,6038,Kingston Line,Inbound,Whitman,1785624840,1785625079,1785624840,1785625079,SCHEDULED,SCHEDULED,False
1785625350,MBTA|20260801|6038|SouthBase-793119-6038,MBTA,1785623700,SouthBase-793119-6038,6038,Kingston Line,Inbound,Abington,1785625020,1785625296,1785625020,1785625296,SCHEDULED,SCHEDULED,False
1785625620,MBTA|20260801|6038|SouthBase-793119-6038,MBTA,1785623700,SouthBase-793119-6038,6038,Kingston Line,Inbound,South Weymouth,1785625320,1785625575,1785625320,1785625575,SCHEDULED,SCHEDULED,False
1785626010,MBTA|20260801|6038|SouthBase-793119-6038,MBTA,1785623700,SouthBase-793119-6038,6038,Kingston Line,Inbound,Braintree,1785625800,1785625979,1785625800,1785625979,SCHEDULED,SCHEDULED,False
1785626460,MBTA|20260801|6038|SouthBase-793119-6038,MBTA,1785623700,SouthBase-793119-6038,6038,Kingston Line,Inbound,Quincy Center,1785626160,1785626333,1785626160,1785626333,SCHEDULED,SCHEDULED,False
1785627420,MBTA|20260801|6038|SouthBase-793119-6038,MBTA,1785623700,SouthBase-793119-6038,6038,Kingston Line,Inbound,South Station,1785627300,1785627405,1785627300,,SCHEDULED,SCHEDULED,False
,MBTA|20260801|5573|SouthBase-824336-5573,MBTA,1785624300,SouthBase-824336-5573,5573,Framingham/Worcester Line,Outbound,South Station,1785624300,1785624300,1785624300,1785624300,SCHEDULED,SCHEDULED,True
1785626100,MBTA|20260801|5573|SouthBase-824336-5573,MBTA,1785624300,SouthBase-824336-5573,5573,Framingham/Worcester Line,Outbound,Back Bay,1785624720,1785626071,1785624720,1785626071,SCHEDULED,SCHEDULED,False
1785626490,MBTA|20260801|5573|SouthBase-824336-5573,MBTA,1785624300,SouthBase-824336-5573,5573,Framingham/Worcester Line,Outbound,Lansdowne,1785624960,1785626443,1785624960,1785626443,SCHEDULED,SCHEDULED,False
1785626790,MBTA|20260801|5573|SouthBase-824336-5573,MBTA,1785624300,SouthBase-824336-5573,5573,Framingham/Worcester Line,Outbound,Boston Landing,1785625320,1785626753,1785625320,1785626753,SCHEDULED,SCHEDULED,False
1785627060,MBTA|20260801|5573|SouthBase-824336-5573,MBTA,1785624300,SouthBase-824336-5573,5573,Framingham/Worcester Line,Outbound,Newtonville,1785625680,1785627032,1785625680,1785627032,SCHEDULED,SCHEDULED,False
1785627210,MBTA|20260801|5573|SouthBase-824336-5573,MBTA,1785624300,SouthBase-824336-5573,5573,Framingham/Worcester Line,Outbound,West Newton,1785625860,1785627198,1785625860,1785627198,SCHEDULED,SCHEDULED,False
1785627450,MBTA|20260801|5573|SouthBase-824336-5573,MBTA,1785624300,SouthBase-824336-5573,5573,Framingham/Worcester Line,Outbound,Auburndale,1785626100,1785627404,1785626100,1785627404,SCHEDULED,SCHEDULED,False
1785627660,MBTA|20260801|5573|SouthBase-824336-5573,MBTA,1785624300,SouthBase-824336-5573,5573,Framingham/Worcester Line,Outbound,Wellesley Farms,1785626340,1785627621,1785626340,1785627621,SCHEDULED,SCHEDULED,False
1785627840,MBTA|20260801|5573|SouthBase-824336-5573,MBTA,1785624300,SouthBase-824336-5573,5573,Framingham/Worcester Line,Outbound,Wellesley Hills,1785626520,1785627807,1785626520,1785627807,SCHEDULED,SCHEDULED,False
1785628020,MBTA|20260801|5573|SouthBase-824336-5573,MBTA,1785624300,SouthBase-824336-5573,5573,Framingham/Worcester Line,Outbound,Wellesley Square,1785626760,1785627993,1785626760,1785627993,SCHEDULED,SCHEDULED,False
1785628320,MBTA|20260801|5573|SouthBase-824336-5573,MBTA,1785624300,SouthBase-824336-5573,5573,Framingham/Worcester Line,Outbound,Natick Center,1785627060,1785628272,1785627060,1785628272,SCHEDULED,SCHEDULED,False
1785628560,MBTA|20260801|5573|SouthBase-824336-5573,MBTA,1785624300,SouthBase-824336-5573,5573,Framingham/Worcester Line,Outbound,West Natick,1785627360,1785628520,1785627360,1785628520,SCHEDULED,SCHEDULED,False
1785628800,MBTA|20260801|5573|SouthBase-824336-5573,MBTA,1785624300,SouthBase-824336-5573,5573,Framingham/Worcester Line,Outbound,Framingham,1785627660,1785628776,1785627660,1785628776,SCHEDULED,SCHEDULED,False
1785629190,MBTA|20260801|5573|SouthBase-824336-5573,MBTA,1785624300,SouthBase-824336-5573,5573,Framingham/Worcester Line,Outbound,Ashland,1785628020,1785629141,1785628020,1785629141,SCHEDULED,SCHEDULED,False
1785629430,MBTA|20260801|5573|SouthBase-824336-5573,MBTA,1785624300,SouthBase-824336-5573,5573,Framingham/Worcester Line,Outbound,Southborough,1785628260,1785629389,1785628260,1785629389,SCHEDULED,SCHEDULED,False
1785629880,MBTA|20260801|5573|SouthBase-824336-5573,MBTA,1785624300,SouthBase-824336-5573,5573,Framingham/Worcester Line,Outbound,Westborough,1785628800,1785629854,1785628800,1785629854,SCHEDULED,SCHEDULED,False
1785630180,MBTA|20260801|5573|SouthBase-824336-5573,MBTA,1785624300,SouthBase-824336-5573,5573,Framingham/Worcester Line,Outbound,Grafton,1785629100,1785630113,1785629100,1785630113,SCHEDULED,SCHEDULED,False
1785631770,MBTA|20260801|5573|SouthBase-824336-5573,MBTA,1785624300,SouthBase-824336-5573,5573,Framingham/Worcester Line,Outbound,Worcester,1785630180,1785631772,1785630180,,SCHEDULED,SCHEDULED,False
1785624540,MBTA|20260801|7040|SouthBase-793182-7040,MBTA,1785624480,SouthBase-793182-7040,7040,Fall River/New Bedford Line,Inbound,New Bedford,1785624480,,1785624480,1785624504,SCHEDULED,SCHEDULED,False
1785624900,MBTA|20260801|7040|SouthBase-793182-7040,MBTA,1785624480,SouthBase-793182-7040,7040,Fall River/New Bedford Line,Inbound,Church Street,1785624840,1785624870,1785624840,1785624870,SCHEDULED,SCHEDULED,False
1785625950,MBTA|20260801|7040|SouthBase-793182-7040,MBTA,1785624480,SouthBase-793182-7040,7040,Fall River/New Bedford Line,Inbound,East Taunton,1785625920,1785625920,1785625920,1785625920,SCHEDULED,SCHEDULED,False
1785626700,MBTA|20260801|7040|SouthBase-793182-7040,MBTA,1785624480,SouthBase-793182-7040,7040,Fall River/New Bedford Line,Inbound,Middleborough,1785626580,1785626680,1785626580,1785626680,SCHEDULED,SCHEDULED,False
1785627330,MBTA|20260801|7040|SouthBase-793182-7040,MBTA,1785624480,SouthBase-793182-7040,7040,Fall River/New Bedford Line,Inbound,Bridgewater,1785627180,1785627288,1785627180,1785627288,SCHEDULED,SCHEDULED,False
1785627780,MBTA|20260801|7040|SouthBase-793182-7040,MBTA,1785624480,SouthBase-793182-7040,7040,Fall River/New Bedford Line,Inbound,Campello,1785627660,1785627753,1785627660,1785627753,SCHEDULED,SCHEDULED,False
1785627960,MBTA|20260801|7040|SouthBase-793182-7040,MBTA,1785624480,SouthBase-793182-7040,7040,Fall River/New Bedford Line,Inbound,Brockton,1785627900,1785627939,1785627900,1785627939,SCHEDULED,SCHEDULED,False
1785628200,MBTA|20260801|7040|SouthBase-793182-7040,MBTA,1785624480,SouthBase-793182-7040,7040,Fall River/New Bedford Line,Inbound,Montello,1785628080,1785628163,1785628080,1785628163,SCHEDULED,SCHEDULED,False
1785628440,MBTA|20260801|7040|SouthBase-793182-7040,MBTA,1785624480,SouthBase-793182-7040,7040,Fall River/New Bedford Line,Inbound,Holbrook/Randolph,1785628380,1785628434,1785628380,1785628434,SCHEDULED,SCHEDULED,False
1785628860,MBTA|20260801|7040|SouthBase-793182-7040,MBTA,1785624480,SouthBase-793182-7040,7040,Fall River/New Bedford Line,Inbound,Braintree,1785628860,1785628769,1785628860,1785628769,SCHEDULED,SCHEDULED,False
1785629220,MBTA|20260801|7040|SouthBase-793182-7040,MBTA,1785624480,SouthBase-793182-7040,7040,Fall River/New Bedford Line,Inbound,Quincy Center,1785629220,1785629113,1785629220,1785629113,SCHEDULED,SCHEDULED,False
1785630420,MBTA|20260801|7040|SouthBase-793182-7040,MBTA,1785624480,SouthBase-793182-7040,7040,Fall River/New Bedford Line,Inbound,South Station,1785630420,1785630166,1785630420,,SCHEDULED,SCHEDULED,False
1785624750,MBTA|20260801|5274|NorthBase-825543-5274,MBTA,1785624600,NorthBase-825543-5274,5274,Haverhill Line,Inbound,Haverhill,1785624600,,1785624600,1785624723,SCHEDULED,SCHEDULED,False
1785624840,MBTA|20260801|5274|NorthBase-825543-5274,MBTA,1785624600,NorthBase-825543-5274,5274,Haverhill Line,Inbound,Bradford,1785624720,1785624817,1785624720,1785624817,SCHEDULED,SCHEDULED,False
1785625380,MBTA|20260801|5274|NorthBase-825543-5274,MBTA,1785624600,NorthBase-825543-5274,5274,Haverhill Line,Inbound,Lawrence,1785625140,1785625355,1785625140,1785625355,SCHEDULED,SCHEDULED,False
1785625830,MBTA|20260801|5274|NorthBase-825543-5274,MBTA,1785624600,NorthBase-825543-5274,5274,Haverhill Line,Inbound,Andover,1785625560,1785625792,1785625560,1785625792,SCHEDULED,SCHEDULED,False
1785626100,MBTA|20260801|5274|NorthBase-825543-5274,MBTA,1785624600,NorthBase-825543-5274,5274,Haverhill Line,Inbound,Ballardvale,1785625860,1785626071,1785625860,1785626071,SCHEDULED,SCHEDULED,False
1785626460,MBTA|20260801|5274|NorthBase-825543-5274,MBTA,1785624600,NorthBase-825543-5274,5274,Haverhill Line,Inbound,North Wilmington,1785626280,1785626416,1785626280,1785626416,SCHEDULED,SCHEDULED,False
1785626850,MBTA|20260801|5274|NorthBase-825543-5274,MBTA,1785624600,NorthBase-825543-5274,5274,Haverhill Line,Inbound,Reading,1785626700,1785626818,1785626700,1785626818,SCHEDULED,SCHEDULED,False
1785627150,MBTA|20260801|5274|NorthBase-825543-5274,MBTA,1785624600,NorthBase-825543-5274,5274,Haverhill Line,Inbound,Wakefield,1785627060,1785627110,1785627060,1785627110,SCHEDULED,SCHEDULED,False
1785627330,MBTA|20260801|5274|NorthBase-825543-5274,MBTA,1785624600,NorthBase-825543-5274,5274,Haverhill Line,Inbound,Greenwood,1785627240,1785627321,1785627240,1785627321,SCHEDULED,SCHEDULED,False
1785627450,MBTA|20260801|5274|NorthBase-825543-5274,MBTA,1785624600,NorthBase-825543-5274,5274,Haverhill Line,Inbound,Melrose Highlands,1785627360,1785627410,1785627360,1785627410,SCHEDULED,SCHEDULED,False
1785627540,MBTA|20260801|5274|NorthBase-825543-5274,MBTA,1785624600,NorthBase-825543-5274,5274,Haverhill Line,Inbound,Melrose/Cedar Park,1785627480,1785627501,1785627480,1785627551,SCHEDULED,SCHEDULED,False
1785627630,MBTA|20260801|5274|NorthBase-825543-5274,MBTA,1785624600,NorthBase-825543-5274,5274,Haverhill Line,Inbound,Wyoming Hill,1785627600,1785627629,1785627600,1785627629,SCHEDULED,SCHEDULED,False
1785627780,MBTA|20260801|5274|NorthBase-825543-5274,MBTA,1785624600,NorthBase-825543-5274,5274,Haverhill Line,Inbound,Oak Grove,1785627720,1785627745,1785627720,1785627745,SCHEDULED,SCHEDULED,False
1785627930,MBTA|20260801|5274|NorthBase-825543-5274,MBTA,1785624600,NorthBase-825543-5274,5274,Haverhill Line,Inbound,Malden Center,1785627900,1785627828,1785627900,1785627828,SCHEDULED,SCHEDULED,False
1785628800,MBTA|20260801|5274|NorthBase-825543-5274,MBTA,1785624600,NorthBase-825543-5274,5274,Haverhill Line,Inbound,North Station,1785628800,1785628483,1785628800,,SCHEDULED,SCHEDULED,False
,MBTA|20260801|5576|SouthBase-825447-5576,MBTA,1785624900,SouthBase-825447-5576,5576,Framingham/Worcester Line,Inbound,Worcester,1785624900,1785624900,1785624900,1785624900,SCHEDULED,SCHEDULED,True
1785625680,MBTA|20260801|5576|SouthBase-825447-5576,MBTA,1785624900,SouthBase-825447-5576,5576,Framingham/Worcester Line,Inbound,Grafton,1785625620,1785625659,1785625620,1785625659,SCHEDULED,SCHEDULED,False
1785625950,MBTA|20260801|5576|SouthBase-825447-5576,MBTA,1785624900,SouthBase-825447-5576,5576,Framingham/Worcester Line,Inbound,Westborough,1785625860,1785625926,1785625860,1785625926,SCHEDULED,SCHEDULED,False
1785626460,MBTA|20260801|5576|SouthBase-825447-5576,MBTA,1785624900,SouthBase-825447-5576,5576,Framingham/Worcester Line,Inbound,Southborough,1785626400,1785626440,1785626400,1785626440,SCHEDULED,SCHEDULED,False
1785626760,MBTA|20260801|5576|SouthBase-825447-5576,MBTA,1785624900,SouthBase-825447-5576,5576,Framingham/Worcester Line,Inbound,Ashland,1785626640,1785626741,1785626640,1785626741,SCHEDULED,SCHEDULED,False
1785627360,MBTA|20260801|5576|SouthBase-825447-5576,MBTA,1785624900,SouthBase-825447-5576,5576,Framingham/Worcester Line,Inbound,Framingham,1785627180,1785627340,1785627180,1785627340,SCHEDULED,SCHEDULED,False
1785627750,MBTA|20260801|5576|SouthBase-825447-5576,MBTA,1785624900,SouthBase-825447-5576,5576,Framingham/Worcester Line,Inbound,West Natick,1785627540,1785627725,1785627540,1785627725,SCHEDULED,SCHEDULED,False
1785627990,MBTA|20260801|5576|SouthBase-825447-5576,MBTA,1785624900,SouthBase-825447-5576,5576,Framingham/Worcester Line,Inbound,Natick Center,1785627840,1785627971,1785627840,1785627971,SCHEDULED,SCHEDULED,False
1785628320,MBTA|20260801|5576|SouthBase-825447-5576,MBTA,1785624900,SouthBase-825447-5576,5576,Framingham/Worcester Line,Inbound,Wellesley Square,1785628140,1785628300,1785628140,1785628300,SCHEDULED,SCHEDULED,False
1785628530,MBTA|20260801|5576|SouthBase-825447-5576,MBTA,1785624900,SouthBase-825447-5576,5576,Framingham/Worcester Line,Inbound,Wellesley Hills,1785628320,1785628472,1785628320,1785628472,SCHEDULED,SCHEDULED,False
1785628710,MBTA|20260801|5576|SouthBase-825447-5576,MBTA,1785624900,SouthBase-825447-5576,5576,Framingham/Worcester Line,Inbound,Wellesley Farms,1785628440,1785628690,1785628440,1785628690,SCHEDULED,SCHEDULED,False
1785628950,MBTA|20260801|5576|SouthBase-825447-5576,MBTA,1785624900,SouthBase-825447-5576,5576,Framingham/Worcester Line,Inbound,Auburndale,1785628680,1785628902,1785628680,1785628902,SCHEDULED,SCHEDULED,False
1785629130,MBTA|20260801|5576|SouthBase-825447-5576,MBTA,1785624900,SouthBase-825447-5576,5576,Framingham/Worcester Line,Inbound,West Newton,1785628860,1785629110,1785628860,1785629110,SCHEDULED,SCHEDULED,False
1785629310,MBTA|20260801|5576|SouthBase-825447-5576,MBTA,1785624900,SouthBase-825447-5576,5576,Framingham/Worcester Line,Inbound,Newtonville,1785629040,1785629289,1785629040,1785629289,SCHEDULED,SCHEDULED,False
1785629580,MBTA|20260801|5576|SouthBase-825447-5576,MBTA,1785624900,SouthBase-825447-5576,5576,Framingham/Worcester Line,Inbound,Boston Landing,1785629340,1785629599,1785629340,1785629599,SCHEDULED,SCHEDULED,False
1785630000,MBTA|20260801|5576|SouthBase-825447-5576,MBTA,1785624900,SouthBase-825447-5576,5576,Framingham/Worcester Line,Inbound,Lansdowne,1785629640,1785629981,1785629640,1785629981,SCHEDULED,SCHEDULED,False
1785630270,MBTA|20260801|5576|SouthBase-825447-5576,MBTA,1785624900,SouthBase-825447-5576,5576,Framingham/Worcester Line,Inbound,Back Bay,1785630120,1785630152,1785630120,1785630152,SCHEDULED,SCHEDULED,False
1785630720,MBTA|20260801|5576|SouthBase-825447-5576,MBTA,1785624900,SouthBase-825447-5576,5576,Framingham/Worcester Line,Inbound,South Station,1785630480,1785630621,1785630480,,SCHEDULED,SCHEDULED,False
,MBTA|20260801|6679|SouthBase-830394-6679,MBTA,1785624900,SouthBase-830394-6679,6679,Fairmount Line,Outbound,South Station,1785624900,1785624900,1785624900,1785624900,SCHEDULED,SCHEDULED,True
1785625470,MBTA|20260801|6679|SouthBase-830394-6679,MBTA,1785624900,SouthBase-830394-6679,6679,Fairmount Line,Outbound,Newmarket,1785625380,1785625428,1785625380,1785625428,SCHEDULED,SCHEDULED,False
1785625560,MBTA|20260801|6679|SouthBase-830394-6679,MBTA,1785624900,SouthBase-830394-6679,6679,Fairmount Line,Outbound,Uphams Corner,1785625500,1785625537,1785625500,1785625537,SCHEDULED,SCHEDULED,False
1785625740,MBTA|20260801|6679|SouthBase-830394-6679,MBTA,1785624900,SouthBase-830394-6679,6679,Fairmount Line,Outbound,Four Corners/Geneva,1785625680,1785625707,1785625680,1785625707,SCHEDULED,SCHEDULED,False
1785625950,MBTA|20260801|6679|SouthBase-830394-6679,MBTA,1785624900,SouthBase-830394-6679,6679,Fairmount Line,Outbound,Talbot Avenue,1785625860,1785625934,1785625860,1785625934,SCHEDULED,SCHEDULED,False
1785626100,MBTA|20260801|6679|SouthBase-830394-6679,MBTA,1785624900,SouthBase-830394-6679,6679,Fairmount Line,Outbound,Morton Street,1785626040,1785626079,1785626040,1785626079,SCHEDULED,SCHEDULED,False
1785626280,MBTA|20260801|6679|SouthBase-830394-6679,MBTA,1785624900,SouthBase-830394-6679,6679,Fairmount Line,Outbound,Blue Hill Avenue,1785626160,1785626234,1785626160,1785626234,SCHEDULED,SCHEDULED,False
1785626490,MBTA|20260801|6679|SouthBase-830394-6679,MBTA,1785624900,SouthBase-830394-6679,6679,Fairmount Line,Outbound,Fairmount,1785626340,1785626432,1785626340,1785626432,SCHEDULED,SCHEDULED,False
1785626700,MBTA|20260801|6679|SouthBase-830394-6679,MBTA,1785624900,SouthBase-830394-6679,6679,Fairmount Line,Outbound,Readville,1785626700,1785626596,1785626700,,SCHEDULED,SCHEDULED,False
,MBTA|20260801|6090|SouthBase-793246-6090,MBTA,1785625320,SouthBase-793246-6090,6090,Greenbush Line,Inbound,Greenbush,1785625320,1785625320,1785625320,1785625320,SCHEDULED,SCHEDULED,True
1785625800,MBTA|20260801|6090|SouthBase-793246-6090,MBTA,1785625320,SouthBase-793246-6090,6090,Greenbush Line,Inbound,North Scituate,1785625740,1785625770,1785625740,1785625770,SCHEDULED,SCHEDULED,False
1785626220,MBTA|20260801|6090|SouthBase-793246-6090,MBTA,1785625320,SouthBase-793246-6090,6090,Greenbush Line,Inbound,Cohasset,1785626100,1785626170,1785626100,1785626170,SCHEDULED,SCHEDULED,False
1785626400,MBTA|20260801|6090|SouthBase-793246-6090,MBTA,1785625320,SouthBase-793246-6090,6090,Greenbush Line,Inbound,Nantasket Junction,1785626280,1785626356,1785626280,1785626356,SCHEDULED,SCHEDULED,False
1785626700,MBTA|20260801|6090|SouthBase-793246-6090,MBTA,1785625320,SouthBase-793246-6090,6090,Greenbush Line,Inbound,West Hingham,1785626580,1785626666,1785626580,1785626666,SCHEDULED,SCHEDULED,False
1785626850,MBTA|20260801|6090|SouthBase-793246-6090,MBTA,1785625320,SouthBase-793246-6090,6090,Greenbush Line,Inbound,East Weymouth,1785626760,1785626845,1785626760,1785626845,SCHEDULED,SCHEDULED,False
1785627240,MBTA|20260801|6090|SouthBase-793246-6090,MBTA,1785625320,SouthBase-793246-6090,6090,Greenbush Line,Inbound,Weymouth Landing/East Braintree,1785627060,1785627193,1785627060,1785627193,SCHEDULED,SCHEDULED,False
1785627750,MBTA|20260801|6090|SouthBase-793246-6090,MBTA,1785625320,SouthBase-793246-6090,6090,Greenbush Line,Inbound,Quincy Center,1785627600,1785627670,1785627600,1785627670,SCHEDULED,SCHEDULED,False
1785629160,MBTA|20260801|6090|SouthBase-793246-6090,MBTA,1785625320,SouthBase-793246-6090,6090,Greenbush Line,Inbound,South Station,1785628740,1785629168,1785628740,,SCHEDULED,SCHEDULED,False
1785625650,MBTA|20260801|5174|NorthBase-825527-5174,MBTA,1785625620,NorthBase-825527-5174,5174,Newburyport/Rockport Line,Inbound,Newburyport,1785625620,,1785625620,1785625630,SCHEDULED,SCHEDULED,False
1785626100,MBTA|20260801|5174|NorthBase-825527-5174,MBTA,1785625620,NorthBase-825527-5174,5174,Newburyport/Rockport Line,Inbound,Rowley,1785626040,1785626055,1785626040,1785626055,SCHEDULED,SCHEDULED,False
1785626490,MBTA|20260801|5174|NorthBase-825527-5174,MBTA,1785625620,NorthBase-825527-5174,5174,Newburyport/Rockport Line,Inbound,Ipswich,1785626400,1785626458,1785626400,1785626458,SCHEDULED,SCHEDULED,False
1785626910,MBTA|20260801|5174|NorthBase-825527-5174,MBTA,1785625620,NorthBase-825527-5174,5174,Newburyport/Rockport Line,Inbound,Hamilton/Wenham,1785626760,1785626861,1785626760,1785626861,SCHEDULED,SCHEDULED,False
1785627180,MBTA|20260801|5174|NorthBase-825527-5174,MBTA,1785625620,NorthBase-825527-5174,5174,Newburyport/Rockport Line,Inbound,North Beverly,1785627000,1785627140,1785627000,1785627140,SCHEDULED,SCHEDULED,False
1785627480,MBTA|20260801|5174|NorthBase-825527-5174,MBTA,1785625620,NorthBase-825527-5174,5174,Newburyport/Rockport Line,Inbound,Beverly,1785627360,1785627455,1785627360,1785627455,SCHEDULED,SCHEDULED,False
1785627780,MBTA|20260801|5174|NorthBase-825527-5174,MBTA,1785625620,NorthBase-825527-5174,5174,Newburyport/Rockport Line,Inbound,Salem,1785627600,1785627729,1785627600,1785627729,SCHEDULED,SCHEDULED,False
1785628140,MBTA|20260801|5174|NorthBase-825527-5174,MBTA,1785625620,NorthBase-825527-5174,5174,Newburyport/Rockport Line,Inbound,Swampscott,1785628020,1785628100,1785628020,1785628100,SCHEDULED,SCHEDULED,False
1785628320,MBTA|20260801|5174|NorthBase-825527-5174,MBTA,1785625620,NorthBase-825527-5174,5174,Newburyport/Rockport Line,Inbound,Lynn Interim,1785628200,1785628287,1785628200,1785628287,SCHEDULED,SCHEDULED,False
1785628980,MBTA|20260801|5174|NorthBase-825527-5174,MBTA,1785625620,NorthBase-825527-5174,5174,Newburyport/Rockport Line,Inbound,Chelsea,1785628800,1785628986,1785628800,1785628986,SCHEDULED,SCHEDULED,False
1785629580,MBTA|20260801|5174|NorthBase-825527-5174,MBTA,1785625620,NorthBase-825527-5174,5174,Newburyport/Rockport Line,Inbound,North Station,1785629760,1785629595,1785629760,,SCHEDULED,SCHEDULED,False
,MBTA|20260801|6039|SouthBase-793120-6039,MBTA,1785625800,SouthBase-793120-6039,6039,Kingston Line,Outbound,South Station,1785625800,1785625800,1785625800,1785625800,SCHEDULED,SCHEDULED,True
1785626910,MBTA|20260801|6039|SouthBase-793120-6039,MBTA,1785625800,SouthBase-793120-6039,6039,Kingston Line,Outbound,Quincy Center,1785626700,1785626880,1785626700,1785626880,SCHEDULED,SCHEDULED,False
1785627240,MBTA|20260801|6039|SouthBase-793120-6039,MBTA,1785625800,SouthBase-793120-6039,6039,Kingston Line,Outbound,Braintree,1785627060,1785627192,1785627060,1785627192,SCHEDULED,SCHEDULED,False
1785627660,MBTA|20260801|6039|SouthBase-793120-6039,MBTA,1785625800,SouthBase-793120-6039,6039,Kingston Line,Outbound,South Weymouth,1785627480,1785627629,1785627480,1785627629,SCHEDULED,SCHEDULED,False
1785627900,MBTA|20260801|6039|SouthBase-793120-6039,MBTA,1785625800,SouthBase-793120-6039,6039,Kingston Line,Outbound,Abington,1785627780,1785627880,1785627780,1785627880,SCHEDULED,SCHEDULED,False
1785628140,MBTA|20260801|6039|SouthBase-793120-6039,MBTA,1785625800,SouthBase-793120-6039,6039,Kingston Line,Outbound,Whitman,1785627960,1785628088,1785627960,1785628088,SCHEDULED,SCHEDULED,False
1785628410,MBTA|20260801|6039|SouthBase-793120-6039,MBTA,1785625800,SouthBase-793120-6039,6039,Kingston Line,Outbound,Hanson,1785628260,1785628368,1785628260,1785628368,SCHEDULED,SCHEDULED,False
1785628710,MBTA|20260801|6039|SouthBase-793120-6039,MBTA,1785625800,SouthBase-793120-6039,6039,Kingston Line,Outbound,Halifax,1785628560,1785628681,1785628560,1785628681,SCHEDULED,SCHEDULED,False
1785629340,MBTA|20260801|6039|SouthBase-793120-6039,MBTA,1785625800,SouthBase-793120-6039,6039,Kingston Line,Outbound,Kingston,1785629340,1785629176,1785629340,,SCHEDULED,SCHEDULED,False
,MBTA|20260801|5675|SouthBase-830407-5675,MBTA,1785626100,SouthBase-830407-5675,5675,Needham Line,Outbound,South Station,1785626100,1785626100,1785626100,1785626100,SCHEDULED,SCHEDULED,True
,MBTA|20260801|5675|SouthBase-830407-5675,MBTA,1785626100,SouthBase-830407-5675,5675,Needham Line,Outbound,Back Bay,1785626400,1785626400,1785626400,1785626400,SCHEDULED,SCHEDULED,True
1785626850,MBTA|20260801|5675|SouthBase-830407-5675,MBTA,1785626100,SouthBase-830407-5675,5675,Needham Line,Outbound,Ruggles,1785626580,1785626825,1785626580,1785626825,SCHEDULED,SCHEDULED,False
1785627180,MBTA|20260801|5675|SouthBase-830407-5675,MBTA,1785626100,SouthBase-830407-5675,5675,Needham Line,Outbound,Forest Hills,1785626880,1785627145,1785626880,1785627145,SCHEDULED,SCHEDULED,False
1785627390,MBTA|20260801|5675|SouthBase-830407-5675,MBTA,1785626100,SouthBase-830407-5675,5675,Needham Line,Outbound,Roslindale Village,1785627060,1785627371,1785627060,1785627371,SCHEDULED,SCHEDULED,False
1785627570,MBTA|20260801|5675|SouthBase-830407-5675,MBTA,1785626100,SouthBase-830407-5675,5675,Needham Line,Outbound,Bellevue,1785627240,1785627548,1785627240,1785627548,SCHEDULED,SCHEDULED,False
1785627690,MBTA|20260801|5675|SouthBase-830407-5675,MBTA,1785626100,SouthBase-830407-5675,5675,Needham Line,Outbound,Highland,1785627360,1785627671,1785627360,1785627671,SCHEDULED,SCHEDULED,False
1785627810,MBTA|20260801|5675|SouthBase-830407-5675,MBTA,1785626100,SouthBase-830407-5675,5675,Needham Line,Outbound,West Roxbury,1785627480,1785627791,1785627480,1785627791,SCHEDULED,SCHEDULED,False
1785628080,MBTA|20260801|5675|SouthBase-830407-5675,MBTA,1785626100,SouthBase-830407-5675,5675,Needham Line,Outbound,Hersey,1785627780,1785628060,1785627780,1785628060,SCHEDULED,SCHEDULED,False
1785628290,MBTA|20260801|5675|SouthBase-830407-5675,MBTA,1785626100,SouthBase-830407-5675,5675,Needham Line,Outbound,Needham Junction,1785627960,1785628270,1785627960,1785628270,SCHEDULED,SCHEDULED,False
1785628920,MBTA|20260801|5675|SouthBase-830407-5675,MBTA,1785626100,SouthBase-830407-5675,5675,Needham Line,Outbound,Needham Center,1785628200,1785628868,1785628200,1785628868,SCHEDULED,SCHEDULED,False
1785629040,MBTA|20260801|5675|SouthBase-830407-5675,MBTA,1785626100,SouthBase-830407-5675,5675,Needham Line,Outbound,Needham Heights,1785628500,1785629065,1785628500,,SCHEDULED,SCHEDULED,False
,MBTA|20260801|5374|NorthBase-825561-5374,MBTA,1785626520,NorthBase-825561-5374,5374,Lowell Line,Inbound,Lowell,1785626520,1785626520,1785626520,1785626520,SCHEDULED,SCHEDULED,True
1785627090,MBTA|20260801|5374|NorthBase-825561-5374,MBTA,1785626520,NorthBase-825561-5374,5374,Lowell Line,Inbound,North Billerica,1785627000,1785627069,1785627000,1785627069,SCHEDULED,SCHEDULED,False
1785627600,MBTA|20260801|5374|NorthBase-825561-5374,MBTA,1785626520,NorthBase-825561-5374,5374,Lowell Line,Inbound,Wilmington,1785627420,1785627565,1785627420,1785627565,SCHEDULED,SCHEDULED,False
1785627840,MBTA|20260801|5374|NorthBase-825561-5374,MBTA,1785626520,NorthBase-825561-5374,5374,Lowell Line,Inbound,Anderson/Woburn,1785627660,1785627813,1785627660,1785627813,SCHEDULED,SCHEDULED,False
1785628200,MBTA|20260801|5374|NorthBase-825561-5374,MBTA,1785626520,NorthBase-825561-5374,5374,Lowell Line,Inbound,Winchester Center,1785628020,1785628156,1785628020,1785628156,SCHEDULED,SCHEDULED,False
1785628290,MBTA|20260801|5374|NorthBase-825561-5374,MBTA,1785626520,NorthBase-825561-5374,5374,Lowell Line,Inbound,Wedgemere,1785628140,1785628259,1785628140,1785628259,SCHEDULED,SCHEDULED,False
1785628440,MBTA|20260801|5374|NorthBase-825561-5374,MBTA,1785626520,NorthBase-825561-5374,5374,Lowell Line,Inbound,West Medford,1785628380,1785628428,1785628380,1785628478,SCHEDULED,SCHEDULED,False
1785629160,MBTA|20260801|5374|NorthBase-825561-5374,MBTA,1785626520,NorthBase-825561-5374,5374,Lowell Line,Inbound,North Station,1785629220,1785629157,1785629220,,SCHEDULED,SCHEDULED,False
,MBTA|20260801|5177|NorthBase-825528-5177,MBTA,1785627000,NorthBase-825528-5177,5177,Newburyport/Rockport Line,Outbound,North Station,1785627000,1785627000,1785627000,1785627000,SCHEDULED,SCHEDULED,True
1785627690,MBTA|20260801|5177|NorthBase-825528-5177,MBTA,1785627000,NorthBase-825528-5177,5177,Newburyport/Rockport Line,Outbound,Chelsea,1785627660,1785627671,1785627660,1785627671,SCHEDULED,SCHEDULED,False
1785628380,MBTA|20260801|5177|NorthBase-825528-5177,MBTA,1785627000,NorthBase-825528-5177,5177,Newburyport/Rockport Line,Outbound,Lynn Interim,1785628320,1785628361,1785628320,1785628361,SCHEDULED,SCHEDULED,False
1785628560,MBTA|20260801|5177|NorthBase-825528-5177,MBTA,1785627000,NorthBase-825528-5177,5177,Newburyport/Rockport Line,Outbound,Swampscott,1785628500,1785628556,1785628500,1785628556,SCHEDULED,SCHEDULED,False
1785629010,MBTA|20260801|5177|NorthBase-825528-5177,MBTA,1785627000,NorthBase-825528-5177,5177,Newburyport/Rockport Line,Outbound,Salem,1785628920,1785628991,1785628920,1785628991,SCHEDULED,SCHEDULED,False
1785629280,MBTA|20260801|5177|NorthBase-825528-5177,MBTA,1785627000,NorthBase-825528-5177,5177,Newburyport/Rockport Line,Outbound,Beverly,1785629160,1785629261,1785629160,1785629261,SCHEDULED,SCHEDULED,False
1785629580,MBTA|20260801|5177|NorthBase-825528-5177,MBTA,1785627000,NorthBase-825528-5177,5177,Newburyport/Rockport Line,Outbound,North Beverly,1785629460,1785629560,1785629460,1785629560,SCHEDULED,SCHEDULED,False
1785629790,MBTA|20260801|5177|NorthBase-825528-5177,MBTA,1785627000,NorthBase-825528-5177,5177,Newburyport/Rockport Line,Outbound,Hamilton/Wenham,1785629700,1785629771,1785629700,1785629771,SCHEDULED,SCHEDULED,False
1785630210,MBTA|20260801|5177|NorthBase-825528-5177,MBTA,1785627000,NorthBase-825528-5177,5177,Newburyport/Rockport Line,Outbound,Ipswich,1785630060,1785630191,1785630060,1785630191,SCHEDULED,SCHEDULED,False
1785630540,MBTA|20260801|5177|NorthBase-825528-5177,MBTA,1785627000,NorthBase-825528-5177,5177,Newburyport/Rockport Line,Outbound,Rowley,1785630360,1785630525,1785630360,1785630525,SCHEDULED,SCHEDULED,False
1785630930,MBTA|20260801|5177|NorthBase-825528-5177,MBTA,1785627000,NorthBase-825528-5177,5177,Newburyport/Rockport Line,Outbound,Newburyport,1785631140,1785630938,1785631140,,SCHEDULED,SCHEDULED,False
,MBTA|20260801|6690|SouthBase-830393-6690,MBTA,1785627600,SouthBase-830393-6690,6690,Fairmount Line,Inbound,Readville,1785627600,1785627600,1785627600,1785627600,SCHEDULED,SCHEDULED,True
1785627900,MBTA|20260801|6690|SouthBase-830393-6690,MBTA,1785627600,SouthBase-830393-6690,6690,Fairmount Line,Inbound,Fairmount,1785627780,1785627846,1785627780,1785627846,SCHEDULED,SCHEDULED,False
1785628050,MBTA|20260801|6690|SouthBase-830393-6690,MBTA,1785627600,SouthBase-830393-6690,6690,Fairmount Line,Inbound,Blue Hill Avenue,1785627960,1785628026,1785627960,1785628026,SCHEDULED,SCHEDULED,False
1785628200,MBTA|20260801|6690|SouthBase-830393-6690,MBTA,1785627600,SouthBase-830393-6690,6690,Fairmount Line,Inbound,Morton Street,1785628080,1785628156,1785628080,1785628156,SCHEDULED,SCHEDULED,False
1785628290,MBTA|20260801|6690|SouthBase-830393-6690,MBTA,1785627600,SouthBase-830393-6690,6690,Fairmount Line,Inbound,Talbot Avenue,1785628260,1785628259,1785628260,1785628309,SCHEDULED,SCHEDULED,False
1785628500,MBTA|20260801|6690|SouthBase-830393-6690,MBTA,1785627600,SouthBase-830393-6690,6690,Fairmount Line,Inbound,Four Corners/Geneva,1785628440,1785628492,1785628440,1785628492,SCHEDULED,SCHEDULED,False
1785628680,MBTA|20260801|6690|SouthBase-830393-6690,MBTA,1785627600,SouthBase-830393-6690,6690,Fairmount Line,Inbound,Uphams Corner,1785628620,1785628652,1785628620,1785628652,SCHEDULED,SCHEDULED,False
1785628740,MBTA|20260801|6690|SouthBase-830393-6690,MBTA,1785627600,SouthBase-830393-6690,6690,Fairmount Line,Inbound,Newmarket,1785628740,1785628714,1785628740,1785628764,SCHEDULED,SCHEDULED,False
1785629460,MBTA|20260801|6690|SouthBase-830393-6690,MBTA,1785627600,SouthBase-830393-6690,6690,Fairmount Line,Inbound,South Station,1785629400,1785629480,1785629400,,SCHEDULED,SCHEDULED,False
,MBTA|20260801|5777|SouthBase-830460-5777,MBTA,1785628500,SouthBase-830460-5777,5777,Franklin/Foxboro Line,Outbound,South Station,1785628500,1785628500,1785628500,1785628500,SCHEDULED,SCHEDULED,True
1785629490,MBTA|20260801|5777|SouthBase-830460-5777,MBTA,1785628500,SouthBase-830460-5777,5777,Franklin/Foxboro Line,Outbound,Newmarket,1785628980,1785629452,1785628980,1785629452,SCHEDULED,SCHEDULED,False
1785629640,MBTA|20260801|5777|SouthBase-830460-5777,MBTA,1785628500,SouthBase-830460-5777,5777,Franklin/Foxboro Line,Outbound,Uphams Corner,1785629100,1785629607,1785629100,1785629607,SCHEDULED,SCHEDULED,False
1785629820,MBTA|20260801|5777|SouthBase-830460-5777,MBTA,1785628500,SouthBase-830460-5777,5777,Franklin/Foxboro Line,Outbound,Four Corners/Geneva,1785629280,1785629793,1785629280,1785629793,SCHEDULED,SCHEDULED,False
1785630030,MBTA|20260801|5777|SouthBase-830460-5777,MBTA,1785628500,SouthBase-830460-5777,5777,Franklin/Foxboro Line,Outbound,Talbot Avenue,1785629460,1785630011,1785629460,1785630061,SCHEDULED,SCHEDULED,False
1785630210,MBTA|20260801|5777|SouthBase-830460-5777,MBTA,1785628500,SouthBase-830460-5777,5777,Franklin/Foxboro Line,Outbound,Morton Street,1785629640,1785630165,1785629640,1785630165,SCHEDULED,SCHEDULED,False
1785630390,MBTA|20260801|5777|SouthBase-830460-5777,MBTA,1785628500,SouthBase-830460-5777,5777,Franklin/Foxboro Line,Outbound,Blue Hill Avenue,1785629760,1785630385,1785629760,1785630385,SCHEDULED,SCHEDULED,False
1785630660,MBTA|20260801|5777|SouthBase-830460-5777,MBTA,1785628500,SouthBase-830460-5777,5777,Franklin/Foxboro Line,Outbound,Fairmount,1785629940,1785630651,1785629940,1785630701,SCHEDULED,SCHEDULED,False
1785631020,MBTA|20260801|5777|SouthBase-830460-5777,MBTA,1785628500,SouthBase-830460-5777,5777,Franklin/Foxboro Line,Outbound,Readville,1785630180,1785630981,1785630180,1785630981,SCHEDULED,SCHEDULED,False
1785631290,MBTA|20260801|5777|SouthBase-830460-5777,MBTA,1785628500,SouthBase-830460-5777,5777,Franklin/Foxboro Line,Outbound,Endicott,1785630420,1785631250,1785630420,1785631250,SCHEDULED,SCHEDULED,False
1785631440,MBTA|20260801|5777|SouthBase-830460-5777,MBTA,1785628500,SouthBase-830460-5777,5777,Franklin/Foxboro Line,Outbound,Dedham Corporate Center,1785630600,1785631405,1785630600,1785631405,SCHEDULED,SCHEDULED,False
1785631590,MBTA|20260801|5777|SouthBase-830460-5777,MBTA,1785628500,SouthBase-830460-5777,5777,Franklin/Foxboro Line,Outbound,Islington,1785630720,1785631560,1785630720,1785631560,SCHEDULED,SCHEDULED,False
1785631890,MBTA|20260801|5777|SouthBase-830460-5777,MBTA,1785628500,SouthBase-830460-5777,5777,Franklin/Foxboro Line,Outbound,Norwood Depot,1785630900,1785631839,1785630900,1785631839,SCHEDULED,SCHEDULED,False
1785632070,MBTA|20260801|5777|SouthBase-830460-5777,MBTA,1785628500,SouthBase-830460-5777,5777,Franklin/Foxboro Line,Outbound,Norwood Central,1785631020,1785632028,1785631020,1785632028,SCHEDULED,SCHEDULED,False
1785632310,MBTA|20260801|5777|SouthBase-830460-5777,MBTA,1785628500,SouthBase-830460-5777,5777,Franklin/Foxboro Line,Outbound,Windsor Gardens,1785631200,1785632273,1785631200,1785632273,SCHEDULED,SCHEDULED,False
1785632670,MBTA|20260801|5777|SouthBase-830460-5777,MBTA,1785628500,SouthBase-830460-5777,5777,Franklin/Foxboro Line,Outbound,Walpole,1785631440,1785632645,1785631440,1785632645,SCHEDULED,SCHEDULED,False
1785633060,MBTA|20260801|5777|SouthBase-830460-5777,MBTA,1785628500,SouthBase-830460-5777,5777,Franklin/Foxboro Line,Outbound,Norfolk,1785631860,1785633031,1785631860,1785633031,SCHEDULED,SCHEDULED,False
1785633690,MBTA|20260801|5777|SouthBase-830460-5777,MBTA,1785628500,SouthBase-830460-5777,5777,Franklin/Foxboro Line,Outbound,Franklin,1785632280,1785633637,1785632280,1785633637,SCHEDULED,SCHEDULED,False
1785634050,MBTA|20260801|5777|SouthBase-830460-5777,MBTA,1785628500,SouthBase-830460-5777,5777,Franklin/Foxboro Line,Outbound,Forge Park/495,1785633000,1785634052,1785633000,,SCHEDULED,SCHEDULED,False
1785628650,MBTA|20260801|5877|SouthBase-793101-5877,MBTA,1785628500,SouthBase-793101-5877,5877,Providence/Stoughton Line,Outbound,South Station,1785628500,,1785628500,1785628633,SCHEDULED,SCHEDULED,False
1785629040,MBTA|20260801|5877|SouthBase-793101-5877,MBTA,1785628500,SouthBase-793101-5877,5877,Providence/Stoughton Line,Outbound,Back Bay,1785628800,1785629032,1785628800,1785629082,SCHEDULED,SCHEDULED,False
1785629340,MBTA|20260801|5877|SouthBase-793101-5877,MBTA,1785628500,SouthBase-793101-5877,5877,Providence/Stoughton Line,Outbound,Ruggles,1785628980,1785629234,1785628980,1785629234,SCHEDULED,SCHEDULED,False
1785629700,MBTA|20260801|5877|SouthBase-793101-5877,MBTA,1785628500,SouthBase-793101-5877,5877,Providence/Stoughton Line,Outbound,Hyde Park,1785629460,1785629668,1785629460,1785629668,SCHEDULED,SCHEDULED,False
1785630030,MBTA|20260801|5877|SouthBase-793101-5877,MBTA,1785628500,SouthBase-793101-5877,5877,Providence/Stoughton Line,Outbound,Readville,1785629640,1785629978,1785629640,1785629978,SCHEDULED,SCHEDULED,False
1785630270,MBTA|20260801|5877|SouthBase-793101-5877,MBTA,1785628500,SouthBase-793101-5877,5877,Providence/Stoughton Line,Outbound,Route 128,1785629880,1785630226,1785629880,1785630226,SCHEDULED,SCHEDULED,False
1785630600,MBTA|20260801|5877|SouthBase-793101-5877,MBTA,1785628500,SouthBase-793101-5877,5877,Providence/Stoughton Line,Outbound,Canton Junction,1785630240,1785630567,1785630240,1785630567,SCHEDULED,SCHEDULED,False
1785630930,MBTA|20260801|5877|SouthBase-793101-5877,MBTA,1785628500,SouthBase-793101-5877,5877,Providence/Stoughton Line,Outbound,Sharon,1785630540,1785630908,1785630540,1785630908,SCHEDULED,SCHEDULED,False
1785631500,MBTA|20260801|5877|SouthBase-793101-5877,MBTA,1785628500,SouthBase-793101-5877,5877,Providence/Stoughton Line,Outbound,Mansfield,1785631020,1785631466,1785631020,1785631466,SCHEDULED,SCHEDULED,False
1785632070,MBTA|20260801|5877|SouthBase-793101-5877,MBTA,1785628500,SouthBase-793101-5877,5877,Providence/Stoughton Line,Outbound,Attleboro,1785631620,1785632024,1785631620,1785632024,SCHEDULED,SCHEDULED,False
1785632640,MBTA|20260801|5877|SouthBase-793101-5877,MBTA,1785628500,SouthBase-793101-5877,5877,Providence/Stoughton Line,Outbound,Pawtucket/Central Falls,1785632160,1785632613,1785632160,1785632613,SCHEDULED,SCHEDULED,False
1785633000,MBTA|20260801|5877|SouthBase-793101-5877,MBTA,1785628500,SouthBase-793101-5877,5877,Providence/Stoughton Line,Outbound,Providence,1785632880,1785632979,1785632880,,SCHEDULED,SCHEDULED,False
,MBTA|20260801|5878|SouthBase-793102-5878,MBTA,1785628500,SouthBase-793102-5878,5878,Providence/Stoughton Line,Inbound,Providence,1785628500,1785628500,1785628500,1785628500,SCHEDULED,SCHEDULED,True
1785628920,MBTA|20260801|5878|SouthBase-793102-5878,MBTA,1785628500,SouthBase-793102-5878,5878,Providence/Stoughton Line,Inbound,Pawtucket/Central Falls,1785628860,1785628904,1785628860,1785628954,SCHEDULED,SCHEDULED,False
1785629760,MBTA|20260801|5878|SouthBase-793102-5878,MBTA,1785628500,SouthBase-793102-5878,5878,Providence/Stoughton Line,Inbound,Attleboro,1785629580,1785629786,1785629580,1785629786,SCHEDULED,SCHEDULED,False
1785630450,MBTA|20260801|5878|SouthBase-793102-5878,MBTA,1785628500,SouthBase-793102-5878,5878,Providence/Stoughton Line,Inbound,Mansfield,1785630180,1785630403,1785630180,1785630403,SCHEDULED,SCHEDULED,False
1785630930,MBTA|20260801|5878|SouthBase-793102-5878,MBTA,1785628500,SouthBase-793102-5878,5878,Providence/Stoughton Line,Inbound,Sharon,1785630720,1785630907,1785630720,1785630907,SCHEDULED,SCHEDULED,False
1785631170,MBTA|20260801|5878|SouthBase-793102-5878,MBTA,1785628500,SouthBase-793102-5878,5878,Providence/Stoughton Line,Inbound,Canton Junction,1785631020,1785631182,1785631020,1785631182,SCHEDULED,SCHEDULED,False
1785631620,MBTA|20260801|5878|SouthBase-793102-5878,MBTA,1785628500,SouthBase-793102-5878,5878,Providence/Stoughton Line,Inbound,Route 128,1785631380,1785631600,1785631380,1785631600,SCHEDULED,SCHEDULED,False
1785631860,MBTA|20260801|5878|SouthBase-793102-5878,MBTA,1785628500,SouthBase-793102-5878,5878,Providence/Stoughton Line,Inbound,Readville,1785631620,1785631840,1785631620,1785631840,SCHEDULED,SCHEDULED,False
1785632070,MBTA|20260801|5878|SouthBase-793102-5878,MBTA,1785628500,SouthBase-793102-5878,5878,Providence/Stoughton Line,Inbound,Hyde Park,1785631800,1785632051,1785631800,1785632051,SCHEDULED,SCHEDULED,False
1785632460,MBTA|20260801|5878|SouthBase-793102-5878,MBTA,1785628500,SouthBase-793102-5878,5878,Providence/Stoughton Line,Inbound,Ruggles,1785632460,1785632425,1785632460,1785632425,SCHEDULED,SCHEDULED,False
1785632700,MBTA|20260801|5878|SouthBase-793102-5878,MBTA,1785628500,SouthBase-793102-5878,5878,Providence/Stoughton Line,Inbound,Back Bay,1785632700,1785632650,1785632700,1785632650,SCHEDULED,SCHEDULED,False
1785633240,MBTA|20260801|5878|SouthBase-793102-5878,MBTA,1785628500,SouthBase-793102-5878,5878,Providence/Stoughton Line,Inbound,South Station,1785633000,1785633126,1785633000,,SCHEDULED,SCHEDULED,False
1785628710,MBTA|20260801|5778|SouthBase-830451-5778,MBTA,1785628620,SouthBase-830451-5778,5778,Franklin/Foxboro Line,Inbound,Forge Park/495,1785628620,,1785628620,1785628679,SCHEDULED,SCHEDULED,False
1785629100,MBTA|20260801|5778|SouthBase-830451-5778,MBTA,1785628620,SouthBase-830451-5778,5778,Franklin/Foxboro Line,Inbound,Franklin,1785629040,1785629062,1785629040,1785629062,SCHEDULED,SCHEDULED,False
1785629610,MBTA|20260801|5778|SouthBase-830451-5778,MBTA,1785628620,SouthBase-830451-5778,5778,Franklin/Foxboro Line,Inbound,Norfolk,1785629460,1785629568,1785629460,1785629618,SCHEDULED,SCHEDULED,False
1785629910,MBTA|20260801|5778|SouthBase-830451-5778,MBTA,1785628620,SouthBase-830451-5778,5778,Franklin/Foxboro Line,Inbound,Walpole,1785629880,1785629880,1785629880,1785629880,SCHEDULED,SCHEDULED,False
1785630210,MBTA|20260801|5778|SouthBase-830451-5778,MBTA,1785628620,SouthBase-830451-5778,5778,Franklin/Foxboro Line,Inbound,Windsor Gardens,1785630060,1785630182,1785630060,1785630182,SCHEDULED,SCHEDULED,False
1785630450,MBTA|20260801|5778|SouthBase-830451-5778,MBTA,1785628620,SouthBase-830451-5778,5778,Franklin/Foxboro Line,Inbound,Norwood Central,1785630300,1785630399,1785630300,1785630399,SCHEDULED,SCHEDULED,False
1785630570,MBTA|20260801|5778|SouthBase-830451-5778,MBTA,1785628620,SouthBase-830451-5778,5778,Franklin/Foxboro Line,Inbound,Norwood Depot,1785630420,1785630523,1785630420,1785630523,SCHEDULED,SCHEDULED,False
1785630750,MBTA|20260801|5778|SouthBase-830451-5778,MBTA,1785628620,SouthBase-830451-5778,5778,Franklin/Foxboro Line,Inbound,Islington,1785630600,1785630709,1785630600,1785630709,SCHEDULED,SCHEDULED,False
1785630900,MBTA|20260801|5778|SouthBase-830451-5778,MBTA,1785628620,SouthBase-830451-5778,5778,Franklin/Foxboro Line,Inbound,Dedham Corporate Center,1785630720,1785630864,1785630720,1785630864,SCHEDULED,SCHEDULED,False
1785631080,MBTA|20260801|5778|SouthBase-830451-5778,MBTA,1785628620,SouthBase-830451-5778,5778,Franklin/Foxboro Line,Inbound,Endicott,1785630900,1785631050,1785630900,1785631050,SCHEDULED,SCHEDULED,False
1785631290,MBTA|20260801|5778|SouthBase-830451-5778,MBTA,1785628620,SouthBase-830451-5778,5778,Franklin/Foxboro Line,Inbound,Readville,1785631200,1785631267,1785631200,1785631267,SCHEDULED,SCHEDULED,False
1785631470,MBTA|20260801|5778|SouthBase-830451-5778,MBTA,1785628620,SouthBase-830451-5778,5778,Franklin/Foxboro Line,Inbound,Fairmount,1785631380,1785631444,1785631380,1785631444,SCHEDULED,SCHEDULED,False
1785631650,MBTA|20260801|5778|SouthBase-830451-5778,MBTA,1785628620,SouthBase-830451-5778,5778,Franklin/Foxboro Line,Inbound,Blue Hill Avenue,1785631560,1785631629,1785631560,1785631629,SCHEDULED,SCHEDULED,False
1785631800,MBTA|20260801|5778|SouthBase-830451-5778,MBTA,1785628620,SouthBase-830451-5778,5778,Franklin/Foxboro Line,Inbound,Morton Street,1785631680,1785631768,1785631680,1785631768,SCHEDULED,SCHEDULED,False
1785631890,MBTA|20260801|5778|SouthBase-830451-5778,MBTA,1785628620,SouthBase-830451-5778,5778,Franklin/Foxboro Line,Inbound,Talbot Avenue,1785631860,1785631871,1785631860,1785631921,SCHEDULED,SCHEDULED,False
1785632130,MBTA|20260801|5778|SouthBase-830451-5778,MBTA,1785628620,SouthBase-830451-5778,5778,Franklin/Foxboro Line,Inbound,Four Corners/Geneva,1785632040,1785632104,1785632040,1785632104,SCHEDULED,SCHEDULED,False
1785632250,MBTA|20260801|5778|SouthBase-830451-5778,MBTA,1785628620,SouthBase-830451-5778,5778,Franklin/Foxboro Line,Inbound,Uphams Corner,1785632220,1785632197,1785632220,1785632247,SCHEDULED,SCHEDULED,False
1785632340,MBTA|20260801|5778|SouthBase-830451-5778,MBTA,1785628620,SouthBase-830451-5778,5778,Franklin/Foxboro Line,Inbound,Newmarket,1785632340,1785632313,1785632340,1785632363,SCHEDULED,SCHEDULED,False
1785633000,MBTA|20260801|5778|SouthBase-830451-5778,MBTA,1785628620,SouthBase-830451-5778,5778,Franklin/Foxboro Line,Inbound,South Station,1785633000,1785632796,1785633000,,SCHEDULED,SCHEDULED,False
,MBTA|20260801|5078|NorthBase-825510-5078,MBTA,1785628800,NorthBase-825510-5078,5078,Newburyport/Rockport Line,Inbound,Rockport,1785628800,1785628800,1785628800,1785628800,SCHEDULED,SCHEDULED,True
1785629520,MBTA|20260801|5078|NorthBase-825510-5078,MBTA,1785628800,NorthBase-825510-5078,5078,Newburyport/Rockport Line,Inbound,Gloucester,1785629280,1785629500,1785629280,1785629500,SCHEDULED,SCHEDULED,False
1785629760,MBTA|20260801|5078|NorthBase-825510-5078,MBTA,1785628800,NorthBase-825510-5078,5078,Newburyport/Rockport Line,Inbound,West Gloucester,1785629580,1785629740,1785629580,1785629740,SCHEDULED,SCHEDULED,False
1785630240,MBTA|20260801|5078|NorthBase-825510-5078,MBTA,1785628800,NorthBase-825510-5078,5078,Newburyport/Rockport Line,Inbound,Manchester,1785629940,1785630235,1785629940,1785630235,SCHEDULED,SCHEDULED,False
1785630570,MBTA|20260801|5078|NorthBase-825510-5078,MBTA,1785628800,NorthBase-825510-5078,5078,Newburyport/Rockport Line,Inbound,Beverly Farms,1785630240,1785630551,1785630240,1785630551,SCHEDULED,SCHEDULED,False
1785630960,MBTA|20260801|5078|NorthBase-825510-5078,MBTA,1785628800,NorthBase-825510-5078,5078,Newburyport/Rockport Line,Inbound,Montserrat,1785630600,1785630941,1785630600,1785630941,SCHEDULED,SCHEDULED,False
1785631260,MBTA|20260801|5078|NorthBase-825510-5078,MBTA,1785628800,NorthBase-825510-5078,5078,Newburyport/Rockport Line,Inbound,Beverly,1785630960,1785631239,1785630960,1785631239,SCHEDULED,SCHEDULED,False
1785631620,MBTA|20260801|5078|NorthBase-825510-5078,MBTA,1785628800,NorthBase-825510-5078,5078,Newburyport/Rockport Line,Inbound,Salem,1785631200,1785631556,1785631200,1785631556,SCHEDULED,SCHEDULED,False
1785631950,MBTA|20260801|5078|NorthBase-825510-5078,MBTA,1785628800,NorthBase-825510-5078,5078,Newburyport/Rockport Line,Inbound,Swampscott,1785631620,1785631930,1785631620,1785631930,SCHEDULED,SCHEDULED,False
1785632160,MBTA|20260801|5078|NorthBase-825510-5078,MBTA,1785628800,NorthBase-825510-5078,5078,Newburyport/Rockport Line,Inbound,Lynn Interim,1785631800,1785632141,1785631800,1785632141,SCHEDULED,SCHEDULED,False
1785632790,MBTA|20260801|5078|NorthBase-825510-5078,MBTA,1785628800,NorthBase-825510-5078,5078,Newburyport/Rockport Line,Inbound,Chelsea,1785632400,1785632816,1785632400,1785632816,SCHEDULED,SCHEDULED,False
1785633450,MBTA|20260801|5078|NorthBase-825510-5078,MBTA,1785628800,NorthBase-825510-5078,5078,Newburyport/Rockport Line,Inbound,North Station,1785633360,1785633469,1785633360,,SCHEDULED,SCHEDULED,False
,MBTA|20260801|7039|SouthBase-793181-7039,MBTA,1785628800,SouthBase-793181-7039,7039,Fall River/New Bedford Line,Outbound,South Station,1785628800,1785628800,1785628800,1785628800,SCHEDULED,SCHEDULED,True
1785629790,MBTA|20260801|7039|SouthBase-793181-7039,MBTA,1785628800,SouthBase-793181-7039,7039,Fall River/New Bedford Line,Outbound,Quincy Center,1785629700,1785629760,1785629700,1785629760,SCHEDULED,SCHEDULED,False
1785630210,MBTA|20260801|7039|SouthBase-793181-7039,MBTA,1785628800,SouthBase-793181-7039,7039,Fall River/New Bedford Line,Outbound,Braintree,1785630060,1785630163,1785630060,1785630163,SCHEDULED,SCHEDULED,False
1785630810,MBTA|20260801|7039|SouthBase-793181-7039,MBTA,1785628800,SouthBase-793181-7039,7039,Fall River/New Bedford Line,Outbound,Holbrook/Randolph,1785630600,1785630783,1785630600,1785630783,SCHEDULED,SCHEDULED,False
1785631170,MBTA|20260801|7039|SouthBase-793181-7039,MBTA,1785628800,SouthBase-793181-7039,7039,Fall River/New Bedford Line,Outbound,Montello,1785630960,1785631124,1785630960,1785631124,SCHEDULED,SCHEDULED,False
1785631380,MBTA|20260801|7039|SouthBase-793181-7039,MBTA,1785628800,SouthBase-793181-7039,7039,Fall River/New Bedford Line,Outbound,Brockton,1785631200,1785631341,1785631200,1785631341,SCHEDULED,SCHEDULED,False
1785631620,MBTA|20260801|7039|SouthBase-793181-7039,MBTA,1785628800,SouthBase-793181-7039,7039,Fall River/New Bedford Line,Outbound,Campello,1785631440,1785631589,1785631440,1785631589,SCHEDULED,SCHEDULED,False
1785632130,MBTA|20260801|7039|SouthBase-793181-7039,MBTA,1785628800,SouthBase-793181-7039,7039,Fall River/New Bedford Line,Outbound,Bridgewater,1785631920,1785632085,1785631920,1785632085,SCHEDULED,SCHEDULED,False
1785632820,MBTA|20260801|7039|SouthBase-793181-7039,MBTA,1785628800,SouthBase-793181-7039,7039,Fall River/New Bedford Line,Outbound,Middleborough,1785632640,1785632798,1785632640,1785632798,SCHEDULED,SCHEDULED,False
1785633540,MBTA|20260801|7039|SouthBase-793181-7039,MBTA,1785628800,SouthBase-793181-7039,7039,Fall River/New Bedford Line,Outbound,East Taunton,1785633300,1785633511,1785633300,1785633511,SCHEDULED,SCHEDULED,False
1785634440,MBTA|20260801|7039|SouthBase-793181-7039,MBTA,1785628800,SouthBase-793181-7039,7039,Fall River/New Bedford Line,Outbound,Church Street,1785634200,1785634400,1785634200,1785634400,SCHEDULED,SCHEDULED,False
1785634710,MBTA|20260801|7039|SouthBase-793181-7039,MBTA,1785628800,SouthBase-793181-7039,7039,Fall River/New Bedford Line,Outbound,New Bedford,1785634860,1785634725,1785634860,,SCHEDULED,SCHEDULED,False
,MBTA|20260801|5678|SouthBase-830372-5678,MBTA,1785629400,SouthBase-830372-5678,5678,Needham Line,Inbound,Needham Heights,1785629400,1785629400,1785629400,1785629400,SCHEDULED,SCHEDULED,True
1785630180,MBTA|20260801|5678|SouthBase-830372-5678,MBTA,1785629400,SouthBase-830372-5678,5678,Needham Line,Inbound,Needham Center,1785629640,1785630160,1785629640,1785630160,SCHEDULED,SCHEDULED,False
1785630420,MBTA|20260801|5678|SouthBase-830372-5678,MBTA,1785629400,SouthBase-830372-5678,5678,Needham Line,Inbound,Needham Junction,1785629880,1785630397,1785629880,1785630397,SCHEDULED,SCHEDULED,False
1785630570,MBTA|20260801|5678|SouthBase-830372-5678,MBTA,1785629400,SouthBase-830372-5678,5678,Needham Line,Inbound,Hersey,1785630060,1785630550,1785630060,1785630550,SCHEDULED,SCHEDULED,False
1785630870,MBTA|20260801|5678|SouthBase-830372-5678,MBTA,1785629400,SouthBase-830372-5678,5678,Needham Line,Inbound,West Roxbury,1785630360,1785630851,1785630360,1785630851,SCHEDULED,SCHEDULED,False
1785630990,MBTA|20260801|5678|SouthBase-830372-5678,MBTA,1785629400,SouthBase-830372-5678,5678,Needham Line,Inbound,Highland,1785630480,1785630971,1785630480,1785630971,SCHEDULED,SCHEDULED,False
1785631080,MBTA|20260801|5678|SouthBase-830372-5678,MBTA,1785629400,SouthBase-830372-5678,5678,Needham Line,Inbound,Bellevue,1785630600,1785631062,1785630600,1785631062,SCHEDULED,SCHEDULED,False
1785631260,MBTA|20260801|5678|SouthBase-830372-5678,MBTA,1785629400,SouthBase-830372-5678,5678,Needham Line,Inbound,Roslindale Village,1785630780,1785631240,1785630780,1785631240,SCHEDULED,SCHEDULED,False
1785631410,MBTA|20260801|5678|SouthBase-830372-5678,MBTA,1785629400,SouthBase-830372-5678,5678,Needham Line,Inbound,Forest Hills,1785630960,1785631397,1785630960,1785631397,SCHEDULED,SCHEDULED,False
1785631620,MBTA|20260801|5678|SouthBase-830372-5678,MBTA,1785629400,SouthBase-830372-5678,5678,Needham Line,Inbound,Ruggles,1785631260,1785631623,1785631260,1785631623,SCHEDULED,SCHEDULED,False
1785631920,MBTA|20260801|5678|SouthBase-830372-5678,MBTA,1785629400,SouthBase-830372-5678,5678,Needham Line,Inbound,Back Bay,1785631500,1785631821,1785631500,1785631821,SCHEDULED,SCHEDULED,False
1785632310,MBTA|20260801|5678|SouthBase-830372-5678,MBTA,1785629400,SouthBase-830372-5678,5678,Needham Line,Inbound,South Station,1785631800,1785632189,1785631800,,SCHEDULED,SCHEDULED,False
,MBTA|20260801|5279|NorthBase-825544-5279,MBTA,1785629700,NorthBase-825544-5279,5279,Haverhill Line,Outbound,North Station,1785629700,1785629700,1785629700,1785629700,SCHEDULED,SCHEDULED,True
1785630570,MBTA|20260801|5279|NorthBase-825544-5279,MBTA,1785629700,NorthBase-825544-5279,5279,Haverhill Line,Outbound,Malden Center,1785630360,1785630536,1785630360,1785630536,SCHEDULED,SCHEDULED,False
1785630720,MBTA|20260801|5279|NorthBase-825544-5279,MBTA,1785629700,NorthBase-825544-5279,5279,Haverhill Line,Outbound,Oak Grove,1785630480,1785630691,1785630480,1785630691,SCHEDULED,SCHEDULED,False
1785630900,MBTA|20260801|5279|NorthBase-825544-5279,MBTA,1785629700,NorthBase-825544-5279,5279,Haverhill Line,Outbound,Wyoming Hill,1785630600,1785630905,1785630600,1785630905,SCHEDULED,SCHEDULED,False
1785631050,MBTA|20260801|5279|NorthBase-825544-5279,MBTA,1785629700,NorthBase-825544-5279,5279,Haverhill Line,Outbound,Melrose/Cedar Park,1785630720,1785631003,1785630720,1785631003,SCHEDULED,SCHEDULED,False
1785631200,MBTA|20260801|5279|NorthBase-825544-5279,MBTA,1785629700,NorthBase-825544-5279,5279,Haverhill Line,Outbound,Melrose Highlands,1785630900,1785631156,1785630900,1785631156,SCHEDULED,SCHEDULED,False
1785631350,MBTA|20260801|5279|NorthBase-825544-5279,MBTA,1785629700,NorthBase-825544-5279,5279,Haverhill Line,Outbound,Greenwood,1785631080,1785631311,1785631080,1785631311,SCHEDULED,SCHEDULED,False
1785631620,MBTA|20260801|5279|NorthBase-825544-5279,MBTA,1785629700,NorthBase-825544-5279,5279,Haverhill Line,Outbound,Wakefield,1785631320,1785631589,1785631320,1785631589,SCHEDULED,SCHEDULED,False
1785631950,MBTA|20260801|5279|NorthBase-825544-5279,MBTA,1785629700,NorthBase-825544-5279,5279,Haverhill Line,Outbound,Reading,1785631680,1785631902,1785631680,1785631902,SCHEDULED,SCHEDULED,False
1785632340,MBTA|20260801|5279|NorthBase-825544-5279,MBTA,1785629700,NorthBase-825544-5279,5279,Haverhill Line,Outbound,North Wilmington,1785632040,1785632303,1785632040,1785632303,SCHEDULED,SCHEDULED,False
1785632670,MBTA|20260801|5279|NorthBase-825544-5279,MBTA,1785629700,NorthBase-825544-5279,5279,Haverhill Line,Outbound,Ballardvale,1785632460,1785632644,1785632460,1785632644,SCHEDULED,SCHEDULED,False
1785632940,MBTA|20260801|5279|NorthBase-825544-5279,MBTA,1785629700,NorthBase-825544-5279,5279,Haverhill Line,Outbound,Andover,1785632760,1785632892,1785632760,1785632892,SCHEDULED,SCHEDULED,False
1785633360,MBTA|20260801|5279|NorthBase-825544-5279,MBTA,1785629700,NorthBase-825544-5279,5279,Haverhill Line,Outbound,Lawrence,1785633180,1785633325,1785633180,1785633325,SCHEDULED,SCHEDULED,False
1785633870,MBTA|20260801|5279|NorthBase-825544-5279,MBTA,1785629700,NorthBase-825544-5279,5279,Haverhill Line,Outbound,Bradford,1785633660,1785633794,1785633660,1785633794,SCHEDULED,SCHEDULED,False
1785634080,MBTA|20260801|5279|NorthBase-825544-5279,MBTA,1785629700,NorthBase-825544-5279,5279,Haverhill Line,Outbound,Haverhill,1785634080,1785633879,1785634080,,SCHEDULED,SCHEDULED,False
1785630420,MBTA|20260801|6042|SouthBase-793121-6042,MBTA,1785630300,SouthBase-793121-6042,6042,Kingston Line,Inbound,Kingston,1785630300,,1785630300,1785630392,SCHEDULED,SCHEDULED,False
1785630960,MBTA|20260801|6042|SouthBase-793121-6042,MBTA,1785630300,SouthBase-793121-6042,6042,Kingston Line,Inbound,Halifax,1785630840,1785630910,1785630840,1785630910,SCHEDULED,SCHEDULED,False
1785631260,MBTA|20260801|6042|SouthBase-793121-6042,MBTA,1785630300,SouthBase-793121-6042,6042,Kingston Line,Inbound,Hanson,1785631140,1785631220,1785631140,1785631220,SCHEDULED,SCHEDULED,False
1785631530,MBTA|20260801|6042|SouthBase-793121-6042,MBTA,1785630300,SouthBase-793121-6042,6042,Kingston Line,Inbound,Whitman,1785631440,1785631499,1785631440,1785631499,SCHEDULED,SCHEDULED,False
1785631770,MBTA|20260801|6042|SouthBase-793121-6042,MBTA,1785630300,SouthBase-793121-6042,6042,Kingston Line,Inbound,Abington,1785631620,1785631716,1785631620,1785631716,SCHEDULED,SCHEDULED,False
1785632040,MBTA|20260801|6042|SouthBase-793121-6042,MBTA,1785630300,SouthBase-793121-6042,6042,Kingston Line,Inbound,South Weymouth,1785631920,1785632001,1785631920,1785632001,SCHEDULED,SCHEDULED,False
1785632400,MBTA|20260801|6042|SouthBase-793121-6042,MBTA,1785630300,SouthBase-793121-6042,6042,Kingston Line,Inbound,Braintree,1785632400,1785632381,1785632400,1785632381,SCHEDULED,SCHEDULED,False
1785632940,MBTA|20260801|6042|SouthBase-793121-6042,MBTA,1785630300,SouthBase-793121-6042,6042,Kingston Line,Inbound,Quincy Center,1785632760,1785632837,1785632760,1785632837,SCHEDULED,SCHEDULED,False
1785634530,MBTA|20260801|6042|SouthBase-793121-6042,MBTA,1785630300,SouthBase-793121-6042,6042,Kingston Line,Inbound,South Station,1785633900,1785634537,1785633900,,SCHEDULED,SCHEDULED,False
1785631380,MBTA|20260801|5441|NorthBase-825578-5441,MBTA,1785631200,NorthBase-825578-5441,5441,Fitchburg Line,Outbound,North Station,1785631200,,1785631200,1785631356,SCHEDULED,SCHEDULED,False
1785632010,MBTA|20260801|5441|NorthBase-825578-5441,MBTA,1785631200,NorthBase-825578-5441,5441,Fitchburg Line,Outbound,Porter,1785631800,1785631985,1785631800,1785631985,SCHEDULED,SCHEDULED,False
1785632340,MBTA|20260801|5441|NorthBase-825578-5441,MBTA,1785631200,NorthBase-825578-5441,5441,Fitchburg Line,Outbound,Belmont,1785632100,1785632295,1785632100,1785632295,SCHEDULED,SCHEDULED,False
1785632520,MBTA|20260801|5441|NorthBase-825578-5441,MBTA,1785631200,NorthBase-825578-5441,5441,Fitchburg Line,Outbound,Waverley,1785632220,1785632481,1785632220,1785632481,SCHEDULED,SCHEDULED,False
1785632970,MBTA|20260801|5441|NorthBase-825578-5441,MBTA,1785631200,NorthBase-825578-5441,5441,Fitchburg Line,Outbound,Waltham,1785632520,1785632954,1785632520,1785632954,SCHEDULED,SCHEDULED,False
1785633180,MBTA|20260801|5441|NorthBase-825578-5441,MBTA,1785631200,NorthBase-825578-5441,5441,Fitchburg Line,Outbound,Brandeis/Roberts,1785632700,1785633132,1785632700,1785633132,SCHEDULED,SCHEDULED,False
1785633360,MBTA|20260801|5441|NorthBase-825578-5441,MBTA,1785631200,NorthBase-825578-5441,5441,Fitchburg Line,Outbound,Kendal Green,1785632940,1785633318,1785632940,1785633318,SCHEDULED,SCHEDULED,False
1785633690,MBTA|20260801|5441|NorthBase-825578-5441,MBTA,1785631200,NorthBase-825578-5441,5441,Fitchburg Line,Outbound,Lincoln,1785633240,1785633659,1785633240,1785633659,SCHEDULED,SCHEDULED,False
1785634020,MBTA|20260801|5441|NorthBase-825578-5441,MBTA,1785631200,NorthBase-825578-5441,5441,Fitchburg Line,Outbound,Concord,1785633540,1785633969,1785633540,1785633969,SCHEDULED,SCHEDULED,False
1785634260,MBTA|20260801|5441|NorthBase-825578-5441,MBTA,1785631200,NorthBase-825578-5441,5441,Fitchburg Line,Outbound,West Concord,1785633780,1785634217,1785633780,1785634217,SCHEDULED,SCHEDULED,False
1785634590,MBTA|20260801|5441|NorthBase-825578-5441,MBTA,1785631200,NorthBase-825578-5441,5441,Fitchburg Line,Outbound,South Acton,1785634080,1785634558,1785634080,1785634558,SCHEDULED,SCHEDULED,False
1785634890,MBTA|20260801|5441|NorthBase-825578-5441,MBTA,1785631200,NorthBase-825578-5441,5441,Fitchburg Line,Outbound,Littleton/Route 495,1785634500,1785634894,1785634500,1785634894,SCHEDULED,SCHEDULED,False
1785635490,MBTA|20260801|5441|NorthBase-825578-5441,MBTA,1785631200,NorthBase-825578-5441,5441,Fitchburg Line,Outbound,Ayer,1785634980,1785635457,1785634980,1785635457,SCHEDULED,SCHEDULED,False
1785635790,MBTA|20260801|5441|NorthBase-825578-5441,MBTA,1785631200,NorthBase-825578-5441,5441,Fitchburg Line,Outbound,Shirley,1785635280,1785635736,1785635280,1785635736,SCHEDULED,SCHEDULED,False
1785636270,MBTA|20260801|5441|NorthBase-825578-5441,MBTA,1785631200,NorthBase-825578-5441,5441,Fitchburg Line,Outbound,North Leominster,1785635820,1785636251,1785635820,1785636251,SCHEDULED,SCHEDULED,False
1785636780,MBTA|20260801|5441|NorthBase-825578-5441,MBTA,1785631200,NorthBase-825578-5441,5441,Fitchburg Line,Outbound,Fitchburg,1785636300,1785636732,1785636300,1785636732,SCHEDULED,SCHEDULED,False
1785637290,MBTA|20260801|5441|NorthBase-825578-5441,MBTA,1785631200,NorthBase-825578-5441,5441,Fitchburg Line,Outbound,Wachusett,1785636960,1785637287,1785636960,,SCHEDULED,SCHEDULED,False
,MBTA|20260801|6091|SouthBase-793231-6091,MBTA,1785631200,SouthBase-793231-6091,6091,Greenbush Line,Outbound,South Station,1785631200,1785631200,1785631200,1785631200,SCHEDULED,SCHEDULED,True
1785632310,MBTA|20260801|6091|SouthBase-793231-6091,MBTA,1785631200,SouthBase-793231-6091,6091,Greenbush Line,Outbound,Quincy Center,1785632100,1785632277,1785632100,1785632277,SCHEDULED,SCHEDULED,False
1785632910,MBTA|20260801|6091|SouthBase-793231-6091,MBTA,1785631200,SouthBase-793231-6091,6091,Greenbush Line,Outbound,Weymouth Landing/East Braintree,1785632640,1785632866,1785632640,1785632866,SCHEDULED,SCHEDULED,False
1785633240,MBTA|20260801|6091|SouthBase-793231-6091,MBTA,1785631200,SouthBase-793231-6091,6091,Greenbush Line,Outbound,East Weymouth,1785632940,1785633223,1785632940,1785633273,SCHEDULED,SCHEDULED,False
1785633450,MBTA|20260801|6091|SouthBase-793231-6091,MBTA,1785631200,SouthBase-793231-6091,6091,Greenbush Line,Outbound,West Hingham,1785633120,1785633424,1785633120,1785633424,SCHEDULED,SCHEDULED,False
1785633750,MBTA|20260801|6091|SouthBase-793231-6091,MBTA,1785631200,SouthBase-793231-6091,6091,Greenbush Line,Outbound,Nantasket Junction,1785633420,1785633706,1785633420,1785633706,SCHEDULED,SCHEDULED,False
1785633930,MBTA|20260801|6091|SouthBase-793231-6091,MBTA,1785631200,SouthBase-793231-6091,6091,Greenbush Line,Outbound,Cohasset,1785633600,1785633895,1785633600,1785633895,SCHEDULED,SCHEDULED,False
1785634440,MBTA|20260801|6091|SouthBase-793231-6091,MBTA,1785631200,SouthBase-793231-6091,6091,Greenbush Line,Outbound,North Scituate,1785634020,1785634420,1785634020,1785634470,SCHEDULED,SCHEDULED,False
1785634860,MBTA|20260801|6091|SouthBase-793231-6091,MBTA,1785631200,SouthBase-793231-6091,6091,Greenbush Line,Outbound,Greenbush,1785634620,1785634842,1785634620,,SCHEDULED,SCHEDULED,False
1785632160,MBTA|20260801|5444|NorthBase-825579-5444,MBTA,1785632100,NorthBase-825579-5444,5444,Fitchburg Line,Inbound,Wachusett,1785632100,,1785632100,1785632152,SCHEDULED,SCHEDULED,False
1785632760,MBTA|20260801|5444|NorthBase-825579-5444,MBTA,1785632100,NorthBase-825579-5444,5444,Fitchburg Line,Inbound,Fitchburg,1785632580,1785632727,1785632580,1785632727,SCHEDULED,SCHEDULED,False
1785633210,MBTA|20260801|5444|NorthBase-825579-5444,MBTA,1785632100,NorthBase-825579-5444,5444,Fitchburg Line,Inbound,North Leominster,1785633000,1785633164,1785633000,1785633164,SCHEDULED,SCHEDULED,False
1785633660,MBTA|20260801|5444|NorthBase-825579-5444,MBTA,1785632100,NorthBase-825579-5444,5444,Fitchburg Line,Inbound,Shirley,1785633480,1785633628,1785633480,1785633628,SCHEDULED,SCHEDULED,False
1785633930,MBTA|20260801|5444|NorthBase-825579-5444,MBTA,1785632100,NorthBase-825579-5444,5444,Fitchburg Line,Inbound,Ayer,1785633780,1785633905,1785633780,1785633905,SCHEDULED,SCHEDULED,False
1785634470,MBTA|20260801|5444|NorthBase-825579-5444,MBTA,1785632100,NorthBase-825579-5444,5444,Fitchburg Line,Inbound,Littleton/Route 495,1785634260,1785634464,1785634260,1785634514,SCHEDULED,SCHEDULED,False
1785634830,MBTA|20260801|5444|NorthBase-825579-5444,MBTA,1785632100,NorthBase-825579-5444,5444,Fitchburg Line,Inbound,South Acton,1785634620,1785634804,1785634620,1785634804,SCHEDULED,SCHEDULED,False
1785635190,MBTA|20260801|5444|NorthBase-825579-5444,MBTA,1785632100,NorthBase-825579-5444,5444,Fitchburg Line,Inbound,West Concord,1785634860,1785635145,1785634860,1785635145,SCHEDULED,SCHEDULED,False
1785635430,MBTA|20260801|5444|NorthBase-825579-5444,MBTA,1785632100,NorthBase-825579-5444,5444,Fitchburg Line,Inbound,Concord,1785635100,1785635393,1785635100,1785635393,SCHEDULED,SCHEDULED,False
1785635700,MBTA|20260801|5444|NorthBase-825579-5444,MBTA,1785632100,NorthBase-825579-5444,5444,Fitchburg Line,Inbound,Lincoln,1785635460,1785635684,1785635460,1785635684,SCHEDULED,SCHEDULED,False
1785636030,MBTA|20260801|5444|NorthBase-825579-5444,MBTA,1785632100,NorthBase-825579-5444,5444,Fitchburg Line,Inbound,Kendal Green,1785635760,1785635993,1785635760,1785635993,SCHEDULED,SCHEDULED,False
1785636210,MBTA|20260801|5444|NorthBase-825579-5444,MBTA,1785632100,NorthBase-825579-5444,5444,Fitchburg Line,Inbound,Brandeis/Roberts,1785636000,1785636190,1785636000,1785636190,SCHEDULED,SCHEDULED,False
1785636450,MBTA|20260801|5444|NorthBase-825579-5444,MBTA,1785632100,NorthBase-825579-5444,5444,Fitchburg Line,Inbound,Waltham,1785636240,1785636423,1785636240,1785636423,SCHEDULED,SCHEDULED,False
1785636690,MBTA|20260801|5444|NorthBase-825579-5444,MBTA,1785632100,NorthBase-825579-5444,5444,Fitchburg Line,Inbound,Waverley,1785636540,1785636666,1785636540,1785636666,SCHEDULED,SCHEDULED,False
1785636870,MBTA|20260801|5444|NorthBase-825579-5444,MBTA,1785632100,NorthBase-825579-5444,5444,Fitchburg Line,Inbound,Belmont,1785636660,1785636824,1785636660,1785636824,SCHEDULED,SCHEDULED,False
1785637050,MBTA|20260801|5444|NorthBase-825579-5444,MBTA,1785632100,NorthBase-825579-5444,5444,Fitchburg Line,Inbound,Porter,1785637020,1785637021,1785637020,1785637071,SCHEDULED,SCHEDULED,False
1785637710,MBTA|20260801|5444|NorthBase-825579-5444,MBTA,1785632100,NorthBase-825579-5444,5444,Fitchburg Line,Inbound,North Station,1785637860,1785637716,1785637860,,SCHEDULED,SCHEDULED,False
,MBTA|20260801|6691|SouthBase-830427-6691,MBTA,1785632100,SouthBase-830427-6691,6691,Fairmount Line,Outbound,South Station,1785632100,1785632100,1785632100,1785632100,SCHEDULED,SCHEDULED,True
1785632790,MBTA|20260801|6691|SouthBase-830427-6691,MBTA,1785632100,SouthBase-830427-6691,6691,Fairmount Line,Outbound,Newmarket,1785632580,1785632765,1785632580,1785632765,SCHEDULED,SCHEDULED,False
1785632910,MBTA|20260801|6691|SouthBase-830427-6691,MBTA,1785632100,SouthBase-830427-6691,6691,Fairmount Line,Outbound,Uphams Corner,1785632700,1785632875,1785632700,1785632875,SCHEDULED,SCHEDULED,False
1785633090,MBTA|20260801|6691|SouthBase-830427-6691,MBTA,1785632100,SouthBase-830427-6691,6691,Fairmount Line,Outbound,Four Corners/Geneva,1785632880,1785633054,1785632880,1785633054,SCHEDULED,SCHEDULED,False
1785633240,MBTA|20260801|6691|SouthBase-830427-6691,MBTA,1785632100,SouthBase-830427-6691,6691,Fairmount Line,Outbound,Talbot Avenue,1785633060,1785633255,1785633060,1785633255,SCHEDULED,SCHEDULED,False
1785633360,MBTA|20260801|6691|SouthBase-830427-6691,MBTA,1785632100,SouthBase-830427-6691,6691,Fairmount Line,Outbound,Morton Street,1785633240,1785633348,1785633240,1785633348,SCHEDULED,SCHEDULED,False
1785633570,MBTA|20260801|6691|SouthBase-830427-6691,MBTA,1785632100,SouthBase-830427-6691,6691,Fairmount Line,Outbound,Blue Hill Avenue,1785633360,1785633519,1785633360,1785633519,SCHEDULED,SCHEDULED,False
1785633780,MBTA|20260801|6691|SouthBase-830427-6691,MBTA,1785632100,SouthBase-830427-6691,6691,Fairmount Line,Outbound,Fairmount,1785633540,1785633707,1785633540,1785633707,SCHEDULED,SCHEDULED,False
1785633960,MBTA|20260801|6691|SouthBase-830427-6691,MBTA,1785632100,SouthBase-830427-6691,6691,Fairmount Line,Outbound,Readville,1785633900,1785633897,1785633900,,SCHEDULED,SCHEDULED,False
,MBTA|20260801|5081|NorthBase-825511-5081,MBTA,1785632400,NorthBase-825511-5081,5081,Newburyport/Rockport Line,Outbound,North Station,1785632400,1785632400,1785632400,1785632400,SCHEDULED,SCHEDULED,True
1785633120,MBTA|20260801|5081|NorthBase-825511-5081,MBTA,1785632400,NorthBase-825511-5081,5081,Newburyport/Rockport Line,Outbound,Chelsea,1785633060,1785633083,1785633060,1785633083,SCHEDULED,SCHEDULED,False
1785633780,MBTA|20260801|5081|NorthBase-825511-5081,MBTA,1785632400,NorthBase-825511-5081,5081,Newburyport/Rockport Line,Outbound,Lynn Interim,1785633720,1785633736,1785633720,1785633736,SCHEDULED,SCHEDULED,False
1785634020,MBTA|20260801|5081|NorthBase-825511-5081,MBTA,1785632400,NorthBase-825511-5081,5081,Newburyport/Rockport Line,Outbound,Swampscott,1785633960,1785633982,1785633960,1785633982,SCHEDULED,SCHEDULED,False
1785634440,MBTA|20260801|5081|NorthBase-825511-5081,MBTA,1785632400,NorthBase-825511-5081,5081,Newburyport/Rockport Line,Outbound,Salem,1785634320,1785634385,1785634320,1785634385,SCHEDULED,SCHEDULED,False
1785634950,MBTA|20260801|5081|NorthBase-825511-5081,MBTA,1785632400,NorthBase-825511-5081,5081,Newburyport/Rockport Line,Outbound,Beverly,1785634560,1785634912,1785634560,1785634912,SCHEDULED,SCHEDULED,False
1785635190,MBTA|20260801|5081|NorthBase-825511-5081,MBTA,1785632400,NorthBase-825511-5081,5081,Newburyport/Rockport Line,Outbound,Montserrat,1785634800,1785635160,1785634800,1785635160,SCHEDULED,SCHEDULED,False
1785635430,MBTA|20260801|5081|NorthBase-825511-5081,MBTA,1785632400,NorthBase-825511-5081,5081,Newburyport/Rockport Line,Outbound,Beverly Farms,1785635100,1785635415,1785635100,1785635415,SCHEDULED,SCHEDULED,False
1785635760,MBTA|20260801|5081|NorthBase-825511-5081,MBTA,1785632400,NorthBase-825511-5081,5081,Newburyport/Rockport Line,Outbound,Manchester,1785635460,1785635718,1785635460,1785635718,SCHEDULED,SCHEDULED,False
1785636120,MBTA|20260801|5081|NorthBase-825511-5081,MBTA,1785632400,NorthBase-825511-5081,5081,Newburyport/Rockport Line,Outbound,West Gloucester,1785635820,1785636090,1785635820,1785636090,SCHEDULED,SCHEDULED,False
1785636480,MBTA|20260801|5081|NorthBase-825511-5081,MBTA,1785632400,NorthBase-825511-5081,5081,Newburyport/Rockport Line,Outbound,Gloucester,1785636180,1785636400,1785636180,1785636400,SCHEDULED,SCHEDULED,False
1785636930,MBTA|20260801|5081|NorthBase-825511-5081,MBTA,1785632400,NorthBase-825511-5081,5081,Newburyport/Rockport Line,Outbound,Rockport,1785636900,1785636937,1785636900,,SCHEDULED,SCHEDULED,False
1785632490,MBTA|20260801|5383|NorthBase-825562-5383,MBTA,1785632400,NorthBase-825562-5383,5383,Lowell Line,Outbound,North Station,1785632400,,1785632400,1785632467,SCHEDULED,SCHEDULED,False
1785633120,MBTA|20260801|5383|NorthBase-825562-5383,MBTA,1785632400,NorthBase-825562-5383,5383,Lowell Line,Outbound,West Medford,1785633060,1785633086,1785633060,1785633086,SCHEDULED,SCHEDULED,False
1785633360,MBTA|20260801|5383|NorthBase-825562-5383,MBTA,1785632400,NorthBase-825562-5383,5383,Lowell Line,Outbound,Wedgemere,1785633240,1785633325,1785633240,1785633325,SCHEDULED,SCHEDULED,False
1785633480,MBTA|20260801|5383|NorthBase-825562-5383,MBTA,1785632400,NorthBase-825562-5383,5383,Lowell Line,Outbound,Winchester Center,1785633360,1785633449,1785633360,1785633449,SCHEDULED,SCHEDULED,False
1785633870,MBTA|20260801|5383|NorthBase-825562-5383,MBTA,1785632400,NorthBase-825562-5383,5383,Lowell Line,Outbound,Anderson/Woburn,1785633780,1785633830,1785633780,1785633830,SCHEDULED,SCHEDULED,False
1785634140,MBTA|20260801|5383|NorthBase-825562-5383,MBTA,1785632400,NorthBase-825562-5383,5383,Lowell Line,Outbound,Wilmington,1785633960,1785634114,1785633960,1785634114,SCHEDULED,SCHEDULED,False
1785634530,MBTA|20260801|5383|NorthBase-825562-5383,MBTA,1785632400,NorthBase-825562-5383,5383,Lowell Line,Outbound,North Billerica,1785634500,1785634514,1785634500,1785634564,SCHEDULED,SCHEDULED,False
1785635280,MBTA|20260801|5383|NorthBase-825562-5383,MBTA,1785632400,NorthBase-825562-5383,5383,Lowell Line,Outbound,Lowell,1785635220,1785635169,1785635220,,SCHEDULED,SCHEDULED,False
,MBTA|20260801|5581|SouthBase-824335-5581,MBTA,1785632400,SouthBase-824335-5581,5581,Framingham/Worcester Line,Outbound,South Station,1785632400,1785632400,1785632400,1785632400,SCHEDULED,SCHEDULED,True
1785633000,MBTA|20260801|5581|SouthBase-824335-5581,MBTA,1785632400,SouthBase-824335-5581,5581,Framingham/Worcester Line,Outbound,Back Bay,1785632820,1785632889,1785632820,1785632889,SCHEDULED,SCHEDULED,False
1785633330,MBTA|20260801|5581|SouthBase-824335-5581,MBTA,1785632400,SouthBase-824335-5581,5581,Framingham/Worcester Line,Outbound,Lansdowne,1785633060,1785633310,1785633060,1785633310,SCHEDULED,SCHEDULED,False
1785633630,MBTA|20260801|5581|SouthBase-824335-5581,MBTA,1785632400,SouthBase-824335-5581,5581,Framingham/Worcester Line,Outbound,Boston Landing,1785633360,1785633611,1785633360,1785633611,SCHEDULED,SCHEDULED,False
1785633990,MBTA|20260801|5581|SouthBase-824335-5581,MBTA,1785632400,SouthBase-824335-5581,5581,Framingham/Worcester Line,Outbound,Newtonville,1785633720,1785633971,1785633720,1785633971,SCHEDULED,SCHEDULED,False
1785634200,MBTA|20260801|5581|SouthBase-824335-5581,MBTA,1785632400,SouthBase-824335-5581,5581,Framingham/Worcester Line,Outbound,West Newton,1785633900,1785634181,1785633900,1785634181,SCHEDULED,SCHEDULED,False
1785634500,MBTA|20260801|5581|SouthBase-824335-5581,MBTA,1785632400,SouthBase-824335-5581,5581,Framingham/Worcester Line,Outbound,Auburndale,1785634080,1785634480,1785634080,1785634480,SCHEDULED,SCHEDULED,False
1785634770,MBTA|20260801|5581|SouthBase-824335-5581,MBTA,1785632400,SouthBase-824335-5581,5581,Framingham/Worcester Line,Outbound,Wellesley Farms,1785634320,1785634751,1785634320,1785634751,SCHEDULED,SCHEDULED,False
1785635010,MBTA|20260801|5581|SouthBase-824335-5581,MBTA,1785632400,SouthBase-824335-5581,5581,Framingham/Worcester Line,Outbound,Wellesley Hills,1785634500,1785634991,1785634500,1785634991,SCHEDULED,SCHEDULED,False
1785635250,MBTA|20260801|5581|SouthBase-824335-5581,MBTA,1785632400,SouthBase-824335-5581,5581,Framingham/Worcester Line,Outbound,Wellesley Square,1785634740,1785635225,1785634740,1785635225,SCHEDULED,SCHEDULED,False
1785635550,MBTA|20260801|5581|SouthBase-824335-5581,MBTA,1785632400,SouthBase-824335-5581,5581,Framingham/Worcester Line,Outbound,Natick Center,1785635040,1785635526,1785635040,1785635526,SCHEDULED,SCHEDULED,False
1785635850,MBTA|20260801|5581|SouthBase-824335-5581,MBTA,1785632400,SouthBase-824335-5581,5581,Framingham/Worcester Line,Outbound,West Natick,1785635340,1785635766,1785635340,1785635766,SCHEDULED,SCHEDULED,False
1785636150,MBTA|20260801|5581|SouthBase-824335-5581,MBTA,1785632400,SouthBase-824335-5581,5581,Framingham/Worcester Line,Outbound,Framingham,1785635580,1785636130,1785635580,1785636130,SCHEDULED,SCHEDULED,False
1785636540,MBTA|20260801|5581|SouthBase-824335-5581,MBTA,1785632400,SouthBase-824335-5581,5581,Framingham/Worcester Line,Outbound,Ashland,1785635940,1785636521,1785635940,1785636521,SCHEDULED,SCHEDULED,False
1785636810,MBTA|20260801|5581|SouthBase-824335-5581,MBTA,1785632400,SouthBase-824335-5581,5581,Framingham/Worcester Line,Outbound,Southborough,1785636180,1785636788,1785636180,1785636788,SCHEDULED,SCHEDULED,False
1785637320,MBTA|20260801|5581|SouthBase-824335-5581,MBTA,1785632400,SouthBase-824335-5581,5581,Framingham/Worcester Line,Outbound,Westborough,1785636720,1785637301,1785636720,1785637301,SCHEDULED,SCHEDULED,False
1785637680,MBTA|20260801|5581|SouthBase-824335-5581,MBTA,1785632400,SouthBase-824335-5581,5581,Framingham/Worcester Line,Outbound,Grafton,1785637020,1785637646,1785637020,1785637646,SCHEDULED,SCHEDULED,False
1785639360,MBTA|20260801|5581|SouthBase-824335-5581,MBTA,1785632400,SouthBase-824335-5581,5581,Framingham/Worcester Line,Outbound,Worcester,1785637980,1785639359,1785637980,,SCHEDULED,SCHEDULED,False
1785632550,MBTA|20260801|6944|SouthBase-793168-6944,MBTA,1785632520,SouthBase-793168-6944,6944,Fall River/New Bedford Line,Inbound,Fall River Depot,1785632520,,1785632520,1785632533,SCHEDULED,SCHEDULED,False
1785633060,MBTA|20260801|6944|SouthBase-793168-6944,MBTA,1785632520,SouthBase-793168-6944,6944,Fall River/New Bedford Line,Inbound,Freetown,1785632940,1785633031,1785632940,1785633031,SCHEDULED,SCHEDULED,False
1785633930,MBTA|20260801|6944|SouthBase-793168-6944,MBTA,1785632520,SouthBase-793168-6944,6944,Fall River/New Bedford Line,Inbound,East Taunton,1785633720,1785633892,1785633720,1785633892,SCHEDULED,SCHEDULED,False
1785634560,MBTA|20260801|6944|SouthBase-793168-6944,MBTA,1785632520,SouthBase-793168-6944,6944,Fall River/New Bedford Line,Inbound,Middleborough,1785634380,1785634543,1785634380,1785634543,SCHEDULED,SCHEDULED,False
1785636150,MBTA|20260801|6944|SouthBase-793168-6944,MBTA,1785632520,SouthBase-793168-6944,6944,Fall River/New Bedford Line,Inbound,Bridgewater,1785634980,1785636124,1785634980,1785636124,SCHEDULED,SCHEDULED,False
1785636660,MBTA|20260801|6944|SouthBase-793168-6944,MBTA,1785632520,SouthBase-793168-6944,6944,Fall River/New Bedford Line,Inbound,Campello,1785635460,1785636620,1785635460,1785636620,SCHEDULED,SCHEDULED,False
1785636780,MBTA|20260801|6944|SouthBase-793168-6944,MBTA,1785632520,SouthBase-793168-6944,6944,Fall River/New Bedford Line,Inbound,Brockton,1785635700,1785636744,1785635700,1785636794,SCHEDULED,SCHEDULED,False
1785637050,MBTA|20260801|6944|SouthBase-793168-6944,MBTA,1785632520,SouthBase-793168-6944,6944,Fall River/New Bedford Line,Inbound,Montello,1785635880,1785637023,1785635880,1785637023,SCHEDULED,SCHEDULED,False
1785637290,MBTA|20260801|6944|SouthBase-793168-6944,MBTA,1785632520,SouthBase-793168-6944,6944,Fall River/New Bedford Line,Inbound,Holbrook/Randolph,1785636180,1785637308,1785636180,1785637308,SCHEDULED,SCHEDULED,False
1785637650,MBTA|20260801|6944|SouthBase-793168-6944,MBTA,1785632520,SouthBase-793168-6944,6944,Fall River/New Bedford Line,Inbound,Braintree,1785636660,1785637634,1785636660,1785637634,SCHEDULED,SCHEDULED,False
1785638190,MBTA|20260801|6944|SouthBase-793168-6944,MBTA,1785632520,SouthBase-793168-6944,6944,Fall River/New Bedford Line,Inbound,Quincy Center,1785637020,1785638067,1785637020,1785638067,SCHEDULED,SCHEDULED,False
1785639060,MBTA|20260801|6944|SouthBase-793168-6944,MBTA,1785632520,SouthBase-793168-6944,6944,Fall River/New Bedford Line,Inbound,South Station,1785638160,1785639064,1785638160,,SCHEDULED,SCHEDULED,False
,MBTA|20260801|5182|NorthBase-825529-5182,MBTA,1785632820,NorthBase-825529-5182,5182,Newburyport/Rockport Line,Inbound,Newburyport,1785632820,1785632820,1785632820,1785632820,SCHEDULED,SCHEDULED,True
1785633270,MBTA|20260801|5182|NorthBase-825529-5182,MBTA,1785632820,NorthBase-825529-5182,5182,Newburyport/Rockport Line,Inbound,Rowley,1785633240,1785633280,1785633240,1785633280,SCHEDULED,SCHEDULED,False
1785633690,MBTA|20260801|5182|NorthBase-825529-5182,MBTA,1785632820,NorthBase-825529-5182,5182,Newburyport/Rockport Line,Inbound,Ipswich,1785633600,1785633671,1785633600,1785633671,SCHEDULED,SCHEDULED,False
1785634080,MBTA|20260801|5182|NorthBase-825529-5182,MBTA,1785632820,NorthBase-825529-5182,5182,Newburyport/Rockport Line,Inbound,Hamilton/Wenham,1785633960,1785634061,1785633960,1785634061,SCHEDULED,SCHEDULED,False
1785634380,MBTA|20260801|5182|NorthBase-825529-5182,MBTA,1785632820,NorthBase-825529-5182,5182,Newburyport/Rockport Line,Inbound,North Beverly,1785634200,1785634360,1785634200,1785634360,SCHEDULED,SCHEDULED,False
1785634740,MBTA|20260801|5182|NorthBase-825529-5182,MBTA,1785632820,NorthBase-825529-5182,5182,Newburyport/Rockport Line,Inbound,Beverly,1785634560,1785634720,1785634560,1785634720,SCHEDULED,SCHEDULED,False
1785635070,MBTA|20260801|5182|NorthBase-825529-5182,MBTA,1785632820,NorthBase-825529-5182,5182,Newburyport/Rockport Line,Inbound,Salem,1785634800,1785634987,1785634800,1785634987,SCHEDULED,SCHEDULED,False
1785635400,MBTA|20260801|5182|NorthBase-825529-5182,MBTA,1785632820,NorthBase-825529-5182,5182,Newburyport/Rockport Line,Inbound,Swampscott,1785635220,1785635342,1785635220,1785635342,SCHEDULED,SCHEDULED,False
1785635610,MBTA|20260801|5182|NorthBase-825529-5182,MBTA,1785632820,NorthBase-825529-5182,5182,Newburyport/Rockport Line,Inbound,Lynn Interim,1785635400,1785635590,1785635400,1785635590,SCHEDULED,SCHEDULED,False
1785636210,MBTA|20260801|5182|NorthBase-825529-5182,MBTA,1785632820,NorthBase-825529-5182,5182,Newburyport/Rockport Line,Inbound,Chelsea,1785636000,1785636195,1785636000,1785636245,SCHEDULED,SCHEDULED,False
1785636780,MBTA|20260801|5182|NorthBase-825529-5182,MBTA,1785632820,NorthBase-825529-5182,5182,Newburyport/Rockport Line,Inbound,North Station,1785636960,1785636801,1785636960,,SCHEDULED,SCHEDULED,False
,MBTA|20260801|5584|SouthBase-825448-5584,MBTA,1785633000,SouthBase-825448-5584,5584,Framingham/Worcester Line,Inbound,Worcester,1785633000,1785633000,1785633000,1785633000,SCHEDULED,SCHEDULED,True
1785633750,MBTA|20260801|5584|SouthBase-825448-5584,MBTA,1785633000,SouthBase-825448-5584,5584,Framingham/Worcester Line,Inbound,Grafton,1785633720,1785633720,1785633720,1785633720,SCHEDULED,SCHEDULED,False
1785634050,MBTA|20260801|5584|SouthBase-825448-5584,MBTA,1785633000,SouthBase-825448-5584,5584,Framingham/Worcester Line,Inbound,Westborough,1785633960,1785634008,1785633960,1785634008,SCHEDULED,SCHEDULED,False
1785634530,MBTA|20260801|5584|SouthBase-825448-5584,MBTA,1785633000,SouthBase-825448-5584,5584,Framingham/Worcester Line,Inbound,Southborough,1785634500,1785634504,1785634500,1785634504,SCHEDULED,SCHEDULED,False
1785634800,MBTA|20260801|5584|SouthBase-825448-5584,MBTA,1785633000,SouthBase-825448-5584,5584,Framingham/Worcester Line,Inbound,Ashland,1785634740,1785634755,1785634740,1785634755,SCHEDULED,SCHEDULED,False
1785635340,MBTA|20260801|5584|SouthBase-825448-5584,MBTA,1785633000,SouthBase-825448-5584,5584,Framingham/Worcester Line,Inbound,Framingham,1785635280,1785635310,1785635280,1785635310,SCHEDULED,SCHEDULED,False
1785635670,MBTA|20260801|5584|SouthBase-825448-5584,MBTA,1785633000,SouthBase-825448-5584,5584,Framingham/Worcester Line,Inbound,West Natick,1785635640,1785635648,1785635640,1785635648,SCHEDULED,SCHEDULED,False
1785636000,MBTA|20260801|5584|SouthBase-825448-5584,MBTA,1785633000,SouthBase-825448-5584,5584,Framingham/Worcester Line,Inbound,Natick Center,1785635940,1785635961,1785635940,1785635961,SCHEDULED,SCHEDULED,False
1785636270,MBTA|20260801|5584|SouthBase-825448-5584,MBTA,1785633000,SouthBase-825448-5584,5584,Framingham/Worcester Line,Inbound,Wellesley Square,1785636240,1785636240,1785636240,1785636240,SCHEDULED,SCHEDULED,False
1785636420,MBTA|20260801|5584|SouthBase-825448-5584,MBTA,1785633000,SouthBase-825448-5584,5584,Framingham/Worcester Line,Inbound,Wellesley Hills,1785636420,1785636366,1785636420,1785636401,SCHEDULED,SCHEDULED,False
1785636600,MBTA|20260801|5584|SouthBase-825448-5584,MBTA,1785633000,SouthBase-825448-5584,5584,Framingham/Worcester Line,Inbound,Wellesley Farms,1785636540,1785636571,1785636540,1785636571,SCHEDULED,SCHEDULED,False
1785636840,MBTA|20260801|5584|SouthBase-825448-5584,MBTA,1785633000,SouthBase-825448-5584,5584,Framingham/Worcester Line,Inbound,Auburndale,1785636780,1785636797,1785636780,1785636797,SCHEDULED,SCHEDULED,False
1785636990,MBTA|20260801|5584|SouthBase-825448-5584,MBTA,1785633000,SouthBase-825448-5584,5584,Framingham/Worcester Line,Inbound,West Newton,1785636960,1785636968,1785636960,1785636968,SCHEDULED,SCHEDULED,False
1785637170,MBTA|20260801|5584|SouthBase-825448-5584,MBTA,1785633000,SouthBase-825448-5584,5584,Framingham/Worcester Line,Inbound,Newtonville,1785637140,1785637147,1785637140,1785637147,SCHEDULED,SCHEDULED,False
1785637440,MBTA|20260801|5584|SouthBase-825448-5584,MBTA,1785633000,SouthBase-825448-5584,5584,Framingham/Worcester Line,Inbound,Boston Landing,1785637440,1785637372,1785637440,1785637406,SCHEDULED,SCHEDULED,False
1785637860,MBTA|20260801|5584|SouthBase-825448-5584,MBTA,1785633000,SouthBase-825448-5584,5584,Framingham/Worcester Line,Inbound,Lansdowne,1785637740,1785637820,1785637740,1785637820,SCHEDULED,SCHEDULED,False
1785638220,MBTA|20260801|5584|SouthBase-825448-5584,MBTA,1785633000,SouthBase-825448-5584,5584,Framingham/Worcester Line,Inbound,Back Bay,1785638220,1785637976,1785638220,1785637976,SCHEDULED,SCHEDULED,False
1785638310,MBTA|20260801|5584|SouthBase-825448-5584,MBTA,1785633000,SouthBase-825448-5584,5584,Framingham/Worcester Line,Inbound,South Station,1785638580,1785638339,1785638580,,SCHEDULED,SCHEDULED,False
1785634020,MBTA|20260801|5884|SouthBase-793103-5884,MBTA,1785633900,SouthBase-793103-5884,5884,Providence/Stoughton Line,Inbound,Providence,1785633900,,1785633900,1785633986,SCHEDULED,SCHEDULED,False
1785634530,MBTA|20260801|5884|SouthBase-793103-5884,MBTA,1785633900,SouthBase-793103-5884,5884,Providence/Stoughton Line,Inbound,Pawtucket/Central Falls,1785634260,1785634504,1785634260,1785634504,SCHEDULED,SCHEDULED,False
1785635250,MBTA|20260801|5884|SouthBase-793103-5884,MBTA,1785633900,SouthBase-793103-5884,5884,Providence/Stoughton Line,Inbound,Attleboro,1785634980,1785635220,1785634980,1785635270,SCHEDULED,SCHEDULED,False
1785635910,MBTA|20260801|5884|SouthBase-793103-5884,MBTA,1785633900,SouthBase-793103-5884,5884,Providence/Stoughton Line,Inbound,Mansfield,1785635580,1785635867,1785635580,1785635867,SCHEDULED,SCHEDULED,False
1785636330,MBTA|20260801|5884|SouthBase-793103-5884,MBTA,1785633900,SouthBase-793103-5884,5884,Providence/Stoughton Line,Inbound,Sharon,1785636120,1785636302,1785636120,1785636302,SCHEDULED,SCHEDULED,False
1785636540,MBTA|20260801|5884|SouthBase-793103-5884,MBTA,1785633900,SouthBase-793103-5884,5884,Providence/Stoughton Line,Inbound,Canton Junction,1785636420,1785636555,1785636420,1785636555,SCHEDULED,SCHEDULED,False
1785636930,MBTA|20260801|5884|SouthBase-793103-5884,MBTA,1785633900,SouthBase-793103-5884,5884,Providence/Stoughton Line,Inbound,Route 128,1785636780,1785636891,1785636780,1785636891,SCHEDULED,SCHEDULED,False
1785637170,MBTA|20260801|5884|SouthBase-793103-5884,MBTA,1785633900,SouthBase-793103-5884,5884,Providence/Stoughton Line,Inbound,Readville,1785637020,1785637139,1785637020,1785637139,SCHEDULED,SCHEDULED,False
1785637410,MBTA|20260801|5884|SouthBase-793103-5884,MBTA,1785633900,SouthBase-793103-5884,5884,Providence/Stoughton Line,Inbound,Hyde Park,1785637200,1785637356,1785637200,1785637356,SCHEDULED,SCHEDULED,False
1785637860,MBTA|20260801|5884|SouthBase-793103-5884,MBTA,1785633900,SouthBase-793103-5884,5884,Providence/Stoughton Line,Inbound,Ruggles,1785637860,1785637694,1785637860,1785637694,SCHEDULED,SCHEDULED,False
1785638100,MBTA|20260801|5884|SouthBase-793103-5884,MBTA,1785633900,SouthBase-793103-5884,5884,Providence/Stoughton Line,Inbound,Back Bay,1785638100,1785637920,1785638100,1785637920,SCHEDULED,SCHEDULED,False
1785638430,MBTA|20260801|5884|SouthBase-793103-5884,MBTA,1785633900,SouthBase-793103-5884,5884,Providence/Stoughton Line,Inbound,South Station,1785638400,1785638317,1785638400,,SCHEDULED,SCHEDULED,False
1785634770,MBTA|20260801|5784|SouthBase-830447-5784,MBTA,1785634020,SouthBase-830447-5784,5784,Franklin/Foxboro Line,Inbound,Forge Park/495,1785634020,,1785634020,1785634736,SCHEDULED,SCHEDULED,False
1785635190,MBTA|20260801|5784|SouthBase-830447-5784,MBTA,1785634020,SouthBase-830447-5784,5784,Franklin/Foxboro Line,Inbound,Franklin,1785634440,1785635162,1785634440,1785635162,SCHEDULED,SCHEDULED,False
1785635790,MBTA|20260801|5784|SouthBase-830447-5784,MBTA,1785634020,SouthBase-830447-5784,5784,Franklin/Foxboro Line,Inbound,Norfolk,1785634860,1785635745,1785634860,1785635745,SCHEDULED,SCHEDULED,False
1785636060,MBTA|20260801|5784|SouthBase-830447-5784,MBTA,1785634020,SouthBase-830447-5784,5784,Franklin/Foxboro Line,Inbound,Walpole,1785635280,1785636058,1785635280,1785636058,SCHEDULED,SCHEDULED,False
1785636360,MBTA|20260801|5784|SouthBase-830447-5784,MBTA,1785634020,SouthBase-830447-5784,5784,Franklin/Foxboro Line,Inbound,Windsor Gardens,1785635460,1785636338,1785635460,1785636338,SCHEDULED,SCHEDULED,False
1785636630,MBTA|20260801|5784|SouthBase-830447-5784,MBTA,1785634020,SouthBase-830447-5784,5784,Franklin/Foxboro Line,Inbound,Norwood Central,1785635700,1785636582,1785635700,1785636582,SCHEDULED,SCHEDULED,False
1785636750,MBTA|20260801|5784|SouthBase-830447-5784,MBTA,1785634020,SouthBase-830447-5784,5784,Franklin/Foxboro Line,Inbound,Norwood Depot,1785635820,1785636706,1785635820,1785636706,SCHEDULED,SCHEDULED,False
1785636930,MBTA|20260801|5784|SouthBase-830447-5784,MBTA,1785634020,SouthBase-830447-5784,5784,Franklin/Foxboro Line,Inbound,Islington,1785636000,1785636904,1785636000,1785636904,SCHEDULED,SCHEDULED,False
1785637140,MBTA|20260801|5784|SouthBase-830447-5784,MBTA,1785634020,SouthBase-830447-5784,5784,Franklin/Foxboro Line,Inbound,Dedham Corporate Center,1785636120,1785637109,1785636120,1785637109,SCHEDULED,SCHEDULED,False
1785637320,MBTA|20260801|5784|SouthBase-830447-5784,MBTA,1785634020,SouthBase-830447-5784,5784,Franklin/Foxboro Line,Inbound,Endicott,1785636300,1785637295,1785636300,1785637295,SCHEDULED,SCHEDULED,False
1785637530,MBTA|20260801|5784|SouthBase-830447-5784,MBTA,1785634020,SouthBase-830447-5784,5784,Franklin/Foxboro Line,Inbound,Readville,1785636600,1785637495,1785636600,1785637495,SCHEDULED,SCHEDULED,False
1785637710,MBTA|20260801|5784|SouthBase-830447-5784,MBTA,1785634020,SouthBase-830447-5784,5784,Franklin/Foxboro Line,Inbound,Fairmount,1785636780,1785637709,1785636780,1785637709,SCHEDULED,SCHEDULED,False
1785637950,MBTA|20260801|5784|SouthBase-830447-5784,MBTA,1785634020,SouthBase-830447-5784,5784,Franklin/Foxboro Line,Inbound,Blue Hill Avenue,1785636960,1785637919,1785636960,1785637919,SCHEDULED,SCHEDULED,False
1785638100,MBTA|20260801|5784|SouthBase-830447-5784,MBTA,1785634020,SouthBase-830447-5784,5784,Franklin/Foxboro Line,Inbound,Morton Street,1785637080,1785638070,1785637080,1785638070,SCHEDULED,SCHEDULED,False
1785638190,MBTA|20260801|5784|SouthBase-830447-5784,MBTA,1785634020,SouthBase-830447-5784,5784,Franklin/Foxboro Line,Inbound,Talbot Avenue,1785637260,1785638174,1785637260,1785638224,SCHEDULED,SCHEDULED,False
1785638490,MBTA|20260801|5784|SouthBase-830447-5784,MBTA,1785634020,SouthBase-830447-5784,5784,Franklin/Foxboro Line,Inbound,Four Corners/Geneva,1785637440,1785638442,1785637440,1785638442,SCHEDULED,SCHEDULED,False
1785638580,MBTA|20260801|5784|SouthBase-830447-5784,MBTA,1785634020,SouthBase-830447-5784,5784,Franklin/Foxboro Line,Inbound,Uphams Corner,1785637620,1785638541,1785637620,1785638591,SCHEDULED,SCHEDULED,False
1785638670,MBTA|20260801|5784|SouthBase-830447-5784,MBTA,1785634020,SouthBase-830447-5784,5784,Franklin/Foxboro Line,Inbound,Newmarket,1785637740,1785638669,1785637740,1785638719,SCHEDULED,SCHEDULED,False
1785639210,MBTA|20260801|5784|SouthBase-830447-5784,MBTA,1785634020,SouthBase-830447-5784,5784,Franklin/Foxboro Line,Inbound,South Station,1785638400,1785639231,1785638400,,SCHEDULED,SCHEDULED,False
,MBTA|20260801|6043|SouthBase-793122-6043,MBTA,1785634200,SouthBase-793122-6043,6043,Kingston Line,Outbound,South Station,1785634200,1785634200,1785634200,1785634200,SCHEDULED,SCHEDULED,True
1785635160,MBTA|20260801|6043|SouthBase-793122-6043,MBTA,1785634200,SouthBase-793122-6043,6043,Kingston Line,Outbound,Quincy Center,1785635100,1785635131,1785635100,1785635131,SCHEDULED,SCHEDULED,False
1785635520,MBTA|20260801|6043|SouthBase-793122-6043,MBTA,1785634200,SouthBase-793122-6043,6043,Kingston Line,Outbound,Braintree,1785635460,1785635472,1785635460,1785635472,SCHEDULED,SCHEDULED,False
1785635940,MBTA|20260801|6043|SouthBase-793122-6043,MBTA,1785634200,SouthBase-793122-6043,6043,Kingston Line,Outbound,South Weymouth,1785635880,1785635906,1785635880,1785635906,SCHEDULED,SCHEDULED,False
1785636270,MBTA|20260801|6043|SouthBase-793122-6043,MBTA,1785634200,SouthBase-793122-6043,6043,Kingston Line,Outbound,Abington,1785636180,1785636216,1785636180,1785636216,SCHEDULED,SCHEDULED,False
1785636450,MBTA|20260801|6043|SouthBase-793122-6043,MBTA,1785634200,SouthBase-793122-6043,6043,Kingston Line,Outbound,Whitman,1785636360,1785636402,1785636360,1785636402,SCHEDULED,SCHEDULED,False
1785636750,MBTA|20260801|6043|SouthBase-793122-6043,MBTA,1785634200,SouthBase-793122-6043,6043,Kingston Line,Outbound,Hanson,1785636660,1785636711,1785636660,1785636711,SCHEDULED,SCHEDULED,False
1785637020,MBTA|20260801|6043|SouthBase-793122-6043,MBTA,1785634200,SouthBase-793122-6043,6043,Kingston Line,Outbound,Halifax,1785636960,1785636998,1785636960,1785636998,SCHEDULED,SCHEDULED,False
1785637740,MBTA|20260801|6043|SouthBase-793122-6043,MBTA,1785634200,SouthBase-793122-6043,6043,Kingston Line,Outbound,Kingston,1785637740,1785637484,1785637740,,SCHEDULED,SCHEDULED,False
,MBTA|20260801|6698|SouthBase-830424-6698,MBTA,1785634800,SouthBase-830424-6698,6698,Fairmount Line,Inbound,Readville,1785634800,1785634800,1785634800,1785634800,SCHEDULED,SCHEDULED,True
1785635070,MBTA|20260801|6698|SouthBase-830424-6698,MBTA,1785634800,SouthBase-830424-6698,6698,Fairmount Line,Inbound,Fairmount,1785634980,1785635038,1785634980,1785635038,SCHEDULED,SCHEDULED,False
1785635250,MBTA|20260801|6698|SouthBase-830424-6698,MBTA,1785634800,SouthBase-830424-6698,6698,Fairmount Line,Inbound,Blue Hill Avenue,1785635160,1785635214,1785635160,1785635214,SCHEDULED,SCHEDULED,False
1785635400,MBTA|20260801|6698|SouthBase-830424-6698,MBTA,1785634800,SouthBase-830424-6698,6698,Fairmount Line,Inbound,Morton Street,1785635280,1785635361,1785635280,1785635361,SCHEDULED,SCHEDULED,False
1785635490,MBTA|20260801|6698|SouthBase-830424-6698,MBTA,1785634800,SouthBase-830424-6698,6698,Fairmount Line,Inbound,Talbot Avenue,1785635460,1785635453,1785635460,1785635503,SCHEDULED,SCHEDULED,False
1785635670,MBTA|20260801|6698|SouthBase-830424-6698,MBTA,1785634800,SouthBase-830424-6698,6698,Fairmount Line,Inbound,Four Corners/Geneva,1785635640,1785635637,1785635640,1785635687,SCHEDULED,SCHEDULED,False
1785635880,MBTA|20260801|6698|SouthBase-830424-6698,MBTA,1785634800,SouthBase-830424-6698,6698,Fairmount Line,Inbound,Uphams Corner,1785635820,1785635844,1785635820,1785635844,SCHEDULED,SCHEDULED,False
1785635940,MBTA|20260801|6698|SouthBase-830424-6698,MBTA,1785634800,SouthBase-830424-6698,6698,Fairmount Line,Inbound,Newmarket,1785635940,1785635926,1785635940,1785635976,SCHEDULED,SCHEDULED,False
1785636480,MBTA|20260801|6698|SouthBase-830424-6698,MBTA,1785634800,SouthBase-830424-6698,6698,Fairmount Line,Inbound,South Station,1785636600,1785636478,1785636600,,SCHEDULED,SCHEDULED,False
,MBTA|20260801|5284|NorthBase-825545-5284,MBTA,1785635400,NorthBase-825545-5284,5284,Haverhill Line,Inbound,Haverhill,1785635400,1785635400,1785635400,1785635400,SCHEDULED,SCHEDULED,True
,MBTA|20260801|5284|NorthBase-825545-5284,MBTA,1785635400,NorthBase-825545-5284,5284,Haverhill Line,Inbound,Bradford,1785635520,1785635520,1785635520,1785635520,SCHEDULED,SCHEDULED,True
1785636360,MBTA|20260801|5284|NorthBase-825545-5284,MBTA,1785635400,NorthBase-825545-5284,5284,Haverhill Line,Inbound,Lawrence,1785635940,1785636340,1785635940,1785636340,SCHEDULED,SCHEDULED,False
1785636750,MBTA|20260801|5284|NorthBase-825545-5284,MBTA,1785635400,NorthBase-825545-5284,5284,Haverhill Line,Inbound,Andover,1785636360,1785636704,1785636360,1785636704,SCHEDULED,SCHEDULED,False
1785636960,MBTA|20260801|5284|NorthBase-825545-5284,MBTA,1785635400,NorthBase-825545-5284,5284,Haverhill Line,Inbound,Ballardvale,1785636660,1785636941,1785636660,1785636941,SCHEDULED,SCHEDULED,False
1785637290,MBTA|20260801|5284|NorthBase-825545-5284,MBTA,1785635400,NorthBase-825545-5284,5284,Haverhill Line,Inbound,North Wilmington,1785637080,1785637278,1785637080,1785637278,SCHEDULED,SCHEDULED,False
1785637680,MBTA|20260801|5284|NorthBase-825545-5284,MBTA,1785635400,NorthBase-825545-5284,5284,Haverhill Line,Inbound,Reading,1785637500,1785637640,1785637500,1785637640,SCHEDULED,SCHEDULED,False
1785637950,MBTA|20260801|5284|NorthBase-825545-5284,MBTA,1785635400,NorthBase-825545-5284,5284,Haverhill Line,Inbound,Wakefield,1785637860,1785637913,1785637860,1785637913,SCHEDULED,SCHEDULED,False
1785638160,MBTA|20260801|5284|NorthBase-825545-5284,MBTA,1785635400,NorthBase-825545-5284,5284,Haverhill Line,Inbound,Greenwood,1785638040,1785638131,1785638040,1785638131,SCHEDULED,SCHEDULED,False
1785638310,MBTA|20260801|5284|NorthBase-825545-5284,MBTA,1785635400,NorthBase-825545-5284,5284,Haverhill Line,Inbound,Melrose Highlands,1785638160,1785638259,1785638160,1785638259,SCHEDULED,SCHEDULED,False
1785638370,MBTA|20260801|5284|NorthBase-825545-5284,MBTA,1785635400,NorthBase-825545-5284,5284,Haverhill Line,Inbound,Melrose/Cedar Park,1785638280,1785638378,1785638280,1785638378,SCHEDULED,SCHEDULED,False
1785638490,MBTA|20260801|5284|NorthBase-825545-5284,MBTA,1785635400,NorthBase-825545-5284,5284,Haverhill Line,Inbound,Wyoming Hill,1785638400,1785638474,1785638400,1785638474,SCHEDULED,SCHEDULED,False
1785638610,MBTA|20260801|5284|NorthBase-825545-5284,MBTA,1785635400,NorthBase-825545-5284,5284,Haverhill Line,Inbound,Oak Grove,1785638520,1785638611,1785638520,1785638611,SCHEDULED,SCHEDULED,False
1785638790,MBTA|20260801|5284|NorthBase-825545-5284,MBTA,1785635400,NorthBase-825545-5284,5284,Haverhill Line,Inbound,Malden Center,1785638700,1785638688,1785638700,1785638688,SCHEDULED,SCHEDULED,False
1785639600,MBTA|20260801|5284|NorthBase-825545-5284,MBTA,1785635400,NorthBase-825545-5284,5284,Haverhill Line,Inbound,North Station,1785639600,1785639396,1785639600,,SCHEDULED,SCHEDULED,False
1785635700,MBTA|20260801|7046|SouthBase-793183-7046,MBTA,1785635640,SouthBase-793183-7046,7046,Fall River/New Bedford Line,Inbound,New Bedford,1785635640,,1785635640,1785635693,SCHEDULED,SCHEDULED,False
1785636090,MBTA|20260801|7046|SouthBase-793183-7046,MBTA,1785635640,SouthBase-793183-7046,7046,Fall River/New Bedford Line,Inbound,Church Street,1785636000,1785636064,1785636000,1785636064,SCHEDULED,SCHEDULED,False
1785637080,MBTA|20260801|7046|SouthBase-793183-7046,MBTA,1785635640,SouthBase-793183-7046,7046,Fall River/New Bedford Line,Inbound,East Taunton,1785637080,1785636956,1785637080,1785636956,SCHEDULED,SCHEDULED,False
1785637800,MBTA|20260801|7046|SouthBase-793183-7046,MBTA,1785635640,SouthBase-793183-7046,7046,Fall River/New Bedford Line,Inbound,Middleborough,1785637740,1785637758,1785637740,1785637758,SCHEDULED,SCHEDULED,False
1785638430,MBTA|20260801|7046|SouthBase-793183-7046,MBTA,1785635640,SouthBase-793183-7046,7046,Fall River/New Bedford Line,Inbound,Bridgewater,1785638340,1785638378,1785638340,1785638378,SCHEDULED,SCHEDULED,False
1785638850,MBTA|20260801|7046|SouthBase-793183-7046,MBTA,1785635640,SouthBase-793183-7046,7046,Fall River/New Bedford Line,Inbound,Campello,1785638760,1785638812,1785638760,1785638812,SCHEDULED,SCHEDULED,False
1785639000,MBTA|20260801|7046|SouthBase-793183-7046,MBTA,1785635640,SouthBase-793183-7046,7046,Fall River/New Bedford Line,Inbound,Brockton,1785639000,1785638968,1785639000,1785639018,SCHEDULED,SCHEDULED,False
1785639300,MBTA|20260801|7046|SouthBase-793183-7046,MBTA,1785635640,SouthBase-793183-7046,7046,Fall River/New Bedford Line,Inbound,Montello,1785639180,1785639264,1785639180,1785639264,SCHEDULED,SCHEDULED,False
1785639570,MBTA|20260801|7046|SouthBase-793183-7046,MBTA,1785635640,SouthBase-793183-7046,7046,Fall River/New Bedford Line,Inbound,Holbrook/Randolph,1785639480,1785639565,1785639480,1785639565,SCHEDULED,SCHEDULED,False
1785639960,MBTA|20260801|7046|SouthBase-793183-7046,MBTA,1785635640,SouthBase-793183-7046,7046,Fall River/New Bedford Line,Inbound,Braintree,1785639960,1785639874,1785639960,1785639874,SCHEDULED,SCHEDULED,False
1785640320,MBTA|20260801|7046|SouthBase-793183-7046,MBTA,1785635640,SouthBase-793183-7046,7046,Fall River/New Bedford Line,Inbound,Quincy Center,1785640320,1785640210,1785640320,1785640210,SCHEDULED,SCHEDULED,False
1785641400,MBTA|20260801|7046|SouthBase-793183-7046,MBTA,1785635640,SouthBase-793183-7046,7046,Fall River/New Bedford Line,Inbound,South Station,1785641460,1785641405,1785641460,,SCHEDULED,SCHEDULED,False
,MBTA|20260801|5785|SouthBase-830449-5785,MBTA,1785635700,SouthBase-830449-5785,5785,Franklin/Foxboro Line,Outbound,South Station,1785635700,1785635700,1785635700,1785635700,SCHEDULED,SCHEDULED,True
1785636330,MBTA|20260801|5785|SouthBase-830449-5785,MBTA,1785635700,SouthBase-830449-5785,5785,Franklin/Foxboro Line,Outbound,Newmarket,1785636180,1785636289,1785636180,1785636289,SCHEDULED,SCHEDULED,False
1785636450,MBTA|20260801|5785|SouthBase-830449-5785,MBTA,1785635700,SouthBase-830449-5785,5785,Franklin/Foxboro Line,Outbound,Uphams Corner,1785636300,1785636413,1785636300,1785636413,SCHEDULED,SCHEDULED,False
1785636630,MBTA|20260801|5785|SouthBase-830449-5785,MBTA,1785635700,SouthBase-830449-5785,5785,Franklin/Foxboro Line,Outbound,Four Corners/Geneva,1785636480,1785636605,1785636480,1785636605,SCHEDULED,SCHEDULED,False
1785636780,MBTA|20260801|5785|SouthBase-830449-5785,MBTA,1785635700,SouthBase-830449-5785,5785,Franklin/Foxboro Line,Outbound,Talbot Avenue,1785636660,1785636778,1785636660,1785636828,SCHEDULED,SCHEDULED,False
1785636990,MBTA|20260801|5785|SouthBase-830449-5785,MBTA,1785635700,SouthBase-830449-5785,5785,Franklin/Foxboro Line,Outbound,Morton Street,1785636840,1785636940,1785636840,1785636940,SCHEDULED,SCHEDULED,False
1785637140,MBTA|20260801|5785|SouthBase-830449-5785,MBTA,1785635700,SouthBase-830449-5785,5785,Franklin/Foxboro Line,Outbound,Blue Hill Avenue,1785636960,1785637095,1785636960,1785637095,SCHEDULED,SCHEDULED,False
1785637320,MBTA|20260801|5785|SouthBase-830449-5785,MBTA,1785635700,SouthBase-830449-5785,5785,Franklin/Foxboro Line,Outbound,Fairmount,1785637140,1785637302,1785637140,1785637302,SCHEDULED,SCHEDULED,False
1785637800,MBTA|20260801|5785|SouthBase-830449-5785,MBTA,1785635700,SouthBase-830449-5785,5785,Franklin/Foxboro Line,Outbound,Readville,1785637380,1785637777,1785637380,1785637777,SCHEDULED,SCHEDULED,False
1785638040,MBTA|20260801|5785|SouthBase-830449-5785,MBTA,1785635700,SouthBase-830449-5785,5785,Franklin/Foxboro Line,Outbound,Endicott,1785637620,1785637994,1785637620,1785637994,SCHEDULED,SCHEDULED,False
1785638190,MBTA|20260801|5785|SouthBase-830449-5785,MBTA,1785635700,SouthBase-830449-5785,5785,Franklin/Foxboro Line,Outbound,Dedham Corporate Center,1785637800,1785638149,1785637800,1785638149,SCHEDULED,SCHEDULED,False
1785638310,MBTA|20260801|5785|SouthBase-830449-5785,MBTA,1785635700,SouthBase-830449-5785,5785,Franklin/Foxboro Line,Outbound,Islington,1785637920,1785638273,1785637920,1785638273,SCHEDULED,SCHEDULED,False
1785638550,MBTA|20260801|5785|SouthBase-830449-5785,MBTA,1785635700,SouthBase-830449-5785,5785,Franklin/Foxboro Line,Outbound,Norwood Depot,1785638100,1785638521,1785638100,1785638521,SCHEDULED,SCHEDULED,False
1785638700,MBTA|20260801|5785|SouthBase-830449-5785,MBTA,1785635700,SouthBase-830449-5785,5785,Franklin/Foxboro Line,Outbound,Norwood Central,1785638220,1785638676,1785638220,1785638676,SCHEDULED,SCHEDULED,False
1785638910,MBTA|20260801|5785|SouthBase-830449-5785,MBTA,1785635700,SouthBase-830449-5785,5785,Franklin/Foxboro Line,Outbound,Windsor Gardens,1785638400,1785638862,1785638400,1785638862,SCHEDULED,SCHEDULED,False
1785639180,MBTA|20260801|5785|SouthBase-830449-5785,MBTA,1785635700,SouthBase-830449-5785,5785,Franklin/Foxboro Line,Outbound,Walpole,1785638640,1785639141,1785638640,1785639141,SCHEDULED,SCHEDULED,False
1785639450,MBTA|20260801|5785|SouthBase-830449-5785,MBTA,1785635700,SouthBase-830449-5785,5785,Franklin/Foxboro Line,Outbound,Norfolk,1785639060,1785639422,1785639060,1785639472,SCHEDULED,SCHEDULED,False
1785640110,MBTA|20260801|5785|SouthBase-830449-5785,MBTA,1785635700,SouthBase-830449-5785,5785,Franklin/Foxboro Line,Outbound,Franklin,1785639480,1785640071,1785639480,1785640071,SCHEDULED,SCHEDULED,False
1785640500,MBTA|20260801|5785|SouthBase-830449-5785,MBTA,1785635700,SouthBase-830449-5785,5785,Franklin/Foxboro Line,Outbound,Forge Park/495,1785640200,1785640506,1785640200,,SCHEDULED,SCHEDULED,False
,MBTA|20260801|5885|SouthBase-793104-5885,MBTA,1785635700,SouthBase-793104-5885,5885,Providence/Stoughton Line,Outbound,South Station,1785635700,1785635700,1785635700,1785635700,SCHEDULED,SCHEDULED,True
1785636300,MBTA|20260801|5885|SouthBase-793104-5885,MBTA,1785635700,SouthBase-793104-5885,5885,Providence/Stoughton Line,Outbound,Back Bay,1785636000,1785636142,1785636000,1785636192,SCHEDULED,SCHEDULED,False
1785636510,MBTA|20260801|5885|SouthBase-793104-5885,MBTA,1785635700,SouthBase-793104-5885,5885,Providence/Stoughton Line,Outbound,Ruggles,1785636180,1785636474,1785636180,1785636474,SCHEDULED,SCHEDULED,False
1785636900,MBTA|20260801|5885|SouthBase-793104-5885,MBTA,1785635700,SouthBase-793104-5885,5885,Providence/Stoughton Line,Outbound,Hyde Park,1785636660,1785636880,1785636660,1785636880,SCHEDULED,SCHEDULED,False
1785637140,MBTA|20260801|5885|SouthBase-793104-5885,MBTA,1785635700,SouthBase-793104-5885,5885,Providence/Stoughton Line,Outbound,Readville,1785636840,1785637121,1785636840,1785637121,SCHEDULED,SCHEDULED,False
1785637410,MBTA|20260801|5885|SouthBase-793104-5885,MBTA,1785635700,SouthBase-793104-5885,5885,Providence/Stoughton Line,Outbound,Route 128,1785637080,1785637391,1785637080,1785637391,SCHEDULED,SCHEDULED,False
1785637740,MBTA|20260801|5885|SouthBase-793104-5885,MBTA,1785635700,SouthBase-793104-5885,5885,Providence/Stoughton Line,Outbound,Canton Junction,1785637440,1785637720,1785637440,1785637720,SCHEDULED,SCHEDULED,False
1785638070,MBTA|20260801|5885|SouthBase-793104-5885,MBTA,1785635700,SouthBase-793104-5885,5885,Providence/Stoughton Line,Outbound,Sharon,1785637740,1785638050,1785637740,1785638050,SCHEDULED,SCHEDULED,False
1785638520,MBTA|20260801|5885|SouthBase-793104-5885,MBTA,1785635700,SouthBase-793104-5885,5885,Providence/Stoughton Line,Outbound,Mansfield,1785638220,1785638464,1785638220,1785638464,SCHEDULED,SCHEDULED,False
1785639060,MBTA|20260801|5885|SouthBase-793104-5885,MBTA,1785635700,SouthBase-793104-5885,5885,Providence/Stoughton Line,Outbound,Attleboro,1785638820,1785639035,1785638820,1785639035,SCHEDULED,SCHEDULED,False
1785639600,MBTA|20260801|5885|SouthBase-793104-5885,MBTA,1785635700,SouthBase-793104-5885,5885,Providence/Stoughton Line,Outbound,Pawtucket/Central Falls,1785639360,1785639580,1785639360,1785639580,SCHEDULED,SCHEDULED,False
1785639930,MBTA|20260801|5885|SouthBase-793104-5885,MBTA,1785635700,SouthBase-793104-5885,5885,Providence/Stoughton Line,Outbound,Providence,1785640080,1785639949,1785640080,,SCHEDULED,SCHEDULED,False
1785636090,MBTA|20260801|5384|NorthBase-825563-5384,MBTA,1785636000,NorthBase-825563-5384,5384,Lowell Line,Inbound,Lowell,1785636000,,1785636000,1785636060,SCHEDULED,SCHEDULED,False
1785636540,MBTA|20260801|5384|NorthBase-825563-5384,MBTA,1785636000,NorthBase-825563-5384,5384,Lowell Line,Inbound,North Billerica,1785636480,1785636518,1785636480,1785636518,SCHEDULED,SCHEDULED,False
1785636990,MBTA|20260801|5384|NorthBase-825563-5384,MBTA,1785636000,NorthBase-825563-5384,5384,Lowell Line,Inbound,Wilmington,1785636900,1785636995,1785636900,1785636995,SCHEDULED,SCHEDULED,False
1785637200,MBTA|20260801|5384|NorthBase-825563-5384,MBTA,1785636000,NorthBase-825563-5384,5384,Lowell Line,Inbound,Anderson/Woburn,1785637140,1785637169,1785637140,1785637169,SCHEDULED,SCHEDULED,False
1785637620,MBTA|20260801|5384|NorthBase-825563-5384,MBTA,1785636000,NorthBase-825563-5384,5384,Lowell Line,Inbound,Winchester Center,1785637560,1785637570,1785637560,1785637570,SCHEDULED,SCHEDULED,False
1785637740,MBTA|20260801|5384|NorthBase-825563-5384,MBTA,1785636000,NorthBase-825563-5384,5384,Lowell Line,Inbound,Wedgemere,1785637680,1785637696,1785637680,1785637696,SCHEDULED,SCHEDULED,False
1785637890,MBTA|20260801|5384|NorthBase-825563-5384,MBTA,1785636000,NorthBase-825563-5384,5384,Lowell Line,Inbound,West Medford,1785637860,1785637858,1785637860,1785637908,SCHEDULED,SCHEDULED,False
1785638520,MBTA|20260801|5384|NorthBase-825563-5384,MBTA,1785636000,NorthBase-825563-5384,5384,Lowell Line,Inbound,North Station,1785638700,1785638542,1785638700,,SCHEDULED,SCHEDULED,False
1785636180,MBTA|20260801|6094|SouthBase-793241-6094,MBTA,1785636120,SouthBase-793241-6094,6094,Greenbush Line,Inbound,Greenbush,1785636120,,1785636120,1785636164,SCHEDULED,SCHEDULED,False
1785636600,MBTA|20260801|6094|SouthBase-793241-6094,MBTA,1785636120,SouthBase-793241-6094,6094,Greenbush Line,Inbound,North Scituate,1785636540,1785636577,1785636540,1785636577,SCHEDULED,SCHEDULED,False
1785636990,MBTA|20260801|6094|SouthBase-793241-6094,MBTA,1785636120,SouthBase-793241-6094,6094,Greenbush Line,Inbound,Cohasset,1785636900,1785636971,1785636900,1785636971,SCHEDULED,SCHEDULED,False
1785637170,MBTA|20260801|6094|SouthBase-793241-6094,MBTA,1785636120,SouthBase-793241-6094,6094,Greenbush Line,Inbound,Nantasket Junction,1785637080,1785637161,1785637080,1785637161,SCHEDULED,SCHEDULED,False
1785637500,MBTA|20260801|6094|SouthBase-793241-6094,MBTA,1785636120,SouthBase-793241-6094,6094,Greenbush Line,Inbound,West Hingham,1785637380,1785637454,1785637380,1785637454,SCHEDULED,SCHEDULED,False
1785637650,MBTA|20260801|6094|SouthBase-793241-6094,MBTA,1785636120,SouthBase-793241-6094,6094,Greenbush Line,Inbound,East Weymouth,1785637560,1785637655,1785637560,1785637655,SCHEDULED,SCHEDULED,False
1785638010,MBTA|20260801|6094|SouthBase-793241-6094,MBTA,1785636120,SouthBase-793241-6094,6094,Greenbush Line,Inbound,Weymouth Landing/East Braintree,1785637860,1785637981,1785637860,1785637981,SCHEDULED,SCHEDULED,False
1785639210,MBTA|20260801|6094|SouthBase-793241-6094,MBTA,1785636120,SouthBase-793241-6094,6094,Greenbush Line,Inbound,Quincy Center,1785638400,1785639124,1785638400,1785639124,SCHEDULED,SCHEDULED,False
1785640110,MBTA|20260801|6094|SouthBase-793241-6094,MBTA,1785636120,SouthBase-793241-6094,6094,Greenbush Line,Inbound,South Station,1785639540,1785640110,1785639540,,SCHEDULED,SCHEDULED,False
,MBTA|20260801|6943|SouthBase-793167-6943,MBTA,1785636600,SouthBase-793167-6943,6943,Fall River/New Bedford Line,Outbound,South Station,1785636600,1785636600,1785636600,1785636600,SCHEDULED,SCHEDULED,True
1785637560,MBTA|20260801|6943|SouthBase-793167-6943,MBTA,1785636600,SouthBase-793167-6943,6943,Fall River/New Bedford Line,Outbound,Quincy Center,1785637500,1785637513,1785637500,1785637513,SCHEDULED,SCHEDULED,False
1785637920,MBTA|20260801|6943|SouthBase-793167-6943,MBTA,1785636600,SouthBase-793167-6943,6943,Fall River/New Bedford Line,Outbound,Braintree,1785637860,1785637885,1785637860,1785637885,SCHEDULED,SCHEDULED,False
1785638490,MBTA|20260801|6943|SouthBase-793167-6943,MBTA,1785636600,SouthBase-793167-6943,6943,Fall River/New Bedford Line,Outbound,Holbrook/Randolph,1785638400,1785638496,1785638400,1785638496,SCHEDULED,SCHEDULED,False
1785638850,MBTA|20260801|6943|SouthBase-793167-6943,MBTA,1785636600,SouthBase-793167-6943,6943,Fall River/New Bedford Line,Outbound,Montello,1785638760,1785638815,1785638760,1785638815,SCHEDULED,SCHEDULED,False
1785639090,MBTA|20260801|6943|SouthBase-793167-6943,MBTA,1785636600,SouthBase-793167-6943,6943,Fall River/New Bedford Line,Outbound,Brockton,1785639000,1785639063,1785639000,1785639063,SCHEDULED,SCHEDULED,False
1785639330,MBTA|20260801|6943|SouthBase-793167-6943,MBTA,1785636600,SouthBase-793167-6943,6943,Fall River/New Bedford Line,Outbound,Campello,1785639240,1785639280,1785639240,1785639280,SCHEDULED,SCHEDULED,False
1785639870,MBTA|20260801|6943|SouthBase-793167-6943,MBTA,1785636600,SouthBase-793167-6943,6943,Fall River/New Bedford Line,Outbound,Bridgewater,1785639720,1785639838,1785639720,1785639838,SCHEDULED,SCHEDULED,False
1785640560,MBTA|20260801|6943|SouthBase-793167-6943,MBTA,1785636600,SouthBase-793167-6943,6943,Fall River/New Bedford Line,Outbound,Middleborough,1785640440,1785640520,1785640440,1785640520,SCHEDULED,SCHEDULED,False
1785641220,MBTA|20260801|6943|SouthBase-793167-6943,MBTA,1785636600,SouthBase-793167-6943,6943,Fall River/New Bedford Line,Outbound,East Taunton,1785641100,1785641171,1785641100,1785641171,SCHEDULED,SCHEDULED,False
1785641790,MBTA|20260801|6943|SouthBase-793167-6943,MBTA,1785636600,SouthBase-793167-6943,6943,Fall River/New Bedford Line,Outbound,Freetown,1785641760,1785641784,1785641760,1785641784,SCHEDULED,SCHEDULED,False
1785642180,MBTA|20260801|6943|SouthBase-793167-6943,MBTA,1785636600,SouthBase-793167-6943,6943,Fall River/New Bedford Line,Outbound,Fall River Depot,1785642600,1785642197,1785642600,,SCHEDULED,SCHEDULED,False
,MBTA|20260801|5687|SouthBase-830376-5687,MBTA,1785636900,SouthBase-830376-5687,5687,Needham Line,Outbound,South Station,1785636900,1785636900,1785636900,1785636900,SCHEDULED,SCHEDULED,True
1785637410,MBTA|20260801|5687|SouthBase-830376-5687,MBTA,1785636900,SouthBase-830376-5687,5687,Needham Line,Outbound,Back Bay,1785637200,1785637344,1785637200,1785637394,SCHEDULED,SCHEDULED,False
1785637560,MBTA|20260801|5687|SouthBase-830376-5687,MBTA,1785636900,SouthBase-830376-5687,5687,Needham Line,Outbound,Ruggles,1785637380,1785637568,1785637380,1785637568,SCHEDULED,SCHEDULED,False
1785638010,MBTA|20260801|5687|SouthBase-830376-5687,MBTA,1785636900,SouthBase-830376-5687,5687,Needham Line,Outbound,Forest Hills,1785637680,1785637901,1785637680,1785637901,SCHEDULED,SCHEDULED,False
1785638130,MBTA|20260801|5687|SouthBase-830376-5687,MBTA,1785636900,SouthBase-830376-5687,5687,Needham Line,Outbound,Roslindale Village,1785637860,1785638146,1785637860,1785638146,SCHEDULED,SCHEDULED,False
1785638280,MBTA|20260801|5687|SouthBase-830376-5687,MBTA,1785636900,SouthBase-830376-5687,5687,Needham Line,Outbound,Bellevue,1785638040,1785638256,1785638040,1785638256,SCHEDULED,SCHEDULED,False
1785638400,MBTA|20260801|5687|SouthBase-830376-5687,MBTA,1785636900,SouthBase-830376-5687,5687,Needham Line,Outbound,Highland,1785638160,1785638381,1785638160,1785638381,SCHEDULED,SCHEDULED,False
1785638520,MBTA|20260801|5687|SouthBase-830376-5687,MBTA,1785636900,SouthBase-830376-5687,5687,Needham Line,Outbound,West Roxbury,1785638280,1785638496,1785638280,1785638496,SCHEDULED,SCHEDULED,False
1785638820,MBTA|20260801|5687|SouthBase-830376-5687,MBTA,1785636900,SouthBase-830376-5687,5687,Needham Line,Outbound,Hersey,1785638580,1785638796,1785638580,1785638796,SCHEDULED,SCHEDULED,False
1785639030,MBTA|20260801|5687|SouthBase-830376-5687,MBTA,1785636900,SouthBase-830376-5687,5687,Needham Line,Outbound,Needham Junction,1785638760,1785639006,1785638760,1785639006,SCHEDULED,SCHEDULED,False
1785639300,MBTA|20260801|5687|SouthBase-830376-5687,MBTA,1785636900,SouthBase-830376-5687,5687,Needham Line,Outbound,Needham Center,1785639000,1785639264,1785639000,1785639264,SCHEDULED,SCHEDULED,False
1785639450,MBTA|20260801|5687|SouthBase-830376-5687,MBTA,1785636900,SouthBase-830376-5687,5687,Needham Line,Outbound,Needham Heights,1785639300,1785639452,1785639300,,SCHEDULED,SCHEDULED,False
1785637290,MBTA|20260801|5187|NorthBase-825530-5187,MBTA,1785637200,NorthBase-825530-5187,5187,Newburyport/Rockport Line,Outbound,North Station,1785637200,,1785637200,1785637247,SCHEDULED,SCHEDULED,False
1785637920,MBTA|20260801|5187|NorthBase-825530-5187,MBTA,1785637200,NorthBase-825530-5187,5187,Newburyport/Rockport Line,Outbound,Chelsea,1785637860,1785637897,1785637860,1785637897,SCHEDULED,SCHEDULED,False
1785638640,MBTA|20260801|5187|NorthBase-825530-5187,MBTA,1785637200,NorthBase-825530-5187,5187,Newburyport/Rockport Line,Outbound,Lynn Interim,1785638520,1785638650,1785638520,1785638650,SCHEDULED,SCHEDULED,False
1785638850,MBTA|20260801|5187|NorthBase-825530-5187,MBTA,1785637200,NorthBase-825530-5187,5187,Newburyport/Rockport Line,Outbound,Swampscott,1785638760,1785638796,1785638760,1785638796,SCHEDULED,SCHEDULED,False
1785639270,MBTA|20260801|5187|NorthBase-825530-5187,MBTA,1785637200,NorthBase-825530-5187,5187,Newburyport/Rockport Line,Outbound,Salem,1785639120,1785639230,1785639120,1785639230,SCHEDULED,SCHEDULED,False
1785639510,MBTA|20260801|5187|NorthBase-825530-5187,MBTA,1785637200,NorthBase-825530-5187,5187,Newburyport/Rockport Line,Outbound,Beverly,1785639360,1785639478,1785639360,1785639478,SCHEDULED,SCHEDULED,False
1785639840,MBTA|20260801|5187|NorthBase-825530-5187,MBTA,1785637200,NorthBase-825530-5187,5187,Newburyport/Rockport Line,Outbound,North Beverly,1785639660,1785639796,1785639660,1785639796,SCHEDULED,SCHEDULED,False
1785640080,MBTA|20260801|5187|NorthBase-825530-5187,MBTA,1785637200,NorthBase-825530-5187,5187,Newburyport/Rockport Line,Outbound,Hamilton/Wenham,1785639900,1785640036,1785639900,1785640036,SCHEDULED,SCHEDULED,False
1785640500,MBTA|20260801|5187|NorthBase-825530-5187,MBTA,1785637200,NorthBase-825530-5187,5187,Newburyport/Rockport Line,Outbound,Ipswich,1785640260,1785640470,1785640260,1785640470,SCHEDULED,SCHEDULED,False
1785640860,MBTA|20260801|5187|NorthBase-825530-5187,MBTA,1785637200,NorthBase-825530-5187,5187,Newburyport/Rockport Line,Outbound,Rowley,1785640560,1785640824,1785640560,1785640824,SCHEDULED,SCHEDULED,False
1785641370,MBTA|20260801|5187|NorthBase-825530-5187,MBTA,1785637200,NorthBase-825530-5187,5187,Newburyport/Rockport Line,Outbound,Newburyport,1785641340,1785641251,1785641340,,SCHEDULED,SCHEDULED,False
,MBTA|20260801|5088|NorthBase-825512-5088,MBTA,1785637800,NorthBase-825512-5088,5088,Newburyport/Rockport Line,Inbound,Rockport,1785637800,1785637800,1785637800,1785637800,SCHEDULED,SCHEDULED,True
1785638580,MBTA|20260801|5088|NorthBase-825512-5088,MBTA,1785637800,NorthBase-825512-5088,5088,Newburyport/Rockport Line,Inbound,Gloucester,1785638280,1785638539,1785638280,1785638539,SCHEDULED,SCHEDULED,False
1785638820,MBTA|20260801|5088|NorthBase-825512-5088,MBTA,1785637800,NorthBase-825512-5088,5088,Newburyport/Rockport Line,Inbound,West Gloucester,1785638580,1785638801,1785638580,1785638801,SCHEDULED,SCHEDULED,False
1785639180,MBTA|20260801|5088|NorthBase-825512-5088,MBTA,1785637800,NorthBase-825512-5088,5088,Newburyport/Rockport Line,Inbound,Manchester,1785638940,1785639149,1785638940,1785639149,SCHEDULED,SCHEDULED,False
1785639450,MBTA|20260801|5088|NorthBase-825512-5088,MBTA,1785637800,NorthBase-825512-5088,5088,Newburyport/Rockport Line,Inbound,Beverly Farms,1785639240,1785639423,1785639240,1785639423,SCHEDULED,SCHEDULED,False
1785639780,MBTA|20260801|5088|NorthBase-825512-5088,MBTA,1785637800,NorthBase-825512-5088,5088,Newburyport/Rockport Line,Inbound,Montserrat,1785639600,1785639748,1785639600,1785639748,SCHEDULED,SCHEDULED,False
1785640020,MBTA|20260801|5088|NorthBase-825512-5088,MBTA,1785637800,NorthBase-825512-5088,5088,Newburyport/Rockport Line,Inbound,Beverly,1785639960,1785639996,1785639960,1785639996,SCHEDULED,SCHEDULED,False
1785640320,MBTA|20260801|5088|NorthBase-825512-5088,MBTA,1785637800,NorthBase-825512-5088,5088,Newburyport/Rockport Line,Inbound,Salem,1785640200,1785640275,1785640200,1785640275,SCHEDULED,SCHEDULED,False
1785640650,MBTA|20260801|5088|NorthBase-825512-5088,MBTA,1785637800,NorthBase-825512-5088,5088,Newburyport/Rockport Line,Inbound,Swampscott,1785640620,1785640620,1785640620,1785640620,SCHEDULED,SCHEDULED,False
1785640830,MBTA|20260801|5088|NorthBase-825512-5088,MBTA,1785637800,NorthBase-825512-5088,5088,Newburyport/Rockport Line,Inbound,Lynn Interim,1785640800,1785640802,1785640800,1785640802,SCHEDULED,SCHEDULED,False
1785641430,MBTA|20260801|5088|NorthBase-825512-5088,MBTA,1785637800,NorthBase-825512-5088,5088,Newburyport/Rockport Line,Inbound,Chelsea,1785641400,1785641396,1785641400,1785641446,SCHEDULED,SCHEDULED,False
1785642360,MBTA|20260801|5088|NorthBase-825512-5088,MBTA,1785637800,NorthBase-825512-5088,5088,Newburyport/Rockport Line,Inbound,North Station,1785642360,1785641977,1785642360,,SCHEDULED,SCHEDULED,False
,MBTA|20260801|6046|SouthBase-793123-6046,MBTA,1785638700,SouthBase-793123-6046,6046,Kingston Line,Inbound,Kingston,1785638700,1785638700,1785638700,1785638700,SCHEDULED,SCHEDULED,True
1785639300,MBTA|20260801|6046|SouthBase-793123-6046,MBTA,1785638700,SouthBase-793123-6046,6046,Kingston Line,Inbound,Halifax,1785639240,1785639254,1785639240,1785639254,SCHEDULED,SCHEDULED,False
1785639570,MBTA|20260801|6046|SouthBase-793123-6046,MBTA,1785638700,SouthBase-793123-6046,6046,Kingston Line,Inbound,Hanson,1785639540,1785639540,1785639540,1785639540,SCHEDULED,SCHEDULED,False
1785639900,MBTA|20260801|6046|SouthBase-793123-6046,MBTA,1785638700,SouthBase-793123-6046,6046,Kingston Line,Inbound,Whitman,1785639840,1785639874,1785639840,1785639874,SCHEDULED,SCHEDULED,False
1785640110,MBTA|20260801|6046|SouthBase-793123-6046,MBTA,1785638700,SouthBase-793123-6046,6046,Kingston Line,Inbound,Abington,1785640020,1785640059,1785640020,1785640059,SCHEDULED,SCHEDULED,False
1785640320,MBTA|20260801|6046|SouthBase-793123-6046,MBTA,1785638700,SouthBase-793123-6046,6046,Kingston Line,Inbound,South Weymouth,1785640320,1785640298,1785640320,1785640348,SCHEDULED,SCHEDULED,False
1785640920,MBTA|20260801|6046|SouthBase-793123-6046,MBTA,1785638700,SouthBase-793123-6046,6046,Kingston Line,Inbound,Braintree,1785640920,1785640769,1785640920,,SCHEDULED,SCHEDULED,False
,MBTA|20260801|6699|SouthBase-830430-6699,MBTA,1785639300,SouthBase-830430-6699,6699,Fairmount Line,Outbound,South Station,1785639300,1785639300,1785639300,1785639300,SCHEDULED,SCHEDULED,True
1785640560,MBTA|20260801|6699|SouthBase-830430-6699,MBTA,1785639300,SouthBase-830430-6699,6699,Fairmount Line,Outbound,Newmarket,1785639780,1785640611,1785639780,1785640661,SCHEDULED,SCHEDULED,False
1785640560,MBTA|20260801|6699|SouthBase-830430-6699,MBTA,1785639300,SouthBase-830430-6699,6699,Fairmount Line,Outbound,Uphams Corner,1785639900,1785640727,1785639900,1785640777,SCHEDULED,SCHEDULED,False
1785640650,MBTA|20260801|6699|SouthBase-830430-6699,MBTA,1785639300,SouthBase-830430-6699,6699,Fairmount Line,Outbound,Four Corners/Geneva,1785640080,1785640663,1785640080,1785640663,SCHEDULED,SCHEDULED,False
1785640800,MBTA|20260801|6699|SouthBase-830430-6699,MBTA,1785639300,SouthBase-830430-6699,6699,Fairmount Line,Outbound,Talbot Avenue,1785640260,1785640768,1785640260,1785640768,SCHEDULED,SCHEDULED,False
1785640950,MBTA|20260801|6699|SouthBase-830430-6699,MBTA,1785639300,SouthBase-830430-6699,6699,Fairmount Line,Outbound,Morton Street,1785640440,1785640923,1785640440,1785640923,SCHEDULED,SCHEDULED,False
1785641070,MBTA|20260801|6699|SouthBase-830430-6699,MBTA,1785639300,SouthBase-830430-6699,6699,Fairmount Line,Outbound,Blue Hill Avenue,1785640560,1785641057,1785640560,1785641057,SCHEDULED,SCHEDULED,False
1785641340,MBTA|20260801|6699|SouthBase-830430-6699,MBTA,1785639300,SouthBase-830430-6699,6699,Fairmount Line,Outbound,Fairmount,1785640740,1785641295,1785640740,1785641295,SCHEDULED,SCHEDULED,False
1785641460,MBTA|20260801|6699|SouthBase-830430-6699,MBTA,1785639300,SouthBase-830430-6699,6699,Fairmount Line,Outbound,Readville,1785641100,1785641466,1785641100,,SCHEDULED,SCHEDULED,False
1785640590,MBTA|20260801|5591|SouthBase-824334-5591,MBTA,1785640500,SouthBase-824334-5591,5591,Framingham/Worcester Line,Outbound,South Station,1785640500,,1785640500,1785640568,SCHEDULED,SCHEDULED,False
1785641010,MBTA|20260801|5591|SouthBase-824334-5591,MBTA,1785640500,SouthBase-824334-5591,5591,Framingham/Worcester Line,Outbound,Back Bay,1785640920,1785640983,1785640920,1785640983,SCHEDULED,SCHEDULED,False
1785641400,MBTA|20260801|5591|SouthBase-824334-5591,MBTA,1785640500,SouthBase-824334-5591,5591,Framingham/Worcester Line,Outbound,Lansdowne,1785641160,1785641355,1785641160,1785641355,SCHEDULED,SCHEDULED,False
1785641790,MBTA|20260801|5591|SouthBase-824334-5591,MBTA,1785640500,SouthBase-824334-5591,5591,Framingham/Worcester Line,Outbound,Boston Landing,1785641460,1785641789,1785641460,1785641789,SCHEDULED,SCHEDULED,False
1785642180,MBTA|20260801|5591|SouthBase-824334-5591,MBTA,1785640500,SouthBase-824334-5591,5591,Framingham/Worcester Line,Outbound,Newtonville,1785641820,1785642130,1785641820,1785642130,SCHEDULED,SCHEDULED,False
1785642330,MBTA|20260801|5591|SouthBase-824334-5591,MBTA,1785640500,SouthBase-824334-5591,5591,Framingham/Worcester Line,Outbound,West Newton,1785642000,1785642290,1785642000,1785642290,SCHEDULED,SCHEDULED,False
1785642540,MBTA|20260801|5591|SouthBase-824334-5591,MBTA,1785640500,SouthBase-824334-5591,5591,Framingham/Worcester Line,Outbound,Auburndale,1785642180,1785642502,1785642180,1785642502,SCHEDULED,SCHEDULED,False
1785642750,MBTA|20260801|5591|SouthBase-824334-5591,MBTA,1785640500,SouthBase-824334-5591,5591,Framingham/Worcester Line,Outbound,Wellesley Farms,1785642420,1785642725,1785642420,1785642725,SCHEDULED,SCHEDULED,False
1785642930,MBTA|20260801|5591|SouthBase-824334-5591,MBTA,1785640500,SouthBase-824334-5591,5591,Framingham/Worcester Line,Outbound,Wellesley Hills,1785642600,1785642905,1785642600,1785642905,SCHEDULED,SCHEDULED,False
1785643170,MBTA|20260801|5591|SouthBase-824334-5591,MBTA,1785640500,SouthBase-824334-5591,5591,Framingham/Worcester Line,Outbound,Wellesley Square,1785642840,1785643122,1785642840,1785643122,SCHEDULED,SCHEDULED,False
1785643170,MBTA|20260801|5591|SouthBase-824334-5591,MBTA,1785640500,SouthBase-824334-5591,5591,Framingham/Worcester Line,Outbound,Natick Center,1785643140,1785643330,1785643140,1785643380,SCHEDULED,SCHEDULED,False
1785643170,MBTA|20260801|5591|SouthBase-824334-5591,MBTA,1785640500,SouthBase-824334-5591,5591,Framingham/Worcester Line,Outbound,West Natick,1785643440,1785643560,1785643440,1785643610,SCHEDULED,SCHEDULED,False
1785643170,MBTA|20260801|5591|SouthBase-824334-5591,MBTA,1785640500,SouthBase-824334-5591,5591,Framingham/Worcester Line,Outbound,Framingham,1785643680,1785643795,1785643680,1785643845,SCHEDULED,SCHEDULED,False
1785643170,MBTA|20260801|5591|SouthBase-824334-5591,MBTA,1785640500,SouthBase-824334-5591,5591,Framingham/Worcester Line,Outbound,Ashland,1785644040,1785644145,1785644040,1785644195,SCHEDULED,SCHEDULED,False
1785643170,MBTA|20260801|5591|SouthBase-824334-5591,MBTA,1785640500,SouthBase-824334-5591,5591,Framingham/Worcester Line,Outbound,Southborough,1785644280,1785644364,1785644280,1785644414,SCHEDULED,SCHEDULED,False
1785643170,MBTA|20260801|5591|SouthBase-824334-5591,MBTA,1785640500,SouthBase-824334-5591,5591,Framingham/Worcester Line,Outbound,Westborough,1785644820,1785644828,1785644820,1785644878,SCHEDULED,SCHEDULED,False
1785643170,MBTA|20260801|5591|SouthBase-824334-5591,MBTA,1785640500,SouthBase-824334-5591,5591,Framingham/Worcester Line,Outbound,Grafton,1785645120,1785645063,1785645120,1785645120,SCHEDULED,SCHEDULED,False
1785643170,MBTA|20260801|5591|SouthBase-824334-5591,MBTA,1785640500,SouthBase-824334-5591,5591,Framingham/Worcester Line,Outbound,Worcester,1785646080,1785645948,1785646080,,SCHEDULED,SCHEDULED,False
,MBTA|20260801|5594|SouthBase-825445-5594,MBTA,1785641100,SouthBase-825445-5594,5594,Framingham/Worcester Line,Inbound,Worcester,1785641100,1785641100,1785641100,1785641100,SCHEDULED,SCHEDULED,True
1785641880,MBTA|20260801|5594|SouthBase-825445-5594,MBTA,1785641100,SouthBase-825445-5594,5594,Framingham/Worcester Line,Inbound,Grafton,1785641820,1785641860,1785641820,1785641860,SCHEDULED,SCHEDULED,False
1785642150,MBTA|20260801|5594|SouthBase-825445-5594,MBTA,1785641100,SouthBase-825445-5594,5594,Framingham/Worcester Line,Inbound,Westborough,1785642060,1785642130,1785642060,1785642130,SCHEDULED,SCHEDULED,False
1785642690,MBTA|20260801|5594|SouthBase-825445-5594,MBTA,1785641100,SouthBase-825445-5594,5594,Framingham/Worcester Line,Inbound,Southborough,1785642600,1785642671,1785642600,1785642671,SCHEDULED,SCHEDULED,False
1785642960,MBTA|20260801|5594|SouthBase-825445-5594,MBTA,1785641100,SouthBase-825445-5594,5594,Framingham/Worcester Line,Inbound,Ashland,1785642840,1785642940,1785642840,1785642940,SCHEDULED,SCHEDULED,False
1785643170,MBTA|20260801|5594|SouthBase-825445-5594,MBTA,1785641100,SouthBase-825445-5594,5594,Framingham/Worcester Line,Inbound,Framingham,1785643380,1785643394,1785643380,1785643444,SCHEDULED,SCHEDULED,False
1785643170,MBTA|20260801|5594|SouthBase-825445-5594,MBTA,1785641100,SouthBase-825445-5594,5594,Framingham/Worcester Line,Inbound,West Natick,1785643740,1785643691,1785643740,1785643741,SCHEDULED,SCHEDULED,False
1785643170,MBTA|20260801|5594|SouthBase-825445-5594,MBTA,1785641100,SouthBase-825445-5594,5594,Framingham/Worcester Line,Inbound,Natick Center,1785644040,1785643942,1785644040,1785644040,SCHEDULED,SCHEDULED,False
1785643170,MBTA|20260801|5594|SouthBase-825445-5594,MBTA,1785641100,SouthBase-825445-5594,5594,Framingham/Worcester Line,Inbound,Wellesley Square,1785644340,1785644272,1785644340,1785644340,SCHEDULED,SCHEDULED,False
1785643170,MBTA|20260801|5594|SouthBase-825445-5594,MBTA,1785641100,SouthBase-825445-5594,5594,Framingham/Worcester Line,Inbound,Wellesley Hills,1785644520,1785644465,1785644520,1785644520,SCHEDULED,SCHEDULED,False
1785643170,MBTA|20260801|5594|SouthBase-825445-5594,MBTA,1785641100,SouthBase-825445-5594,5594,Framingham/Worcester Line,Inbound,Wellesley Farms,1785644640,1785644659,1785644640,1785644709,SCHEDULED,SCHEDULED,False
1785643170,MBTA|20260801|5594|SouthBase-825445-5594,MBTA,1785641100,SouthBase-825445-5594,5594,Framingham/Worcester Line,Inbound,Auburndale,1785644880,1785644858,1785644880,1785644908,SCHEDULED,SCHEDULED,False
1785643170,MBTA|20260801|5594|SouthBase-825445-5594,MBTA,1785641100,SouthBase-825445-5594,5594,Framingham/Worcester Line,Inbound,West Newton,1785645060,1785645021,1785645060,1785645071,SCHEDULED,SCHEDULED,False
1785643170,MBTA|20260801|5594|SouthBase-825445-5594,MBTA,1785641100,SouthBase-825445-5594,5594,Framingham/Worcester Line,Inbound,Newtonville,1785645240,1785645189,1785645240,1785645240,SCHEDULED,SCHEDULED,False
1785643170,MBTA|20260801|5594|SouthBase-825445-5594,MBTA,1785641100,SouthBase-825445-5594,5594,Framingham/Worcester Line,Inbound,Boston Landing,1785645540,1785645505,1785645540,1785645555,SCHEDULED,SCHEDULED,False
1785643170,MBTA|20260801|5594|SouthBase-825445-5594,MBTA,1785641100,SouthBase-825445-5594,5594,Framingham/Worcester Line,Inbound,Lansdowne,1785645840,1785645783,1785645840,1785645840,SCHEDULED,SCHEDULED,False
1785643170,MBTA|20260801|5594|SouthBase-825445-5594,MBTA,1785641100,SouthBase-825445-5594,5594,Framingham/Worcester Line,Inbound,Back Bay,1785646320,1785646032,1785646320,1785646032,SCHEDULED,SCHEDULED,False
1785643170,MBTA|20260801|5594|SouthBase-825445-5594,MBTA,1785641100,SouthBase-825445-5594,5594,Framingham/Worcester Line,Inbound,South Station,1785646680,1785646400,1785646680,,SCHEDULED,SCHEDULED,False
,MBTA|20260801|5892|SouthBase-793105-5892,MBTA,1785641100,SouthBase-793105-5892,5892,Providence/Stoughton Line,Inbound,Providence,1785641100,1785641100,1785641100,1785641100,SCHEDULED,SCHEDULED,True
1785641670,MBTA|20260801|5892|SouthBase-793105-5892,MBTA,1785641100,SouthBase-793105-5892,5892,Providence/Stoughton Line,Inbound,Pawtucket/Central Falls,1785641460,1785641651,1785641460,1785641651,SCHEDULED,SCHEDULED,False
1785642420,MBTA|20260801|5892|SouthBase-793105-5892,MBTA,1785641100,SouthBase-793105-5892,5892,Providence/Stoughton Line,Inbound,Attleboro,1785642180,1785642401,1785642180,1785642401,SCHEDULED,SCHEDULED,False
1785642960,MBTA|20260801|5892|SouthBase-793105-5892,MBTA,1785641100,SouthBase-793105-5892,5892,Providence/Stoughton Line,Inbound,Mansfield,1785642780,1785642902,1785642780,1785642902,SCHEDULED,SCHEDULED,False
1785643170,MBTA|20260801|5892|SouthBase-793105-5892,MBTA,1785641100,SouthBase-793105-5892,5892,Providence/Stoughton Line,Inbound,Sharon,1785643320,1785643328,1785643320,1785643378,SCHEDULED,SCHEDULED,False
1785643170,MBTA|20260801|5892|SouthBase-793105-5892,MBTA,1785641100,SouthBase-793105-5892,5892,Providence/Stoughton Line,Inbound,Canton Junction,1785643620,1785643571,1785643620,1785643621,SCHEDULED,SCHEDULED,False
1785643170,MBTA|20260801|5892|SouthBase-793105-5892,MBTA,1785641100,SouthBase-793105-5892,5892,Providence/Stoughton Line,Inbound,Route 128,1785643980,1785643847,1785643980,1785643980,SCHEDULED,SCHEDULED,False
1785643170,MBTA|20260801|5892|SouthBase-793105-5892,MBTA,1785641100,SouthBase-793105-5892,5892,Providence/Stoughton Line,Inbound,Readville,1785644220,1785644157,1785644220,1785644220,SCHEDULED,SCHEDULED,False
1785643170,MBTA|20260801|5892|SouthBase-793105-5892,MBTA,1785641100,SouthBase-793105-5892,5892,Providence/Stoughton Line,Inbound,Hyde Park,1785644400,1785644362,1785644400,1785644412,SCHEDULED,SCHEDULED,False
1785643170,MBTA|20260801|5892|SouthBase-793105-5892,MBTA,1785641100,SouthBase-793105-5892,5892,Providence/Stoughton Line,Inbound,Ruggles,1785645060,1785644779,1785645060,1785644779,SCHEDULED,SCHEDULED,False
1785643170,MBTA|20260801|5892|SouthBase-793105-5892,MBTA,1785641100,SouthBase-793105-5892,5892,Providence/Stoughton Line,Inbound,Back Bay,1785645300,1785644976,1785645300,1785644976,SCHEDULED,SCHEDULED,False
1785643170,MBTA|20260801|5892|SouthBase-793105-5892,MBTA,1785641100,SouthBase-793105-5892,5892,Providence/Stoughton Line,Inbound,South Station,1785645600,1785645300,1785645600,,SCHEDULED,SCHEDULED,False
,MBTA|20260801|5792|SouthBase-830431-5792,MBTA,1785641220,SouthBase-830431-5792,5792,Franklin/Foxboro Line,Inbound,Forge Park/495,1785641220,1785641220,1785641220,1785641220,SCHEDULED,SCHEDULED,True
1785641730,MBTA|20260801|5792|SouthBase-830431-5792,MBTA,1785641220,SouthBase-830431-5792,5792,Franklin/Foxboro Line,Inbound,Franklin,1785641640,1785641685,1785641640,1785641685,SCHEDULED,SCHEDULED,False
1785642270,MBTA|20260801|5792|SouthBase-830431-5792,MBTA,1785641220,SouthBase-830431-5792,5792,Franklin/Foxboro Line,Inbound,Norfolk,1785642060,1785642281,1785642060,1785642281,SCHEDULED,SCHEDULED,False
1785642600,MBTA|20260801|5792|SouthBase-830431-5792,MBTA,1785641220,SouthBase-830431-5792,5792,Franklin/Foxboro Line,Inbound,Walpole,1785642480,1785642551,1785642480,1785642551,SCHEDULED,SCHEDULED,False
1785642810,MBTA|20260801|5792|SouthBase-830431-5792,MBTA,1785641220,SouthBase-830431-5792,5792,Franklin/Foxboro Line,Inbound,Windsor Gardens,1785642660,1785642799,1785642660,1785642799,SCHEDULED,SCHEDULED,False
1785642990,MBTA|20260801|5792|SouthBase-830431-5792,MBTA,1785641220,SouthBase-830431-5792,5792,Franklin/Foxboro Line,Inbound,Norwood Central,1785642900,1785642954,1785642900,1785642954,SCHEDULED,SCHEDULED,False
1785643080,MBTA|20260801|5792|SouthBase-830431-5792,MBTA,1785641220,SouthBase-830431-5792,5792,Franklin/Foxboro Line,Inbound,Norwood Depot,1785643020,1785643065,1785643020,1785643065,SCHEDULED,SCHEDULED,False
1785643170,MBTA|20260801|5792|SouthBase-830431-5792,MBTA,1785641220,SouthBase-830431-5792,5792,Franklin/Foxboro Line,Inbound,Islington,1785643200,1785643200,1785643200,1785643250,SCHEDULED,SCHEDULED,False
1785643170,MBTA|20260801|5792|SouthBase-830431-5792,MBTA,1785641220,SouthBase-830431-5792,5792,Franklin/Foxboro Line,Inbound,Dedham Corporate Center,1785643320,1785643327,1785643320,1785643377,SCHEDULED,SCHEDULED,False
1785643170,MBTA|20260801|5792|SouthBase-830431-5792,MBTA,1785641220,SouthBase-830431-5792,5792,Franklin/Foxboro Line,Inbound,Endicott,1785643500,1785643464,1785643500,1785643514,SCHEDULED,SCHEDULED,False
1785643170,MBTA|20260801|5792|SouthBase-830431-5792,MBTA,1785641220,SouthBase-830431-5792,5792,Franklin/Foxboro Line,Inbound,Readville,1785643800,1785643666,1785643800,,SCHEDULED,SCHEDULED,False
1785641490,MBTA|20260801|5291|NorthBase-825546-5291,MBTA,1785641400,NorthBase-825546-5291,5291,Haverhill Line,Outbound,North Station,1785641400,,1785641400,1785641450,SCHEDULED,SCHEDULED,False
1785642120,MBTA|20260801|5291|NorthBase-825546-5291,MBTA,1785641400,NorthBase-825546-5291,5291,Haverhill Line,Outbound,Malden Center,1785642060,1785642098,1785642060,1785642098,SCHEDULED,SCHEDULED,False
1785642270,MBTA|20260801|5291|NorthBase-825546-5291,MBTA,1785641400,NorthBase-825546-5291,5291,Haverhill Line,Outbound,Oak Grove,1785642180,1785642228,1785642180,1785642228,SCHEDULED,SCHEDULED,False
1785642540,MBTA|20260801|5291|NorthBase-825546-5291,MBTA,1785641400,NorthBase-825546-5291,5291,Haverhill Line,Outbound,Wyoming Hill,1785642300,1785642501,1785642300,1785642501,SCHEDULED,SCHEDULED,False
1785642660,MBTA|20260801|5291|NorthBase-825546-5291,MBTA,1785641400,NorthBase-825546-5291,5291,Haverhill Line,Outbound,Melrose/Cedar Park,1785642420,1785642625,1785642420,1785642625,SCHEDULED,SCHEDULED,False
1785642780,MBTA|20260801|5291|NorthBase-825546-5291,MBTA,1785641400,NorthBase-825546-5291,5291,Haverhill Line,Outbound,Melrose Highlands,1785642600,1785642749,1785642600,1785642749,SCHEDULED,SCHEDULED,False
1785642930,MBTA|20260801|5291|NorthBase-825546-5291,MBTA,1785641400,NorthBase-825546-5291,5291,Haverhill Line,Outbound,Greenwood,1785642780,1785642904,1785642780,1785642904,SCHEDULED,SCHEDULED,False
1785643170,MBTA|20260801|5291|NorthBase-825546-5291,MBTA,1785641400,NorthBase-825546-5291,5291,Haverhill Line,Outbound,Wakefield,1785643020,1785643138,1785643020,1785643138,SCHEDULED,SCHEDULED,False
1785643170,MBTA|20260801|5291|NorthBase-825546-5291,MBTA,1785641400,NorthBase-825546-5291,5291,Haverhill Line,Outbound,Reading,1785643380,1785643391,1785643380,1785643441,SCHEDULED,SCHEDULED,False
1785643170,MBTA|20260801|5291|NorthBase-825546-5291,MBTA,1785641400,NorthBase-825546-5291,5291,Haverhill Line,Outbound,North Wilmington,1785643740,1785643745,1785643740,1785643795,SCHEDULED,SCHEDULED,False
1785643170,MBTA|20260801|5291|NorthBase-825546-5291,MBTA,1785641400,NorthBase-825546-5291,5291,Haverhill Line,Outbound,Ballardvale,1785644160,1785644105,1785644160,1785644160,SCHEDULED,SCHEDULED,False
1785643170,MBTA|20260801|5291|NorthBase-825546-5291,MBTA,1785641400,NorthBase-825546-5291,5291,Haverhill Line,Outbound,Andover,1785644460,1785644348,1785644460,1785644460,SCHEDULED,SCHEDULED,False
1785643170,MBTA|20260801|5291|NorthBase-825546-5291,MBTA,1785641400,NorthBase-825546-5291,5291,Haverhill Line,Outbound,Lawrence,1785644880,1785644796,1785644880,1785644880,SCHEDULED,SCHEDULED,False
1785643170,MBTA|20260801|5291|NorthBase-825546-5291,MBTA,1785641400,NorthBase-825546-5291,5291,Haverhill Line,Outbound,Bradford,1785645360,1785645372,1785645360,1785645422,SCHEDULED,SCHEDULED,False
1785643170,MBTA|20260801|5291|NorthBase-825546-5291,MBTA,1785641400,NorthBase-825546-5291,5291,Haverhill Line,Outbound,Haverhill,1785645780,1785645525,1785645780,,SCHEDULED,SCHEDULED,False
1785642120,MBTA|20260801|5447|NorthBase-825580-5447,MBTA,1785642000,NorthBase-825580-5447,5447,Fitchburg Line,Outbound,North Station,1785642000,,1785642000,1785642108,SCHEDULED,SCHEDULED,False
1785642690,MBTA|20260801|5447|NorthBase-825580-5447,MBTA,1785642000,NorthBase-825580-5447,5447,Fitchburg Line,Outbound,Porter,1785642600,1785642658,1785642600,1785642658,SCHEDULED,SCHEDULED,False
1785642990,MBTA|20260801|5447|NorthBase-825580-5447,MBTA,1785642000,NorthBase-825580-5447,5447,Fitchburg Line,Outbound,Belmont,1785642900,1785642965,1785642900,1785642965,SCHEDULED,SCHEDULED,False
1785643170,MBTA|20260801|5447|NorthBase-825580-5447,MBTA,1785642000,NorthBase-825580-5447,5447,Fitchburg Line,Outbound,Waverley,1785643020,1785643120,1785643020,1785643120,SCHEDULED,SCHEDULED,False
1785643170,MBTA|20260801|5447|NorthBase-825580-5447,MBTA,1785642000,NorthBase-825580-5447,5447,Fitchburg Line,Outbound,Waltham,1785643320,1785643344,1785643320,1785643394,SCHEDULED,SCHEDULED,False
1785643170,MBTA|20260801|5447|NorthBase-825580-5447,MBTA,1785642000,NorthBase-825580-5447,5447,Fitchburg Line,Outbound,Brandeis/Roberts,1785643500,1785643517,1785643500,1785643567,SCHEDULED,SCHEDULED,False
1785643170,MBTA|20260801|5447|NorthBase-825580-5447,MBTA,1785642000,NorthBase-825580-5447,5447,Fitchburg Line,Outbound,Kendal Green,1785643740,1785643694,1785643740,1785643744,SCHEDULED,SCHEDULED,False
1785643170,MBTA|20260801|5447|NorthBase-825580-5447,MBTA,1785642000,NorthBase-825580-5447,5447,Fitchburg Line,Outbound,Lincoln,1785644040,1785644030,1785644040,1785644080,SCHEDULED,SCHEDULED,False
1785643170,MBTA|20260801|5447|NorthBase-825580-5447,MBTA,1785642000,NorthBase-825580-5447,5447,Fitchburg Line,Outbound,Concord,1785644340,1785644317,1785644340,1785644367,SCHEDULED,SCHEDULED,False
1785643170,MBTA|20260801|5447|NorthBase-825580-5447,MBTA,1785642000,NorthBase-825580-5447,5447,Fitchburg Line,Outbound,West Concord,1785644580,1785644526,1785644580,1785644580,SCHEDULED,SCHEDULED,False
1785643170,MBTA|20260801|5447|NorthBase-825580-5447,MBTA,1785642000,NorthBase-825580-5447,5447,Fitchburg Line,Outbound,South Acton,1785644880,1785644863,1785644880,1785644913,SCHEDULED,SCHEDULED,False
1785643170,MBTA|20260801|5447|NorthBase-825580-5447,MBTA,1785642000,NorthBase-825580-5447,5447,Fitchburg Line,Outbound,Littleton/Route 495,1785645300,1785645234,1785645300,1785645300,SCHEDULED,SCHEDULED,False
1785643170,MBTA|20260801|5447|NorthBase-825580-5447,MBTA,1785642000,NorthBase-825580-5447,5447,Fitchburg Line,Outbound,Ayer,1785645780,1785645743,1785645780,1785645793,SCHEDULED,SCHEDULED,False
1785643170,MBTA|20260801|5447|NorthBase-825580-5447,MBTA,1785642000,NorthBase-825580-5447,5447,Fitchburg Line,Outbound,Shirley,1785646080,1785646045,1785646080,1785646095,SCHEDULED,SCHEDULED,False
1785643170,MBTA|20260801|5447|NorthBase-825580-5447,MBTA,1785642000,NorthBase-825580-5447,5447,Fitchburg Line,Outbound,North Leominster,1785646620,1785646526,1785646620,1785646620,SCHEDULED,SCHEDULED,False
1785643170,MBTA|20260801|5447|NorthBase-825580-5447,MBTA,1785642000,NorthBase-825580-5447,5447,Fitchburg Line,Outbound,Fitchburg,1785647100,1785647036,1785647100,1785647100,SCHEDULED,SCHEDULED,False
1785643170,MBTA|20260801|5447|NorthBase-825580-5447,MBTA,1785642000,NorthBase-825580-5447,5447,Fitchburg Line,Outbound,Wachusett,1785647760,1785647690,1785647760,,SCHEDULED,SCHEDULED,False
,MBTA|20260801|6097|SouthBase-793237-6097,MBTA,1785642000,SouthBase-793237-6097,6097,Greenbush Line,Outbound,South Station,1785642000,1785642000,1785642000,1785642000,SCHEDULED,SCHEDULED,True
1785642990,MBTA|20260801|6097|SouthBase-793237-6097,MBTA,1785642000,SouthBase-793237-6097,6097,Greenbush Line,Outbound,Quincy Center,1785642900,1785642943,1785642900,1785642943,SCHEDULED,SCHEDULED,False
1785643170,MBTA|20260801|6097|SouthBase-793237-6097,MBTA,1785642000,SouthBase-793237-6097,6097,Greenbush Line,Outbound,Weymouth Landing/East Braintree,1785643440,1785643457,1785643440,1785643507,SCHEDULED,SCHEDULED,False
1785643170,MBTA|20260801|6097|SouthBase-793237-6097,MBTA,1785642000,SouthBase-793237-6097,6097,Greenbush Line,Outbound,East Weymouth,1785643740,1785643821,1785643740,1785643871,SCHEDULED,SCHEDULED,False
1785643170,MBTA|20260801|6097|SouthBase-793237-6097,MBTA,1785642000,SouthBase-793237-6097,6097,Greenbush Line,Outbound,West Hingham,1785643920,1785644013,1785643920,1785644063,SCHEDULED,SCHEDULED,False
1785643170,MBTA|20260801|6097|SouthBase-793237-6097,MBTA,1785642000,SouthBase-793237-6097,6097,Greenbush Line,Outbound,Nantasket Junction,1785644220,1785644282,1785644220,1785644332,SCHEDULED,SCHEDULED,False
1785643170,MBTA|20260801|6097|SouthBase-793237-6097,MBTA,1785642000,SouthBase-793237-6097,6097,Greenbush Line,Outbound,Cohasset,1785644400,1785644461,1785644400,1785644511,SCHEDULED,SCHEDULED,False
1785643170,MBTA|20260801|6097|SouthBase-793237-6097,MBTA,1785642000,SouthBase-793237-6097,6097,Greenbush Line,Outbound,North Scituate,1785644820,1785644975,1785644820,1785645025,SCHEDULED,SCHEDULED,False
1785643170,MBTA|20260801|6097|SouthBase-793237-6097,MBTA,1785642000,SouthBase-793237-6097,6097,Greenbush Line,Outbound,Greenbush,1785645420,1785645466,1785645420,,SCHEDULED,SCHEDULED,False
,MBTA|20260801|5393|NorthBase-825564-5393,MBTA,1785642300,NorthBase-825564-5393,5393,Lowell Line,Outbound,North Station,1785642300,1785642300,1785642300,1785642300,SCHEDULED,SCHEDULED,True
1785643170,MBTA|20260801|5393|NorthBase-825564-5393,MBTA,1785642300,NorthBase-825564-5393,5393,Lowell Line,Outbound,West Medford,1785642960,1785643470,1785642960,1785643520,SCHEDULED,SCHEDULED,False
1785643170,MBTA|20260801|5393|NorthBase-825564-5393,MBTA,1785642300,NorthBase-825564-5393,5393,Lowell Line,Outbound,Wedgemere,1785643140,1785643673,1785643140,1785643723,SCHEDULED,SCHEDULED,False
1785643170,MBTA|20260801|5393|NorthBase-825564-5393,MBTA,1785642300,NorthBase-825564-5393,5393,Lowell Line,Outbound,Winchester Center,1785643260,1785643772,1785643260,1785643822,SCHEDULED,SCHEDULED,False
1785643170,MBTA|20260801|5393|NorthBase-825564-5393,MBTA,1785642300,NorthBase-825564-5393,5393,Lowell Line,Outbound,Anderson/Woburn,1785643680,1785644106,1785643680,1785644156,SCHEDULED,SCHEDULED,False
1785643170,MBTA|20260801|5393|NorthBase-825564-5393,MBTA,1785642300,NorthBase-825564-5393,5393,Lowell Line,Outbound,Wilmington,1785643860,1785644366,1785643860,1785644416,SCHEDULED,SCHEDULED,False
1785643170,MBTA|20260801|5393|NorthBase-825564-5393,MBTA,1785642300,NorthBase-825564-5393,5393,Lowell Line,Outbound,North Billerica,1785644400,1785644784,1785644400,1785644834,SCHEDULED,SCHEDULED,False
1785643170,MBTA|20260801|5393|NorthBase-825564-5393,MBTA,1785642300,NorthBase-825564-5393,5393,Lowell Line,Outbound,Lowell,1785645120,1785645376,1785645120,,SCHEDULED,SCHEDULED,False
,MBTA|20260801|5093|NorthBase-825513-5093,MBTA,1785642600,NorthBase-825513-5093,5093,Newburyport/Rockport Line,Outbound,North Station,1785642600,1785642600,1785642600,1785642600,SCHEDULED,SCHEDULED,True
1785643170,MBTA|20260801|5093|NorthBase-825513-5093,MBTA,1785642600,NorthBase-825513-5093,5093,Newburyport/Rockport Line,Outbound,Chelsea,1785643260,1785643325,1785643260,1785643375,SCHEDULED,SCHEDULED,False
1785643170,MBTA|20260801|5093|NorthBase-825513-5093,MBTA,1785642600,NorthBase-825513-5093,5093,Newburyport/Rockport Line,Outbound,Lynn Interim,1785643920,1785644035,1785643920,1785644085,SCHEDULED,SCHEDULED,False
1785643170,MBTA|20260801|5093|NorthBase-825513-5093,MBTA,1785642600,NorthBase-825513-5093,5093,Newburyport/Rockport Line,Outbound,Swampscott,1785644160,1785644180,1785644160,1785644230,SCHEDULED,SCHEDULED,False
1785643170,MBTA|20260801|5093|NorthBase-825513-5093,MBTA,1785642600,NorthBase-825513-5093,5093,Newburyport/Rockport Line,Outbound,Salem,1785644520,1785644587,1785644520,1785644637,SCHEDULED,SCHEDULED,False
1785643170,MBTA|20260801|5093|NorthBase-825513-5093,MBTA,1785642600,NorthBase-825513-5093,5093,Newburyport/Rockport Line,Outbound,Beverly,1785644760,1785644793,1785644760,1785644843,SCHEDULED,SCHEDULED,False
1785643170,MBTA|20260801|5093|NorthBase-825513-5093,MBTA,1785642600,NorthBase-825513-5093,5093,Newburyport/Rockport Line,Outbound,Montserrat,1785645000,1785645023,1785645000,1785645073,SCHEDULED,SCHEDULED,False
1785643170,MBTA|20260801|5093|NorthBase-825513-5093,MBTA,1785642600,NorthBase-825513-5093,5093,Newburyport/Rockport Line,Outbound,Beverly Farms,1785645300,1785645290,1785645300,1785645340,SCHEDULED,SCHEDULED,False
1785643170,MBTA|20260801|5093|NorthBase-825513-5093,MBTA,1785642600,NorthBase-825513-5093,5093,Newburyport/Rockport Line,Outbound,Manchester,1785645660,1785645602,1785645660,1785645660,SCHEDULED,SCHEDULED,False
1785643170,MBTA|20260801|5093|NorthBase-825513-5093,MBTA,1785642600,NorthBase-825513-5093,5093,Newburyport/Rockport Line,Outbound,West Gloucester,1785646020,1785645983,1785646020,1785646033,SCHEDULED,SCHEDULED,False
1785643170,MBTA|20260801|5093|NorthBase-825513-5093,MBTA,1785642600,NorthBase-825513-5093,5093,Newburyport/Rockport Line,Outbound,Gloucester,1785646380,1785646289,1785646380,1785646380,SCHEDULED,SCHEDULED,False
1785643170,MBTA|20260801|5093|NorthBase-825513-5093,MBTA,1785642600,NorthBase-825513-5093,5093,Newburyport/Rockport Line,Outbound,Rockport,1785647100,1785646971,1785647100,,SCHEDULED,SCHEDULED,False
1785642690,MBTA|20260801|7047|SouthBase-793184-7047,MBTA,1785642600,SouthBase-793184-7047,7047,Fall River/New Bedford Line,Outbound,South Station,1785642600,,1785642600,1785642683,SCHEDULED,SCHEDULED,False
1785643170,MBTA|20260801|7047|SouthBase-793184-7047,MBTA,1785642600,SouthBase-793184-7047,7047,Fall River/New Bedford Line,Outbound,Quincy Center,1785643500,1785643492,1785643500,1785643542,SCHEDULED,SCHEDULED,False
1785643170,MBTA|20260801|7047|SouthBase-793184-7047,MBTA,1785642600,SouthBase-793184-7047,7047,Fall River/New Bedford Line,Outbound,Braintree,1785643860,1785643813,1785643860,1785643863,SCHEDULED,SCHEDULED,False
1785643170,MBTA|20260801|7047|SouthBase-793184-7047,MBTA,1785642600,SouthBase-793184-7047,7047,Fall River/New Bedford Line,Outbound,Holbrook/Randolph,1785644400,1785644418,1785644400,1785644468,SCHEDULED,SCHEDULED,False
1785643170,MBTA|20260801|7047|SouthBase-793184-7047,MBTA,1785642600,SouthBase-793184-7047,7047,Fall River/New Bedford Line,Outbound,Montello,1785644760,1785644688,1785644760,1785644760,SCHEDULED,SCHEDULED,False
1785643170,MBTA|20260801|7047|SouthBase-793184-7047,MBTA,1785642600,SouthBase-793184-7047,7047,Fall River/New Bedford Line,Outbound,Brockton,1785645000,1785644962,1785645000,1785645012,SCHEDULED,SCHEDULED,False
1785643170,MBTA|20260801|7047|SouthBase-793184-7047,MBTA,1785642600,SouthBase-793184-7047,7047,Fall River/New Bedford Line,Outbound,Campello,1785645240,1785645149,1785645240,1785645240,SCHEDULED,SCHEDULED,False
1785643170,MBTA|20260801|7047|SouthBase-793184-7047,MBTA,1785642600,SouthBase-793184-7047,7047,Fall River/New Bedford Line,Outbound,Bridgewater,1785645720,1785645673,1785645720,1785645723,SCHEDULED,SCHEDULED,False
1785643170,MBTA|20260801|7047|SouthBase-793184-7047,MBTA,1785642600,SouthBase-793184-7047,7047,Fall River/New Bedford Line,Outbound,Middleborough,1785646440,1785646382,1785646440,1785646440,SCHEDULED,SCHEDULED,False
1785643170,MBTA|20260801|7047|SouthBase-793184-7047,MBTA,1785642600,SouthBase-793184-7047,7047,Fall River/New Bedford Line,Outbound,East Taunton,1785647100,1785647082,1785647100,1785647132,SCHEDULED,SCHEDULED,False
1785643170,MBTA|20260801|7047|SouthBase-793184-7047,MBTA,1785642600,SouthBase-793184-7047,7047,Fall River/New Bedford Line,Outbound,Church Street,1785648000,1785647946,1785648000,1785648000,SCHEDULED,SCHEDULED,False
1785643170,MBTA|20260801|7047|SouthBase-793184-7047,MBTA,1785642600,SouthBase-793184-7047,7047,Fall River/New Bedford Line,Outbound,New Bedford,1785648600,1785648340,1785648600,,SCHEDULED,SCHEDULED,False
,MBTA|20260801|5793|SouthBase-830429-5793,MBTA,1785642900,SouthBase-830429-5793,5793,Franklin/Foxboro Line,Outbound,South Station,1785642900,1785642900,1785642900,1785642900,SCHEDULED,SCHEDULED,True
1785643170,MBTA|20260801|5793|SouthBase-830429-5793,MBTA,1785642900,SouthBase-830429-5793,5793,Franklin/Foxboro Line,Outbound,Newmarket,1785643380,1785643439,1785643380,1785643489,SCHEDULED,SCHEDULED,False
1785643170,MBTA|20260801|5793|SouthBase-830429-5793,MBTA,1785642900,SouthBase-830429-5793,5793,Franklin/Foxboro Line,Outbound,Uphams Corner,1785643500,1785643564,1785643500,1785643614,SCHEDULED,SCHEDULED,False
1785643170,MBTA|20260801|5793|SouthBase-830429-5793,MBTA,1785642900,SouthBase-830429-5793,5793,Franklin/Foxboro Line,Outbound,Four Corners/Geneva,1785643680,1785643730,1785643680,1785643780,SCHEDULED,SCHEDULED,False
1785643170,MBTA|20260801|5793|SouthBase-830429-5793,MBTA,1785642900,SouthBase-830429-5793,5793,Franklin/Foxboro Line,Outbound,Talbot Avenue,1785643860,1785643933,1785643860,1785643983,SCHEDULED,SCHEDULED,False
1785643170,MBTA|20260801|5793|SouthBase-830429-5793,MBTA,1785642900,SouthBase-830429-5793,5793,Franklin/Foxboro Line,Outbound,Morton Street,1785644040,1785644068,1785644040,1785644118,SCHEDULED,SCHEDULED,False
1785643170,MBTA|20260801|5793|SouthBase-830429-5793,MBTA,1785642900,SouthBase-830429-5793,5793,Franklin/Foxboro Line,Outbound,Blue Hill Avenue,1785644160,1785644201,1785644160,1785644251,SCHEDULED,SCHEDULED,False
1785643170,MBTA|20260801|5793|SouthBase-830429-5793,MBTA,1785642900,SouthBase-830429-5793,5793,Franklin/Foxboro Line,Outbound,Fairmount,1785644340,1785644424,1785644340,1785644474,SCHEDULED,SCHEDULED,False
1785643170,MBTA|20260801|5793|SouthBase-830429-5793,MBTA,1785642900,SouthBase-830429-5793,5793,Franklin/Foxboro Line,Outbound,Readville,1785644580,1785644623,1785644580,1785644673,SCHEDULED,SCHEDULED,False
1785643170,MBTA|20260801|5793|SouthBase-830429-5793,MBTA,1785642900,SouthBase-830429-5793,5793,Franklin/Foxboro Line,Outbound,Endicott,1785644820,1785644825,1785644820,1785644875,SCHEDULED,SCHEDULED,False
1785643170,MBTA|20260801|5793|SouthBase-830429-5793,MBTA,1785642900,SouthBase-830429-5793,5793,Franklin/Foxboro Line,Outbound,Dedham Corporate Center,1785645000,1785644949,1785645000,1785645000,SCHEDULED,SCHEDULED,False
1785643170,MBTA|20260801|5793|SouthBase-830429-5793,MBTA,1785642900,SouthBase-830429-5793,5793,Franklin/Foxboro Line,Outbound,Islington,1785645120,1785645128,1785645120,1785645178,SCHEDULED,SCHEDULED,False
1785643170,MBTA|20260801|5793|SouthBase-830429-5793,MBTA,1785642900,SouthBase-830429-5793,5793,Franklin/Foxboro Line,Outbound,Norwood Depot,1785645300,1785645338,1785645300,1785645388,SCHEDULED,SCHEDULED,False
1785643170,MBTA|20260801|5793|SouthBase-830429-5793,MBTA,1785642900,SouthBase-830429-5793,5793,Franklin/Foxboro Line,Outbound,Norwood Central,1785645420,1785645444,1785645420,1785645494,SCHEDULED,SCHEDULED,False
1785643170,MBTA|20260801|5793|SouthBase-830429-5793,MBTA,1785642900,SouthBase-830429-5793,5793,Franklin/Foxboro Line,Outbound,Windsor Gardens,1785645600,1785645629,1785645600,1785645679,SCHEDULED,SCHEDULED,False
1785643170,MBTA|20260801|5793|SouthBase-830429-5793,MBTA,1785642900,SouthBase-830429-5793,5793,Franklin/Foxboro Line,Outbound,Walpole,1785645840,1785645883,1785645840,1785645933,SCHEDULED,SCHEDULED,False
1785643170,MBTA|20260801|5793|SouthBase-830429-5793,MBTA,1785642900,SouthBase-830429-5793,5793,Franklin/Foxboro Line,Outbound,Norfolk,1785646260,1785646195,1785646260,1785646260,SCHEDULED,SCHEDULED,False
1785643170,MBTA|20260801|5793|SouthBase-830429-5793,MBTA,1785642900,SouthBase-830429-5793,5793,Franklin/Foxboro Line,Outbound,Franklin,1785646680,1785646764,1785646680,1785646814,SCHEDULED,SCHEDULED,False
1785643170,MBTA|20260801|5793|SouthBase-830429-5793,MBTA,1785642900,SouthBase-830429-5793,5793,Franklin/Foxboro Line,Outbound,Forge Park/495,1785647400,1785647202,1785647400,,SCHEDULED,SCHEDULED,False
1785643110,MBTA|20260801|5893|SouthBase-793106-5893,MBTA,1785642900,SouthBase-793106-5893,5893,Providence/Stoughton Line,Outbound,South Station,1785642900,,1785642900,1785643081,SCHEDULED,SCHEDULED,False
1785643170,MBTA|20260801|5893|SouthBase-793106-5893,MBTA,1785642900,SouthBase-793106-5893,5893,Providence/Stoughton Line,Outbound,Back Bay,1785643200,1785643367,1785643200,1785643417,SCHEDULED,SCHEDULED,False
1785643170,MBTA|20260801|5893|SouthBase-793106-5893,MBTA,1785642900,SouthBase-793106-5893,5893,Providence/Stoughton Line,Outbound,Ruggles,1785643380,1785643535,1785643380,1785643585,SCHEDULED,SCHEDULED,False
1785643170,MBTA|20260801|5893|SouthBase-793106-5893,MBTA,1785642900,SouthBase-793106-5893,5893,Providence/Stoughton Line,Outbound,Hyde Park,1785643860,1785643931,1785643860,1785643981,SCHEDULED,SCHEDULED,False
1785643170,MBTA|20260801|5893|SouthBase-793106-5893,MBTA,1785642900,SouthBase-793106-5893,5893,Providence/Stoughton Line,Outbound,Readville,1785644040,1785644096,1785644040,1785644146,SCHEDULED,SCHEDULED,False
1785643170,MBTA|20260801|5893|SouthBase-793106-5893,MBTA,1785642900,SouthBase-793106-5893,5893,Providence/Stoughton Line,Outbound,Route 128,1785644280,1785644309,1785644280,1785644359,SCHEDULED,SCHEDULED,False
1785643170,MBTA|20260801|5893|SouthBase-793106-5893,MBTA,1785642900,SouthBase-793106-5893,5893,Providence/Stoughton Line,Outbound,Canton Junction,1785644640,1785644594,1785644640,1785644644,SCHEDULED,SCHEDULED,False
1785643170,MBTA|20260801|5893|SouthBase-793106-5893,MBTA,1785642900,SouthBase-793106-5893,5893,Providence/Stoughton Line,Outbound,Sharon,1785644940,1785644943,1785644940,1785644993,SCHEDULED,SCHEDULED,False
1785643170,MBTA|20260801|5893|SouthBase-793106-5893,MBTA,1785642900,SouthBase-793106-5893,5893,Providence/Stoughton Line,Outbound,Mansfield,1785645420,1785645371,1785645420,1785645421,SCHEDULED,SCHEDULED,False
1785643170,MBTA|20260801|5893|SouthBase-793106-5893,MBTA,1785642900,SouthBase-793106-5893,5893,Providence/Stoughton Line,Outbound,Attleboro,1785646020,1785645870,1785646020,1785646020,SCHEDULED,SCHEDULED,False
1785643170,MBTA|20260801|5893|SouthBase-793106-5893,MBTA,1785642900,SouthBase-793106-5893,5893,Providence/Stoughton Line,Outbound,Pawtucket/Central Falls,1785646560,1785646575,1785646560,1785646625,SCHEDULED,SCHEDULED,False
1785643170,MBTA|20260801|5893|SouthBase-793106-5893,MBTA,1785642900,SouthBase-793106-5893,5893,Providence/Stoughton Line,Outbound,Providence,1785647280,1785646938,1785647280,,SCHEDULED,SCHEDULED,False
